Bill No,Transaction Date,Menu Item,Item Category,Guest ID,Bill Amount,Qty,Outlet
B00000,2023-10-30 22:00:00,Tea,Beverage,G0160,248.58,3,Koramangala
B00001,2023-02-05 20:00:00,Tea,Beverage,G0046,225.77,3,Koramangala
B00002,2023-08-13 14:00:00,Sandwich,Food,G0372,266.63,2,MG Road
B00003,2023-08-05 07:00:00,Sandwich,Beverage,G0112,173.83,1,Koramangala
B00004,2024-05-13 12:00:00,Espresso,Beverage,G0045,183.27,1,Koramangala
B00005,2024-04-15 04:00:00,Croissant,Beverage,G0247,530.69,2,MG Road
B00006,2023-08-27 22:00:00,Cold Brew,Food,G0104,299.3,1,Koramangala
B00007,2023-09-19 01:00:00,Latte,Beverage,G0085,328.52,2,Indiranagar
B00008,2023-01-20 10:00:00,Tea,Beverage,G0134,418.61,3,Koramangala
B00009,2023-07-04 10:00:00,Muffin,Food,G0108,416.1,2,MG Road
B00010,2023-08-21 10:00:00,Croissant,Beverage,G0018,118.4,1,Indiranagar
B00011,2024-04-29 20:00:00,Muffin,Beverage,G0094,553.98,2,Indiranagar
B00012,2024-04-18 11:00:00,Espresso,Food,G0150,181.08,3,Koramangala
B00013,2024-04-07 23:00:00,Espresso,Food,G0246,492.15,1,Indiranagar
B00014,2023-12-13 18:00:00,Espresso,Food,G0289,520.42,3,MG Road
B00015,2023-03-12 05:00:00,Cappuccino,Food,G0209,487.49,3,Indiranagar
B00016,2023-02-02 01:00:00,Muffin,Beverage,G0126,410.02,2,Koramangala
B00017,2024-03-16 23:00:00,Croissant,Beverage,G0235,88.33,3,Koramangala
B00018,2023-10-17 13:00:00,Cold Brew,Food,G0122,285.41,1,Indiranagar
B00019,2023-04-12 09:00:00,Croissant,Food,G0138,424.76,3,MG Road
B00020,2023-08-10 07:00:00,Sandwich,Beverage,G0115,300.85,3,MG Road
B00021,2023-07-30 11:00:00,Sandwich,Food,G0162,572.18,2,Koramangala
B00022,2023-09-25 12:00:00,Tea,Beverage,G0201,256.02,3,Koramangala
B00023,2023-02-19 08:00:00,Cold Brew,Food,G0234,247.31,2,MG Road
B00024,2023-07-09 19:00:00,Sandwich,Beverage,G0028,231.62,2,Indiranagar
B00025,2023-05-22 01:00:00,Espresso,Food,G0011,269.69,1,Indiranagar
B00026,2024-05-27 21:00:00,Croissant,Food,G0206,397.72,1,Indiranagar
B00027,2023-09-24 12:00:00,Muffin,Beverage,G0167,483.0,1,Indiranagar
B00028,2024-06-27 03:00:00,Espresso,Food,G0247,457.66,1,MG Road
B00029,2024-04-07 08:00:00,Cappuccino,Beverage,G0047,540.4,2,Koramangala
B00030,2023-12-28 02:00:00,Sandwich,Beverage,G0246,584.97,3,Koramangala
B00031,2024-01-22 10:00:00,Espresso,Beverage,G0127,545.17,1,Indiranagar
B00032,2023-04-17 14:00:00,Espresso,Beverage,G0147,90.8,1,MG Road
B00033,2023-11-24 01:00:00,Cappuccino,Beverage,G0118,499.47,1,MG Road
B00034,2023-03-27 07:00:00,Latte,Food,G0399,198.79,3,Indiranagar
B00035,2023-04-25 11:00:00,Croissant,Food,G0382,155.77,1,Indiranagar
B00036,2024-01-17 23:00:00,Muffin,Beverage,G0152,443.94,3,Indiranagar
B00037,2024-02-21 14:00:00,Tea,Food,G0072,262.25,2,Koramangala
B00038,2023-01-08 21:00:00,Latte,Beverage,G0363,112.56,2,Indiranagar
B00039,2023-04-24 22:00:00,Sandwich,Food,G0137,158.45,2,Koramangala
B00040,2023-05-06 05:00:00,Espresso,Food,G0175,80.53,3,MG Road
B00041,2023-07-14 02:00:00,Cold Brew,Food,G0289,594.84,1,MG Road
B00042,2023-03-21 03:00:00,Cappuccino,Food,G0019,94.03,1,Koramangala
B00043,2023-11-19 06:00:00,Cappuccino,Beverage,G0195,199.39,1,Koramangala
B00044,2023-02-22 19:00:00,Cold Brew,Beverage,G0330,317.27,1,Koramangala
B00045,2023-03-05 16:00:00,Croissant,Food,G0175,283.25,1,Koramangala
B00046,2024-04-19 18:00:00,Latte,Food,G0354,599.68,3,Indiranagar
B00047,2023-05-29 04:00:00,Tea,Beverage,G0141,102.96,2,MG Road
B00048,2023-06-12 02:00:00,Croissant,Food,G0246,371.96,1,Indiranagar
B00049,2024-01-04 06:00:00,Cold Brew,Beverage,G0385,467.87,2,Koramangala
B00050,2024-04-06 16:00:00,Espresso,Beverage,G0093,611.07,3,Indiranagar
B00051,2023-08-13 17:00:00,Cold Brew,Beverage,G0239,433.61,3,Indiranagar
B00052,2024-03-18 19:00:00,Croissant,Food,G0205,538.14,1,MG Road
B00053,2024-01-02 08:00:00,Muffin,Beverage,G0048,127.72,3,Indiranagar
B00054,2024-03-15 19:00:00,Cappuccino,Food,G0245,299.99,2,MG Road
B00055,2024-03-03 05:00:00,Cappuccino,Beverage,G0320,293.15,1,Koramangala
B00056,2023-12-18 09:00:00,Sandwich,Food,G0317,585.18,1,Indiranagar
B00057,2024-03-02 09:00:00,Sandwich,Food,G0295,166.28,2,Koramangala
B00058,2024-04-04 00:00:00,Cold Brew,Food,G0128,166.58,1,MG Road
B00059,2023-11-10 01:00:00,Tea,Beverage,G0344,267.28,1,Koramangala
B00060,2023-04-19 20:00:00,Espresso,Beverage,G0282,111.05,2,Koramangala
B00061,2023-10-21 09:00:00,Muffin,Food,G0017,184.0,1,MG Road
B00062,2024-02-03 03:00:00,Latte,Food,G0071,630.17,1,Koramangala
B00063,2023-09-17 19:00:00,Croissant,Food,G0269,324.06,2,Koramangala
B00064,2023-08-17 14:00:00,Tea,Beverage,G0325,440.25,3,Koramangala
B00065,2023-10-23 19:00:00,Espresso,Beverage,G0282,493.88,2,Indiranagar
B00066,2024-02-07 22:00:00,Sandwich,Beverage,G0305,289.17,1,Koramangala
B00067,2024-03-23 20:00:00,Cold Brew,Beverage,G0007,163.92,2,MG Road
B00068,2023-02-02 07:00:00,Croissant,Food,G0314,197.75,1,Indiranagar
B00069,2024-05-23 14:00:00,Sandwich,Food,G0305,258.56,1,Indiranagar
B00070,2023-12-09 18:00:00,Cold Brew,Beverage,G0103,442.56,2,MG Road
B00071,2023-05-12 08:00:00,Croissant,Beverage,G0309,307.02,1,Koramangala
B00072,2024-02-27 19:00:00,Latte,Food,G0193,83.88,3,Indiranagar
B00073,2023-03-08 01:00:00,Espresso,Beverage,G0241,378.34,1,Indiranagar
B00074,2023-06-14 07:00:00,Croissant,Beverage,G0062,605.26,2,Indiranagar
B00075,2023-11-11 19:00:00,Muffin,Beverage,G0017,542.88,3,Koramangala
B00076,2023-05-09 01:00:00,Tea,Beverage,G0171,550.37,3,Indiranagar
B00077,2023-02-12 13:00:00,Cappuccino,Beverage,G0025,533.18,1,MG Road
B00078,2024-04-30 13:00:00,Muffin,Beverage,G0251,264.53,2,Koramangala
B00079,2024-03-26 05:00:00,Muffin,Food,G0253,516.16,1,MG Road
B00080,2023-06-10 03:00:00,Tea,Beverage,G0387,161.6,1,MG Road
B00081,2023-11-29 21:00:00,Cappuccino,Beverage,G0207,454.9,2,Indiranagar
B00082,2024-02-08 20:00:00,Muffin,Food,G0029,445.69,2,Indiranagar
B00083,2024-06-25 06:00:00,Croissant,Food,G0117,94.57,1,Indiranagar
B00084,2023-10-14 09:00:00,Croissant,Food,G0282,529.14,3,MG Road
B00085,2023-08-25 11:00:00,Croissant,Beverage,G0380,594.85,1,Koramangala
B00086,2023-01-07 17:00:00,Cappuccino,Food,G0144,232.43,3,Indiranagar
B00087,2023-06-29 01:00:00,Muffin,Beverage,G0025,543.06,1,Indiranagar
B00088,2024-02-28 21:00:00,Cold Brew,Beverage,G0310,126.97,2,MG Road
B00089,2023-02-11 11:00:00,Cappuccino,Beverage,G0156,421.98,3,Koramangala
B00090,2024-06-29 23:00:00,Croissant,Food,G0073,356.82,2,MG Road
B00091,2024-04-25 14:00:00,Tea,Food,G0120,391.18,2,Indiranagar
B00092,2024-06-14 23:00:00,Muffin,Food,G0312,607.94,2,MG Road
B00093,2023-11-14 21:00:00,Muffin,Food,G0321,576.65,2,Indiranagar
B00094,2024-05-14 14:00:00,Sandwich,Food,G0093,527.5,2,Koramangala
B00095,2024-01-30 11:00:00,Sandwich,Beverage,G0086,236.01,1,MG Road
B00096,2023-02-12 08:00:00,Latte,Beverage,G0336,599.74,3,Indiranagar
B00097,2023-11-24 21:00:00,Cold Brew,Beverage,G0364,135.58,1,Indiranagar
B00098,2023-09-26 07:00:00,Cold Brew,Beverage,G0118,566.4,1,Indiranagar
B00099,2023-11-25 20:00:00,Espresso,Food,G0233,267.05,1,Indiranagar
B00100,2023-10-13 23:00:00,Cold Brew,Food,G0199,110.65,2,MG Road
B00101,2023-11-26 20:00:00,Sandwich,Beverage,G0206,461.53,1,Indiranagar
B00102,2023-12-22 09:00:00,Cappuccino,Food,G0339,211.83,3,MG Road
B00103,2023-02-06 14:00:00,Cold Brew,Food,G0147,218.84,1,Indiranagar
B00104,2024-01-22 04:00:00,Sandwich,Beverage,G0271,254.45,2,MG Road
B00105,2023-07-23 15:00:00,Latte,Beverage,G0387,116.3,3,MG Road
B00106,2024-05-22 17:00:00,Muffin,Food,G0139,180.96,3,Indiranagar
B00107,2023-07-22 11:00:00,Cold Brew,Food,G0181,82.93,3,Indiranagar
B00108,2023-09-21 19:00:00,Latte,Beverage,G0030,333.88,3,Indiranagar
B00109,2023-12-24 03:00:00,Muffin,Beverage,G0057,128.03,1,Indiranagar
B00110,2023-12-28 20:00:00,Tea,Beverage,G0232,469.11,2,Koramangala
B00111,2023-10-28 08:00:00,Tea,Food,G0146,214.31,3,Indiranagar
B00112,2023-08-08 20:00:00,Muffin,Beverage,G0384,617.84,3,Indiranagar
B00113,2023-03-27 22:00:00,Cold Brew,Beverage,G0048,576.61,2,Indiranagar
B00114,2024-05-18 04:00:00,Espresso,Food,G0194,244.98,1,MG Road
B00115,2023-01-03 16:00:00,Sandwich,Food,G0224,526.43,3,Indiranagar
B00116,2023-11-30 14:00:00,Cappuccino,Food,G0136,537.85,1,MG Road
B00117,2023-04-18 00:00:00,Cappuccino,Food,G0022,642.34,1,MG Road
B00118,2023-08-16 15:00:00,Croissant,Food,G0006,420.77,1,MG Road
B00119,2023-03-26 11:00:00,Muffin,Beverage,G0204,126.72,1,MG Road
B00120,2023-04-23 07:00:00,Cappuccino,Beverage,G0239,448.7,3,Koramangala
B00121,2024-02-08 15:00:00,Cold Brew,Food,G0185,436.24,3,Indiranagar
B00122,2023-08-08 02:00:00,Espresso,Food,G0360,443.86,1,MG Road
B00123,2023-08-23 02:00:00,Muffin,Food,G0292,255.07,1,Indiranagar
B00124,2023-10-08 16:00:00,Espresso,Food,G0335,570.02,2,MG Road
B00125,2023-01-17 07:00:00,Cold Brew,Food,G0220,626.9,2,Koramangala
B00126,2024-06-13 10:00:00,Cappuccino,Beverage,G0116,204.1,2,MG Road
B00127,2024-06-11 18:00:00,Cappuccino,Beverage,G0313,130.25,3,Indiranagar
B00128,2023-09-03 12:00:00,Croissant,Beverage,G0049,190.88,2,Indiranagar
B00129,2023-05-29 09:00:00,Cappuccino,Beverage,G0173,547.71,3,Koramangala
B00130,2024-03-12 06:00:00,Muffin,Food,G0082,465.69,3,Indiranagar
B00131,2023-09-15 16:00:00,Cold Brew,Beverage,G0322,442.55,3,Indiranagar
B00132,2023-05-10 03:00:00,Tea,Food,G0333,309.02,3,MG Road
B00133,2023-09-19 14:00:00,Cold Brew,Food,G0045,409.36,2,Indiranagar
B00134,2023-12-16 16:00:00,Muffin,Food,G0335,255.49,1,MG Road
B00135,2024-06-28 11:00:00,Muffin,Beverage,G0020,352.0,1,Koramangala
B00136,2023-05-10 08:00:00,Croissant,Food,G0221,532.05,1,Indiranagar
B00137,2023-10-28 15:00:00,Croissant,Beverage,G0123,639.31,2,MG Road
B00138,2024-06-16 22:00:00,Cappuccino,Beverage,G0234,611.52,1,Indiranagar
B00139,2023-04-13 06:00:00,Latte,Food,G0221,612.3,2,MG Road
B00140,2024-05-08 05:00:00,Cold Brew,Food,G0323,309.27,2,Koramangala
B00141,2024-01-10 20:00:00,Cold Brew,Food,G0339,347.21,2,MG Road
B00142,2023-04-24 19:00:00,Latte,Beverage,G0003,482.21,1,Indiranagar
B00143,2024-04-01 21:00:00,Croissant,Food,G0182,605.65,1,MG Road
B00144,2023-12-06 18:00:00,Cappuccino,Beverage,G0206,160.94,1,Indiranagar
B00145,2024-02-11 18:00:00,Latte,Food,G0320,253.42,3,Koramangala
B00146,2023-07-30 16:00:00,Cappuccino,Food,G0040,159.37,2,MG Road
B00147,2023-12-04 22:00:00,Cappuccino,Beverage,G0059,428.84,3,Indiranagar
B00148,2024-03-29 10:00:00,Cappuccino,Beverage,G0062,254.59,2,Indiranagar
B00149,2023-06-10 00:00:00,Sandwich,Beverage,G0132,265.88,1,Indiranagar
B00150,2023-02-12 20:00:00,Muffin,Beverage,G0060,120.42,2,MG Road
B00151,2023-11-04 17:00:00,Cappuccino,Beverage,G0372,279.38,2,MG Road
B00152,2023-01-21 22:00:00,Sandwich,Beverage,G0331,571.62,3,MG Road
B00153,2023-10-15 22:00:00,Croissant,Food,G0122,212.85,2,Koramangala
B00154,2024-06-12 13:00:00,Latte,Food,G0107,476.26,1,Indiranagar
B00155,2024-01-13 14:00:00,Muffin,Beverage,G0096,438.89,2,Indiranagar
B00156,2023-10-17 02:00:00,Tea,Food,G0347,572.19,2,Koramangala
B00157,2023-07-07 00:00:00,Latte,Beverage,G0235,155.4,2,Koramangala
B00158,2023-01-09 14:00:00,Muffin,Food,G0386,637.23,3,MG Road
B00159,2023-08-02 22:00:00,Tea,Food,G0062,412.1,2,MG Road
B00160,2023-09-07 01:00:00,Latte,Beverage,G0256,647.42,2,MG Road
B00161,2023-11-18 17:00:00,Muffin,Beverage,G0049,599.56,3,MG Road
B00162,2023-10-21 03:00:00,Latte,Beverage,G0393,206.26,3,MG Road
B00163,2023-03-03 20:00:00,Latte,Food,G0348,112.01,3,MG Road
B00164,2023-11-24 10:00:00,Tea,Beverage,G0159,225.71,3,Koramangala
B00165,2023-02-05 23:00:00,Latte,Food,G0124,380.71,1,Koramangala
B00166,2023-04-27 06:00:00,Latte,Beverage,G0317,177.81,1,Koramangala
B00167,2023-11-05 16:00:00,Tea,Food,G0207,175.45,2,Indiranagar
B00168,2023-12-31 19:00:00,Croissant,Food,G0048,343.68,1,Indiranagar
B00169,2023-08-02 04:00:00,Cappuccino,Beverage,G0136,98.96,2,MG Road
B00170,2024-05-30 23:00:00,Cold Brew,Food,G0201,149.48,1,Koramangala
B00171,2023-09-08 19:00:00,Espresso,Food,G0250,317.04,3,Indiranagar
B00172,2023-03-15 05:00:00,Sandwich,Beverage,G0314,115.98,3,Indiranagar
B00173,2023-11-12 14:00:00,Espresso,Food,G0357,306.15,1,Koramangala
B00174,2023-09-23 14:00:00,Espresso,Beverage,G0368,350.18,1,Indiranagar
B00175,2023-10-15 04:00:00,Muffin,Beverage,G0318,337.22,2,Indiranagar
B00176,2023-03-11 22:00:00,Cappuccino,Beverage,G0295,575.43,2,Koramangala
B00177,2023-05-16 02:00:00,Muffin,Beverage,G0314,382.14,2,Indiranagar
B00178,2023-07-13 04:00:00,Cappuccino,Food,G0209,346.75,3,Koramangala
B00179,2023-02-14 03:00:00,Tea,Food,G0355,314.1,3,Indiranagar
B00180,2023-10-05 20:00:00,Tea,Food,G0211,546.05,3,Koramangala
B00181,2024-02-18 02:00:00,Cold Brew,Beverage,G0192,590.18,3,Indiranagar
B00182,2024-04-24 10:00:00,Cappuccino,Food,G0044,566.35,2,Indiranagar
B00183,2023-05-12 13:00:00,Latte,Food,G0029,463.92,3,Koramangala
B00184,2023-09-04 11:00:00,Croissant,Beverage,G0059,158.3,3,Indiranagar
B00185,2024-03-26 17:00:00,Cold Brew,Beverage,G0071,237.82,3,Koramangala
B00186,2024-03-31 01:00:00,Cold Brew,Food,G0092,106.26,3,Koramangala
B00187,2024-02-12 21:00:00,Latte,Beverage,G0265,610.57,1,Indiranagar
B00188,2024-04-13 20:00:00,Croissant,Beverage,G0383,456.66,2,MG Road
B00189,2023-04-23 05:00:00,Muffin,Beverage,G0220,505.43,2,Indiranagar
B00190,2024-06-29 03:00:00,Croissant,Beverage,G0390,257.6,3,MG Road
B00191,2023-06-01 03:00:00,Muffin,Food,G0215,562.02,1,MG Road
B00192,2024-02-03 03:00:00,Tea,Beverage,G0387,227.97,2,Indiranagar
B00193,2024-02-28 21:00:00,Espresso,Beverage,G0277,80.94,2,MG Road
B00194,2023-08-16 02:00:00,Tea,Beverage,G0064,294.56,3,Koramangala
B00195,2023-03-11 07:00:00,Tea,Beverage,G0346,405.33,3,Koramangala
B00196,2024-02-10 01:00:00,Espresso,Beverage,G0292,352.86,2,MG Road
B00197,2024-03-02 06:00:00,Croissant,Beverage,G0245,571.38,2,Koramangala
B00198,2023-08-22 00:00:00,Cold Brew,Beverage,G0062,140.08,1,Indiranagar
B00199,2024-04-23 22:00:00,Croissant,Beverage,G0332,395.68,2,Koramangala
B00200,2024-03-10 13:00:00,Muffin,Food,G0170,372.4,2,MG Road
B00201,2023-11-05 00:00:00,Latte,Beverage,G0269,240.39,3,Indiranagar
B00202,2023-02-24 10:00:00,Muffin,Food,G0267,548.67,2,Koramangala
B00203,2024-05-24 05:00:00,Latte,Beverage,G0054,509.12,3,Indiranagar
B00204,2023-10-10 08:00:00,Tea,Beverage,G0016,497.73,2,MG Road
B00205,2024-03-28 19:00:00,Espresso,Beverage,G0008,579.43,2,Koramangala
B00206,2023-09-02 08:00:00,Tea,Beverage,G0104,491.99,2,Indiranagar
B00207,2024-01-30 18:00:00,Cappuccino,Food,G0059,212.15,1,Indiranagar
B00208,2023-11-10 14:00:00,Croissant,Beverage,G0313,482.17,3,Koramangala
B00209,2024-01-06 21:00:00,Latte,Beverage,G0040,255.39,1,Indiranagar
B00210,2023-08-21 07:00:00,Muffin,Food,G0237,218.04,2,Indiranagar
B00211,2023-08-19 10:00:00,Espresso,Food,G0386,121.61,1,MG Road
B00212,2024-06-23 00:00:00,Latte,Beverage,G0094,504.1,3,MG Road
B00213,2023-07-03 21:00:00,Muffin,Food,G0222,485.27,2,MG Road
B00214,2023-06-06 04:00:00,Croissant,Food,G0204,213.66,1,MG Road
B00215,2024-06-24 11:00:00,Tea,Food,G0138,507.15,1,MG Road
B00216,2023-01-28 15:00:00,Croissant,Beverage,G0300,603.17,3,MG Road
B00217,2023-03-25 06:00:00,Sandwich,Beverage,G0395,141.58,1,Koramangala
B00218,2023-11-30 02:00:00,Cappuccino,Beverage,G0207,212.6,3,MG Road
B00219,2024-04-29 21:00:00,Sandwich,Food,G0336,507.65,2,Indiranagar
B00220,2024-05-12 07:00:00,Espresso,Beverage,G0081,236.47,2,Koramangala
B00221,2023-03-04 07:00:00,Latte,Food,G0218,436.06,1,Indiranagar
B00222,2023-05-18 16:00:00,Espresso,Beverage,G0002,126.26,2,MG Road
B00223,2023-06-06 19:00:00,Tea,Beverage,G0178,337.76,2,MG Road
B00224,2023-08-07 00:00:00,Muffin,Food,G0396,501.28,1,Indiranagar
B00225,2023-03-19 05:00:00,Croissant,Beverage,G0371,471.31,2,Indiranagar
B00226,2023-10-02 09:00:00,Sandwich,Food,G0346,544.59,1,Indiranagar
B00227,2024-06-19 11:00:00,Cold Brew,Food,G0279,580.15,3,Koramangala
B00228,2023-02-23 19:00:00,Sandwich,Beverage,G0146,520.71,3,MG Road
B00229,2023-05-30 05:00:00,Tea,Food,G0318,462.81,3,Indiranagar
B00230,2024-04-30 09:00:00,Sandwich,Beverage,G0224,98.08,1,MG Road
B00231,2023-11-11 18:00:00,Tea,Beverage,G0369,384.93,1,Indiranagar
B00232,2023-10-31 08:00:00,Cold Brew,Food,G0384,101.49,2,MG Road
B00233,2023-03-10 04:00:00,Espresso,Beverage,G0062,540.6,2,Koramangala
B00234,2023-06-04 00:00:00,Croissant,Food,G0294,262.81,2,MG Road
B00235,2024-04-11 07:00:00,Latte,Beverage,G0239,400.58,2,Indiranagar
B00236,2024-04-17 16:00:00,Muffin,Beverage,G0195,239.28,2,MG Road
B00237,2023-01-30 02:00:00,Latte,Beverage,G0166,526.03,1,Koramangala
B00238,2024-03-07 08:00:00,Espresso,Beverage,G0222,585.31,1,Koramangala
B00239,2024-05-27 01:00:00,Muffin,Beverage,G0061,307.23,3,MG Road
B00240,2023-07-17 09:00:00,Sandwich,Food,G0129,571.87,3,Indiranagar
B00241,2023-02-05 14:00:00,Cold Brew,Food,G0173,232.23,3,Koramangala
B00242,2023-12-07 04:00:00,Cold Brew,Food,G0156,384.76,3,Koramangala
B00243,2023-09-01 23:00:00,Cappuccino,Food,G0378,569.49,1,MG Road
B00244,2023-11-05 00:00:00,Espresso,Food,G0110,265.75,1,Koramangala
B00245,2023-09-30 00:00:00,Espresso,Food,G0269,623.8,1,Koramangala
B00246,2024-05-01 02:00:00,Croissant,Beverage,G0356,149.47,2,Indiranagar
B00247,2023-08-07 17:00:00,Latte,Beverage,G0391,90.42,2,Indiranagar
B00248,2023-08-04 12:00:00,Espresso,Food,G0278,595.36,3,Indiranagar
B00249,2023-03-13 03:00:00,Espresso,Food,G0074,119.13,2,MG Road
B00250,2024-04-02 01:00:00,Sandwich,Beverage,G0207,645.38,1,Koramangala
B00251,2023-08-30 07:00:00,Sandwich,Beverage,G0388,622.3,3,MG Road
B00252,2024-02-18 13:00:00,Muffin,Beverage,G0279,158.1,3,Koramangala
B00253,2023-08-19 15:00:00,Tea,Food,G0375,386.42,2,Koramangala
B00254,2023-07-25 11:00:00,Tea,Food,G0326,185.4,3,Koramangala
B00255,2023-05-27 06:00:00,Cappuccino,Food,G0340,324.05,2,Indiranagar
B00256,2023-01-09 10:00:00,Tea,Beverage,G0357,115.01,2,MG Road
B00257,2024-04-21 23:00:00,Croissant,Beverage,G0340,207.64,3,MG Road
B00258,2023-06-25 18:00:00,Cappuccino,Food,G0204,287.07,2,Koramangala
B00259,2024-06-12 16:00:00,Muffin,Food,G0161,330.03,2,MG Road
B00260,2024-01-09 06:00:00,Sandwich,Beverage,G0028,637.17,2,Indiranagar
B00261,2023-07-02 21:00:00,Tea,Beverage,G0392,540.48,2,MG Road
B00262,2023-04-07 23:00:00,Latte,Beverage,G0257,500.32,3,Koramangala
B00263,2023-11-30 12:00:00,Sandwich,Beverage,G0165,386.11,1,Indiranagar
B00264,2023-05-03 03:00:00,Cold Brew,Food,G0063,558.8,1,Indiranagar
B00265,2023-11-21 01:00:00,Croissant,Beverage,G0022,273.41,2,Koramangala
B00266,2023-01-09 05:00:00,Sandwich,Beverage,G0070,484.07,2,MG Road
B00267,2023-10-24 21:00:00,Croissant,Beverage,G0381,646.46,2,Koramangala
B00268,2023-03-22 10:00:00,Croissant,Food,G0096,259.34,1,MG Road
B00269,2024-05-05 14:00:00,Croissant,Food,G0163,464.19,2,MG Road
B00270,2023-09-19 23:00:00,Muffin,Beverage,G0079,561.26,3,Indiranagar
B00271,2024-01-02 16:00:00,Croissant,Beverage,G0005,602.01,3,Koramangala
B00272,2024-04-22 16:00:00,Croissant,Beverage,G0316,489.22,3,Indiranagar
B00273,2024-01-25 03:00:00,Cold Brew,Food,G0120,241.66,1,Koramangala
B00274,2023-06-28 10:00:00,Latte,Food,G0302,265.98,2,Koramangala
B00275,2024-04-27 21:00:00,Cappuccino,Food,G0178,91.83,2,Indiranagar
B00276,2023-04-15 15:00:00,Espresso,Beverage,G0176,513.71,2,Koramangala
B00277,2024-02-21 02:00:00,Cold Brew,Food,G0390,104.36,1,Koramangala
B00278,2023-01-28 11:00:00,Cappuccino,Beverage,G0217,572.85,1,MG Road
B00279,2023-04-28 03:00:00,Croissant,Beverage,G0056,147.64,1,Koramangala
B00280,2023-10-23 18:00:00,Latte,Beverage,G0366,177.97,1,Koramangala
B00281,2023-09-30 18:00:00,Sandwich,Food,G0187,351.62,3,Indiranagar
B00282,2024-02-03 09:00:00,Latte,Beverage,G0232,500.59,1,Indiranagar
B00283,2023-03-24 18:00:00,Cold Brew,Food,G0255,159.23,1,Koramangala
B00284,2023-12-14 10:00:00,Croissant,Food,G0104,330.84,1,MG Road
B00285,2024-04-20 11:00:00,Latte,Beverage,G0077,355.23,2,MG Road
B00286,2023-05-02 07:00:00,Tea,Beverage,G0230,201.0,2,Indiranagar
B00287,2023-03-14 06:00:00,Latte,Food,G0258,145.87,2,Koramangala
B00288,2023-03-18 19:00:00,Croissant,Beverage,G0264,556.76,3,Koramangala
B00289,2023-12-28 16:00:00,Muffin,Food,G0331,366.41,3,MG Road
B00290,2023-05-05 00:00:00,Tea,Beverage,G0182,88.2,1,MG Road
B00291,2023-03-23 15:00:00,Latte,Food,G0381,537.7,2,MG Road
B00292,2023-08-28 23:00:00,Espresso,Food,G0256,639.05,3,Indiranagar
B00293,2023-10-06 22:00:00,Espresso,Food,G0038,425.38,2,Koramangala
B00294,2023-04-10 09:00:00,Latte,Food,G0176,367.11,3,Indiranagar
B00295,2024-04-07 23:00:00,Muffin,Beverage,G0027,580.7,3,Koramangala
B00296,2023-07-17 08:00:00,Sandwich,Beverage,G0276,622.93,1,Indiranagar
B00297,2023-03-17 02:00:00,Croissant,Food,G0140,510.09,1,Koramangala
B00298,2023-12-06 19:00:00,Espresso,Food,G0299,333.91,3,MG Road
B00299,2023-12-05 08:00:00,Sandwich,Beverage,G0287,417.57,1,MG Road
B00300,2023-10-03 16:00:00,Latte,Beverage,G0091,479.53,3,MG Road
B00301,2023-08-19 14:00:00,Cold Brew,Beverage,G0061,190.74,3,Indiranagar
B00302,2023-06-19 05:00:00,Sandwich,Beverage,G0365,334.9,2,MG Road
B00303,2024-04-26 17:00:00,Tea,Beverage,G0347,553.0,1,Koramangala
B00304,2023-01-11 22:00:00,Cappuccino,Beverage,G0163,453.19,1,Indiranagar
B00305,2023-09-19 23:00:00,Espresso,Food,G0351,314.39,1,Koramangala
B00306,2024-01-03 07:00:00,Latte,Beverage,G0143,458.12,2,Indiranagar
B00307,2024-01-19 16:00:00,Cold Brew,Beverage,G0253,147.39,2,Koramangala
B00308,2024-05-08 03:00:00,Croissant,Food,G0269,308.85,2,Koramangala
B00309,2023-03-27 09:00:00,Cold Brew,Beverage,G0369,532.08,1,Indiranagar
B00310,2023-08-14 23:00:00,Muffin,Beverage,G0291,205.69,1,Indiranagar
B00311,2024-05-11 11:00:00,Tea,Beverage,G0187,186.0,1,MG Road
B00312,2023-07-09 12:00:00,Latte,Beverage,G0304,621.97,2,MG Road
B00313,2023-05-10 12:00:00,Croissant,Beverage,G0291,199.64,2,Koramangala
B00314,2024-05-26 18:00:00,Muffin,Food,G0086,228.72,3,Koramangala
B00315,2023-10-26 06:00:00,Muffin,Beverage,G0166,632.68,2,Koramangala
B00316,2024-03-03 00:00:00,Latte,Food,G0114,498.78,3,Indiranagar
B00317,2023-11-05 08:00:00,Tea,Food,G0356,478.77,1,Indiranagar
B00318,2023-05-13 02:00:00,Sandwich,Beverage,G0183,566.17,2,MG Road
B00319,2024-02-16 10:00:00,Sandwich,Food,G0207,146.02,1,Koramangala
B00320,2023-04-04 23:00:00,Muffin,Beverage,G0256,482.4,1,MG Road
B00321,2023-02-18 02:00:00,Sandwich,Food,G0235,367.1,1,Indiranagar
B00322,2023-07-07 11:00:00,Cappuccino,Food,G0355,552.62,1,Indiranagar
B00323,2023-09-20 07:00:00,Muffin,Beverage,G0003,369.64,2,Indiranagar
B00324,2023-09-16 05:00:00,Muffin,Beverage,G0208,433.54,1,MG Road
B00325,2024-04-19 07:00:00,Croissant,Beverage,G0197,352.31,3,Indiranagar
B00326,2024-02-17 00:00:00,Sandwich,Beverage,G0341,352.55,2,Koramangala
B00327,2024-05-22 15:00:00,Tea,Beverage,G0125,517.74,1,MG Road
B00328,2024-06-22 03:00:00,Muffin,Food,G0138,438.28,2,Indiranagar
B00329,2024-06-20 10:00:00,Cold Brew,Food,G0339,440.96,3,MG Road
B00330,2023-03-10 16:00:00,Tea,Food,G0025,336.66,1,MG Road
B00331,2023-08-19 19:00:00,Cappuccino,Food,G0068,382.73,3,Indiranagar
B00332,2024-02-06 13:00:00,Croissant,Food,G0061,505.06,1,Indiranagar
B00333,2023-06-24 23:00:00,Latte,Food,G0029,550.79,3,MG Road
B00334,2024-05-19 19:00:00,Tea,Food,G0383,477.04,1,MG Road
B00335,2023-12-18 21:00:00,Muffin,Beverage,G0019,606.72,2,Indiranagar
B00336,2024-04-18 23:00:00,Cappuccino,Beverage,G0171,547.58,1,Koramangala
B00337,2023-04-17 13:00:00,Espresso,Food,G0074,400.26,2,MG Road
B00338,2023-08-22 00:00:00,Cappuccino,Food,G0061,462.7,1,MG Road
B00339,2023-01-05 02:00:00,Cappuccino,Beverage,G0153,608.0,1,Koramangala
B00340,2023-04-02 16:00:00,Croissant,Beverage,G0276,432.93,3,Indiranagar
B00341,2023-05-04 09:00:00,Latte,Beverage,G0048,550.14,3,Indiranagar
B00342,2023-07-27 05:00:00,Espresso,Beverage,G0211,472.62,3,Koramangala
B00343,2023-07-04 17:00:00,Sandwich,Food,G0343,394.6,1,Indiranagar
B00344,2024-05-13 17:00:00,Sandwich,Beverage,G0139,217.85,1,Indiranagar
B00345,2023-04-30 13:00:00,Tea,Food,G0110,322.82,1,MG Road
B00346,2024-04-21 02:00:00,Cappuccino,Food,G0183,631.61,2,MG Road
B00347,2024-05-14 07:00:00,Cold Brew,Food,G0028,454.93,2,MG Road
B00348,2023-02-09 20:00:00,Croissant,Beverage,G0197,401.71,1,Koramangala
B00349,2024-05-25 19:00:00,Cold Brew,Beverage,G0191,611.79,3,Indiranagar
B00350,2023-12-15 00:00:00,Croissant,Food,G0315,414.31,3,Indiranagar
B00351,2023-08-26 11:00:00,Sandwich,Food,G0389,379.87,3,MG Road
B00352,2023-10-17 08:00:00,Tea,Food,G0051,512.81,1,MG Road
B00353,2023-07-07 05:00:00,Tea,Beverage,G0149,486.22,3,Koramangala
B00354,2024-01-31 12:00:00,Tea,Food,G0268,190.1,1,Indiranagar
B00355,2023-07-24 15:00:00,Espresso,Beverage,G0050,348.65,2,Koramangala
B00356,2023-06-16 03:00:00,Latte,Food,G0388,349.33,3,Indiranagar
B00357,2024-02-09 23:00:00,Espresso,Food,G0246,295.59,2,Koramangala
B00358,2023-09-08 15:00:00,Muffin,Food,G0113,374.86,3,MG Road
B00359,2023-02-20 18:00:00,Muffin,Beverage,G0170,315.47,1,Koramangala
B00360,2023-07-07 08:00:00,Cold Brew,Beverage,G0166,193.63,1,Koramangala
B00361,2023-07-17 07:00:00,Latte,Food,G0014,315.05,1,MG Road
B00362,2024-04-15 16:00:00,Sandwich,Beverage,G0203,121.2,1,Indiranagar
B00363,2024-03-31 07:00:00,Latte,Food,G0288,408.2,3,Indiranagar
B00364,2023-07-09 19:00:00,Croissant,Beverage,G0395,566.58,2,MG Road
B00365,2024-01-17 02:00:00,Muffin,Beverage,G0189,493.41,1,Koramangala
B00366,2023-12-02 10:00:00,Cappuccino,Beverage,G0155,285.42,3,Koramangala
B00367,2024-06-15 13:00:00,Cappuccino,Food,G0055,129.63,2,Koramangala
B00368,2023-05-24 14:00:00,Sandwich,Beverage,G0182,195.23,1,Indiranagar
B00369,2023-02-13 13:00:00,Croissant,Beverage,G0210,390.93,2,Koramangala
B00370,2023-10-15 05:00:00,Cold Brew,Food,G0376,198.02,1,Indiranagar
B00371,2023-03-12 13:00:00,Espresso,Food,G0075,390.06,2,Koramangala
B00372,2023-05-24 04:00:00,Croissant,Food,G0277,212.01,2,MG Road
B00373,2023-12-31 18:00:00,Cappuccino,Food,G0133,563.89,1,MG Road
B00374,2024-03-20 21:00:00,Cappuccino,Beverage,G0343,306.44,3,Indiranagar
B00375,2023-09-03 15:00:00,Cold Brew,Beverage,G0059,219.96,2,Indiranagar
B00376,2023-05-20 18:00:00,Muffin,Beverage,G0345,543.03,1,MG Road
B00377,2023-01-10 09:00:00,Croissant,Beverage,G0182,275.42,2,MG Road
B00378,2023-07-23 21:00:00,Croissant,Beverage,G0339,143.55,2,Koramangala
B00379,2023-10-20 14:00:00,Cappuccino,Food,G0321,405.13,3,MG Road
B00380,2024-01-17 07:00:00,Espresso,Beverage,G0064,411.49,2,Indiranagar
B00381,2023-08-22 08:00:00,Sandwich,Beverage,G0327,487.38,2,MG Road
B00382,2024-06-14 20:00:00,Tea,Beverage,G0260,216.93,1,Indiranagar
B00383,2024-04-14 03:00:00,Sandwich,Food,G0193,332.95,1,Indiranagar
B00384,2023-11-30 04:00:00,Croissant,Food,G0143,240.95,3,Koramangala
B00385,2024-01-11 07:00:00,Sandwich,Beverage,G0104,126.14,2,Koramangala
B00386,2024-06-23 10:00:00,Cappuccino,Food,G0214,579.67,2,Koramangala
B00387,2023-11-17 03:00:00,Cappuccino,Food,G0242,495.46,2,Koramangala
B00388,2023-07-13 10:00:00,Cold Brew,Food,G0209,251.83,3,MG Road
B00389,2024-04-16 08:00:00,Croissant,Food,G0093,421.64,2,Koramangala
B00390,2023-11-16 23:00:00,Cold Brew,Food,G0142,194.72,1,MG Road
B00391,2023-12-09 00:00:00,Croissant,Food,G0112,587.43,3,Koramangala
B00392,2023-11-02 19:00:00,Tea,Food,G0375,145.5,1,Koramangala
B00393,2024-01-29 03:00:00,Tea,Beverage,G0059,82.19,1,Indiranagar
B00394,2023-04-02 21:00:00,Muffin,Beverage,G0043,366.14,3,MG Road
B00395,2024-03-22 12:00:00,Croissant,Food,G0207,412.38,1,Indiranagar
B00396,2023-02-14 13:00:00,Espresso,Beverage,G0268,410.01,2,Koramangala
B00397,2023-05-24 12:00:00,Sandwich,Beverage,G0296,111.07,3,MG Road
B00398,2024-03-24 05:00:00,Croissant,Food,G0118,259.0,1,Koramangala
B00399,2023-02-14 04:00:00,Latte,Beverage,G0020,364.54,2,Indiranagar
B00400,2023-04-07 23:00:00,Muffin,Food,G0222,203.45,2,MG Road
B00401,2023-05-23 12:00:00,Latte,Food,G0166,577.4,1,Indiranagar
B00402,2023-01-13 13:00:00,Cappuccino,Food,G0131,129.65,2,Koramangala
B00403,2024-06-03 12:00:00,Tea,Beverage,G0156,357.81,3,Koramangala
B00404,2023-01-26 06:00:00,Sandwich,Beverage,G0184,474.11,1,Koramangala
B00405,2023-05-13 02:00:00,Croissant,Beverage,G0090,229.2,2,MG Road
B00406,2023-01-30 03:00:00,Latte,Beverage,G0094,435.82,2,Indiranagar
B00407,2023-08-01 00:00:00,Sandwich,Food,G0013,552.75,1,Indiranagar
B00408,2024-01-24 19:00:00,Cappuccino,Food,G0322,188.49,1,Koramangala
B00409,2023-01-08 22:00:00,Tea,Beverage,G0293,602.82,1,Indiranagar
B00410,2024-03-13 04:00:00,Espresso,Food,G0230,395.53,1,MG Road
B00411,2023-02-10 20:00:00,Muffin,Food,G0322,250.56,3,Koramangala
B00412,2023-05-04 23:00:00,Sandwich,Beverage,G0292,325.59,1,Koramangala
B00413,2023-09-12 06:00:00,Sandwich,Food,G0026,257.95,3,Koramangala
B00414,2023-02-19 08:00:00,Espresso,Beverage,G0075,493.31,3,MG Road
B00415,2023-05-19 15:00:00,Sandwich,Food,G0364,533.89,1,Koramangala
B00416,2023-05-22 10:00:00,Cappuccino,Beverage,G0299,554.77,3,Koramangala
B00417,2023-12-13 15:00:00,Cappuccino,Food,G0150,641.89,1,Koramangala
B00418,2024-03-03 09:00:00,Espresso,Food,G0148,531.03,1,Koramangala
B00419,2023-03-17 16:00:00,Muffin,Beverage,G0008,422.79,2,Indiranagar
B00420,2023-09-01 22:00:00,Croissant,Beverage,G0029,273.36,1,Koramangala
B00421,2023-10-07 13:00:00,Latte,Beverage,G0296,390.42,2,MG Road
B00422,2023-01-24 17:00:00,Croissant,Beverage,G0209,103.41,3,Koramangala
B00423,2023-08-15 18:00:00,Sandwich,Food,G0128,504.55,2,Koramangala
B00424,2023-03-20 23:00:00,Latte,Food,G0340,334.19,3,Indiranagar
B00425,2023-04-24 21:00:00,Cold Brew,Beverage,G0116,91.41,1,Koramangala
B00426,2023-06-10 23:00:00,Espresso,Food,G0144,115.63,3,Indiranagar
B00427,2024-06-22 01:00:00,Espresso,Beverage,G0318,300.86,3,MG Road
B00428,2023-11-07 15:00:00,Muffin,Beverage,G0235,412.55,1,Indiranagar
B00429,2023-06-17 06:00:00,Latte,Food,G0007,344.6,3,Koramangala
B00430,2024-04-07 05:00:00,Cappuccino,Food,G0045,432.95,1,MG Road
B00431,2023-03-12 06:00:00,Latte,Beverage,G0239,353.77,2,Koramangala
B00432,2023-05-06 09:00:00,Sandwich,Beverage,G0155,457.17,1,Indiranagar
B00433,2023-11-22 06:00:00,Cappuccino,Beverage,G0181,204.9,1,MG Road
B00434,2023-01-07 10:00:00,Tea,Food,G0215,144.32,3,MG Road
B00435,2024-03-23 01:00:00,Tea,Food,G0088,419.97,2,Indiranagar
B00436,2023-02-28 17:00:00,Cold Brew,Food,G0256,356.27,1,Indiranagar
B00437,2024-05-25 09:00:00,Tea,Food,G0073,95.31,2,MG Road
B00438,2023-02-02 16:00:00,Espresso,Beverage,G0179,296.87,2,MG Road
B00439,2024-04-18 15:00:00,Latte,Beverage,G0212,140.49,3,Indiranagar
B00440,2023-12-04 08:00:00,Tea,Beverage,G0293,382.87,1,Koramangala
B00441,2023-11-12 00:00:00,Croissant,Beverage,G0234,305.59,3,MG Road
B00442,2024-06-06 05:00:00,Muffin,Beverage,G0239,429.5,1,Indiranagar
B00443,2023-11-02 23:00:00,Croissant,Beverage,G0223,539.19,2,Koramangala
B00444,2023-10-28 06:00:00,Tea,Food,G0119,250.81,1,MG Road
B00445,2023-08-22 04:00:00,Cold Brew,Food,G0313,628.4,1,MG Road
B00446,2023-08-30 17:00:00,Muffin,Beverage,G0264,385.31,2,Indiranagar
B00447,2023-04-27 22:00:00,Sandwich,Beverage,G0207,432.43,2,Koramangala
B00448,2023-01-23 09:00:00,Croissant,Food,G0095,467.98,1,MG Road
B00449,2023-09-07 10:00:00,Cold Brew,Food,G0373,460.04,3,Koramangala
B00450,2023-03-18 17:00:00,Latte,Food,G0222,371.25,1,Koramangala
B00451,2024-03-19 15:00:00,Latte,Food,G0366,324.4,2,MG Road
B00452,2023-12-30 04:00:00,Croissant,Beverage,G0276,110.66,3,Koramangala
B00453,2023-10-18 11:00:00,Tea,Beverage,G0380,92.59,2,MG Road
B00454,2023-08-23 09:00:00,Cold Brew,Beverage,G0231,284.04,2,Koramangala
B00455,2023-05-03 22:00:00,Latte,Beverage,G0309,270.19,3,MG Road
B00456,2023-11-30 00:00:00,Sandwich,Beverage,G0119,300.99,2,Indiranagar
B00457,2024-05-28 11:00:00,Cappuccino,Food,G0268,158.87,2,MG Road
B00458,2023-07-19 04:00:00,Tea,Beverage,G0273,500.76,2,MG Road
B00459,2024-05-27 19:00:00,Cold Brew,Food,G0064,568.47,2,MG Road
B00460,2023-04-09 16:00:00,Sandwich,Beverage,G0298,615.07,2,Koramangala
B00461,2024-05-16 15:00:00,Cold Brew,Beverage,G0350,360.65,2,Indiranagar
B00462,2023-10-05 07:00:00,Muffin,Beverage,G0011,479.49,2,Koramangala
B00463,2023-12-07 13:00:00,Sandwich,Beverage,G0098,567.66,2,Koramangala
B00464,2023-07-07 07:00:00,Tea,Beverage,G0071,318.43,2,MG Road
B00465,2024-03-29 21:00:00,Muffin,Food,G0364,256.37,1,Koramangala
B00466,2024-01-17 19:00:00,Tea,Food,G0058,613.93,1,MG Road
B00467,2023-09-08 02:00:00,Latte,Food,G0290,373.94,2,Indiranagar
B00468,2023-10-03 14:00:00,Cappuccino,Beverage,G0251,363.43,1,Koramangala
B00469,2024-01-25 22:00:00,Tea,Beverage,G0276,181.7,3,Koramangala
B00470,2023-09-04 15:00:00,Tea,Food,G0050,141.65,1,Koramangala
B00471,2024-04-01 22:00:00,Latte,Beverage,G0358,560.0,2,MG Road
B00472,2024-02-28 22:00:00,Espresso,Beverage,G0216,430.06,2,MG Road
B00473,2023-02-05 13:00:00,Latte,Food,G0394,265.72,1,Koramangala
B00474,2023-06-22 18:00:00,Muffin,Beverage,G0052,189.29,2,Koramangala
B00475,2024-05-12 00:00:00,Latte,Food,G0271,396.63,3,Indiranagar
B00476,2023-06-07 01:00:00,Latte,Beverage,G0084,412.83,3,Indiranagar
B00477,2023-01-24 22:00:00,Cappuccino,Food,G0387,197.99,2,Indiranagar
B00478,2024-04-22 05:00:00,Latte,Beverage,G0293,565.3,3,Indiranagar
B00479,2023-02-17 20:00:00,Cold Brew,Beverage,G0126,128.03,3,Indiranagar
B00480,2023-09-20 05:00:00,Tea,Food,G0296,282.97,1,MG Road
B00481,2023-09-27 01:00:00,Cold Brew,Beverage,G0072,467.82,3,Indiranagar
B00482,2023-11-09 21:00:00,Cappuccino,Beverage,G0296,236.25,1,Indiranagar
B00483,2024-02-17 19:00:00,Croissant,Food,G0236,551.77,2,Koramangala
B00484,2023-07-19 01:00:00,Espresso,Beverage,G0056,501.72,1,MG Road
B00485,2023-06-10 14:00:00,Cold Brew,Food,G0360,529.74,2,Indiranagar
B00486,2023-04-14 19:00:00,Cappuccino,Beverage,G0395,147.89,2,Indiranagar
B00487,2024-03-28 04:00:00,Muffin,Beverage,G0110,160.11,2,Indiranagar
B00488,2023-05-11 04:00:00,Croissant,Beverage,G0192,243.29,2,Koramangala
B00489,2023-08-26 03:00:00,Cappuccino,Beverage,G0392,375.3,2,Koramangala
B00490,2023-05-08 03:00:00,Cappuccino,Food,G0093,506.37,1,Koramangala
B00491,2023-01-01 04:00:00,Espresso,Beverage,G0350,556.82,2,Indiranagar
B00492,2023-08-06 14:00:00,Tea,Food,G0056,481.47,3,Koramangala
B00493,2023-08-10 11:00:00,Cold Brew,Beverage,G0060,609.3,3,Indiranagar
B00494,2023-07-22 21:00:00,Muffin,Beverage,G0138,501.08,2,MG Road
B00495,2023-02-06 12:00:00,Sandwich,Beverage,G0039,254.57,3,Indiranagar
B00496,2024-01-18 15:00:00,Cold Brew,Beverage,G0028,231.1,1,Koramangala
B00497,2023-10-20 19:00:00,Sandwich,Food,G0049,476.83,1,MG Road
B00498,2023-06-22 14:00:00,Cappuccino,Food,G0125,189.94,2,Indiranagar
B00499,2023-10-18 06:00:00,Latte,Food,G0013,132.85,2,MG Road
B00500,2023-10-22 23:00:00,Muffin,Food,G0036,383.37,2,MG Road
B00501,2023-11-29 19:00:00,Croissant,Beverage,G0101,548.34,3,MG Road
B00502,2023-10-11 07:00:00,Latte,Food,G0282,137.79,3,Indiranagar
B00503,2024-06-07 04:00:00,Latte,Food,G0086,531.38,1,Koramangala
B00504,2023-07-06 01:00:00,Cold Brew,Beverage,G0004,542.6,3,Indiranagar
B00505,2023-01-27 11:00:00,Muffin,Beverage,G0223,354.9,1,Koramangala
B00506,2023-03-12 13:00:00,Tea,Beverage,G0338,112.67,3,Indiranagar
B00507,2024-02-16 10:00:00,Cappuccino,Beverage,G0166,179.52,1,Indiranagar
B00508,2023-07-18 00:00:00,Cappuccino,Food,G0383,483.23,2,Indiranagar
B00509,2023-12-13 07:00:00,Cappuccino,Food,G0344,485.71,3,Koramangala
B00510,2023-02-04 14:00:00,Cappuccino,Beverage,G0383,592.06,1,Indiranagar
B00511,2024-05-09 11:00:00,Cold Brew,Beverage,G0376,412.13,3,MG Road
B00512,2023-08-04 17:00:00,Sandwich,Beverage,G0278,150.74,2,Indiranagar
B00513,2024-02-03 09:00:00,Cappuccino,Food,G0130,149.21,1,MG Road
B00514,2024-01-08 04:00:00,Sandwich,Food,G0031,491.05,3,Koramangala
B00515,2023-12-13 04:00:00,Sandwich,Beverage,G0375,184.76,3,Koramangala
B00516,2023-09-05 21:00:00,Tea,Beverage,G0011,267.18,2,Indiranagar
B00517,2023-04-29 06:00:00,Cappuccino,Food,G0302,357.71,2,Indiranagar
B00518,2023-02-17 22:00:00,Espresso,Beverage,G0096,94.12,1,Indiranagar
B00519,2023-11-12 00:00:00,Croissant,Beverage,G0190,221.83,3,MG Road
B00520,2023-03-22 11:00:00,Latte,Food,G0192,312.5,3,Koramangala
B00521,2024-01-19 12:00:00,Sandwich,Beverage,G0266,239.39,2,MG Road
B00522,2023-03-11 08:00:00,Muffin,Food,G0128,157.73,2,MG Road
B00523,2023-02-15 01:00:00,Muffin,Beverage,G0238,494.97,1,Indiranagar
B00524,2024-06-22 09:00:00,Croissant,Beverage,G0355,543.49,3,Indiranagar
B00525,2023-01-22 08:00:00,Muffin,Food,G0112,226.76,3,MG Road
B00526,2024-04-05 01:00:00,Espresso,Food,G0316,521.42,1,MG Road
B00527,2023-11-22 05:00:00,Muffin,Beverage,G0343,299.77,1,Indiranagar
B00528,2023-08-07 05:00:00,Latte,Food,G0145,368.81,2,Indiranagar
B00529,2023-01-24 07:00:00,Latte,Beverage,G0065,567.92,2,MG Road
B00530,2023-06-03 00:00:00,Sandwich,Beverage,G0247,507.47,1,Indiranagar
B00531,2024-06-16 07:00:00,Cappuccino,Food,G0223,538.92,1,Indiranagar
B00532,2023-11-05 12:00:00,Tea,Beverage,G0313,158.0,3,MG Road
B00533,2023-05-20 07:00:00,Espresso,Beverage,G0106,119.74,1,MG Road
B00534,2023-06-19 14:00:00,Sandwich,Food,G0181,589.24,1,Koramangala
B00535,2024-06-25 07:00:00,Espresso,Food,G0184,301.07,3,MG Road
B00536,2024-02-07 14:00:00,Cappuccino,Beverage,G0226,244.09,1,Indiranagar
B00537,2023-01-25 04:00:00,Cold Brew,Food,G0265,493.08,2,MG Road
B00538,2023-10-19 20:00:00,Muffin,Food,G0278,556.76,2,MG Road
B00539,2024-03-12 22:00:00,Muffin,Food,G0397,571.62,3,MG Road
B00540,2023-12-05 18:00:00,Tea,Food,G0089,260.12,1,Koramangala
B00541,2023-05-12 03:00:00,Cappuccino,Beverage,G0176,565.76,2,Koramangala
B00542,2023-06-27 01:00:00,Sandwich,Beverage,G0018,103.33,2,Indiranagar
B00543,2023-03-11 23:00:00,Tea,Beverage,G0371,108.31,2,Koramangala
B00544,2023-05-27 02:00:00,Cappuccino,Food,G0399,435.41,2,MG Road
B00545,2023-10-30 05:00:00,Croissant,Food,G0106,115.97,1,Koramangala
B00546,2023-04-25 08:00:00,Latte,Food,G0271,265.03,1,MG Road
B00547,2024-04-26 04:00:00,Tea,Food,G0319,463.47,1,Koramangala
B00548,2024-05-24 21:00:00,Tea,Food,G0167,272.24,1,Koramangala
B00549,2024-01-29 03:00:00,Sandwich,Food,G0013,182.37,2,Koramangala
B00550,2023-08-05 04:00:00,Espresso,Food,G0337,240.37,3,MG Road
B00551,2024-04-16 06:00:00,Croissant,Beverage,G0032,340.82,3,Koramangala
B00552,2023-03-31 05:00:00,Sandwich,Beverage,G0393,350.97,2,MG Road
B00553,2024-04-13 19:00:00,Cappuccino,Food,G0040,526.31,2,MG Road
B00554,2024-06-14 20:00:00,Cappuccino,Food,G0148,507.59,3,Indiranagar
B00555,2024-04-09 15:00:00,Cappuccino,Food,G0218,340.39,3,Koramangala
B00556,2024-03-11 17:00:00,Cold Brew,Beverage,G0219,562.03,2,Indiranagar
B00557,2023-10-03 17:00:00,Cappuccino,Beverage,G0082,145.12,2,Indiranagar
B00558,2023-04-14 07:00:00,Espresso,Food,G0333,225.55,1,MG Road
B00559,2023-09-28 04:00:00,Croissant,Food,G0208,551.95,1,Koramangala
B00560,2024-06-18 22:00:00,Muffin,Beverage,G0201,295.46,3,MG Road
B00561,2024-02-14 11:00:00,Latte,Beverage,G0332,639.27,2,MG Road
B00562,2023-11-06 05:00:00,Espresso,Beverage,G0038,345.76,3,Koramangala
B00563,2024-02-19 13:00:00,Espresso,Beverage,G0211,531.4,1,MG Road
B00564,2023-07-05 12:00:00,Cold Brew,Food,G0327,309.32,1,Koramangala
B00565,2024-03-03 14:00:00,Muffin,Beverage,G0249,322.22,3,Koramangala
B00566,2023-09-03 01:00:00,Muffin,Beverage,G0227,298.24,1,MG Road
B00567,2023-10-05 17:00:00,Latte,Food,G0048,489.87,2,MG Road
B00568,2023-04-29 17:00:00,Latte,Beverage,G0018,392.09,3,Indiranagar
B00569,2024-04-21 19:00:00,Muffin,Beverage,G0295,617.95,2,MG Road
B00570,2023-11-04 22:00:00,Cappuccino,Beverage,G0196,223.01,2,Koramangala
B00571,2023-10-15 17:00:00,Espresso,Food,G0187,137.32,1,Indiranagar
B00572,2024-05-11 18:00:00,Sandwich,Beverage,G0345,304.16,2,Koramangala
B00573,2023-04-14 17:00:00,Latte,Food,G0224,431.53,3,Indiranagar
B00574,2024-02-14 07:00:00,Cold Brew,Food,G0318,570.66,2,MG Road
B00575,2024-04-03 16:00:00,Cold Brew,Beverage,G0397,277.33,2,MG Road
B00576,2024-01-19 15:00:00,Latte,Beverage,G0365,452.66,2,MG Road
B00577,2024-02-02 12:00:00,Muffin,Beverage,G0337,279.61,2,Koramangala
B00578,2023-07-12 03:00:00,Croissant,Beverage,G0229,431.82,2,Indiranagar
B00579,2024-04-14 23:00:00,Sandwich,Food,G0390,584.34,1,Koramangala
B00580,2023-04-29 07:00:00,Sandwich,Beverage,G0077,211.87,3,Indiranagar
B00581,2023-12-22 07:00:00,Latte,Beverage,G0188,310.42,1,MG Road
B00582,2023-09-02 22:00:00,Cappuccino,Beverage,G0346,646.16,3,Koramangala
B00583,2024-06-16 16:00:00,Croissant,Food,G0270,575.08,3,MG Road
B00584,2024-01-14 15:00:00,Sandwich,Beverage,G0095,401.84,3,Koramangala
B00585,2023-09-20 15:00:00,Latte,Beverage,G0310,374.48,3,MG Road
B00586,2024-05-04 02:00:00,Cold Brew,Food,G0132,242.22,3,Koramangala
B00587,2023-02-05 11:00:00,Sandwich,Food,G0039,374.81,2,Koramangala
B00588,2023-03-12 07:00:00,Tea,Beverage,G0072,563.46,1,Indiranagar
B00589,2024-02-26 19:00:00,Croissant,Beverage,G0281,470.55,1,MG Road
B00590,2023-10-12 17:00:00,Croissant,Beverage,G0333,245.33,2,Indiranagar
B00591,2024-05-12 10:00:00,Tea,Beverage,G0160,194.83,3,Indiranagar
B00592,2023-04-12 03:00:00,Espresso,Beverage,G0187,231.17,1,MG Road
B00593,2024-02-11 16:00:00,Cold Brew,Food,G0191,176.76,2,Koramangala
B00594,2023-06-16 16:00:00,Tea,Food,G0120,134.52,2,Indiranagar
B00595,2023-07-30 12:00:00,Muffin,Beverage,G0220,318.91,1,MG Road
B00596,2023-04-25 02:00:00,Muffin,Beverage,G0053,144.58,1,Koramangala
B00597,2024-05-02 02:00:00,Latte,Food,G0222,177.99,3,Indiranagar
B00598,2023-08-27 20:00:00,Croissant,Beverage,G0131,391.98,3,Indiranagar
B00599,2023-08-13 11:00:00,Espresso,Beverage,G0237,173.82,1,Indiranagar
B00600,2023-11-30 10:00:00,Espresso,Beverage,G0246,116.41,3,Koramangala
B00601,2023-08-19 16:00:00,Sandwich,Beverage,G0226,260.91,2,Indiranagar
B00602,2023-06-13 01:00:00,Sandwich,Beverage,G0208,205.58,3,Koramangala
B00603,2023-02-14 10:00:00,Tea,Food,G0096,373.72,3,Indiranagar
B00604,2023-11-18 19:00:00,Espresso,Beverage,G0200,138.35,2,MG Road
B00605,2023-07-02 12:00:00,Tea,Beverage,G0247,508.51,3,Indiranagar
B00606,2024-03-19 04:00:00,Cold Brew,Beverage,G0072,596.55,2,MG Road
B00607,2023-06-21 03:00:00,Tea,Food,G0318,503.76,3,MG Road
B00608,2023-08-27 14:00:00,Sandwich,Food,G0185,383.71,1,MG Road
B00609,2023-05-21 13:00:00,Croissant,Food,G0006,570.58,3,Koramangala
B00610,2024-05-21 17:00:00,Tea,Food,G0206,476.1,1,MG Road
B00611,2024-03-23 10:00:00,Cappuccino,Beverage,G0032,86.01,1,Indiranagar
B00612,2024-01-08 17:00:00,Croissant,Food,G0099,304.63,1,Koramangala
B00613,2023-03-28 18:00:00,Espresso,Beverage,G0394,565.04,1,MG Road
B00614,2024-04-01 22:00:00,Espresso,Beverage,G0387,277.14,1,Koramangala
B00615,2024-04-07 00:00:00,Tea,Food,G0256,100.07,2,Koramangala
B00616,2024-05-30 17:00:00,Croissant,Food,G0187,505.32,2,Koramangala
B00617,2024-01-09 15:00:00,Sandwich,Food,G0076,537.16,2,Indiranagar
B00618,2023-10-09 04:00:00,Sandwich,Food,G0177,171.54,1,MG Road
B00619,2024-02-14 01:00:00,Muffin,Food,G0315,386.28,3,Koramangala
B00620,2024-04-14 05:00:00,Espresso,Beverage,G0287,189.41,2,Koramangala
B00621,2023-01-18 09:00:00,Latte,Food,G0349,489.96,3,Koramangala
B00622,2023-12-13 02:00:00,Muffin,Food,G0255,234.78,3,MG Road
B00623,2024-01-03 00:00:00,Sandwich,Food,G0325,260.24,1,Koramangala
B00624,2023-06-15 14:00:00,Croissant,Beverage,G0190,561.63,1,Koramangala
B00625,2023-05-17 03:00:00,Cold Brew,Food,G0308,351.5,1,Indiranagar
B00626,2023-02-04 09:00:00,Sandwich,Beverage,G0345,461.76,2,MG Road
B00627,2023-11-16 12:00:00,Croissant,Food,G0127,309.35,1,Indiranagar
B00628,2023-08-28 09:00:00,Muffin,Food,G0287,249.86,2,MG Road
B00629,2024-02-09 12:00:00,Espresso,Beverage,G0254,436.52,2,MG Road
B00630,2024-04-17 10:00:00,Sandwich,Food,G0213,168.27,2,MG Road
B00631,2023-01-18 04:00:00,Tea,Beverage,G0250,292.61,2,Indiranagar
B00632,2023-11-11 07:00:00,Croissant,Beverage,G0084,199.15,1,Indiranagar
B00633,2023-11-13 03:00:00,Espresso,Beverage,G0383,476.6,2,Indiranagar
B00634,2023-01-31 08:00:00,Cold Brew,Food,G0388,618.2,1,Indiranagar
B00635,2024-04-25 20:00:00,Cold Brew,Food,G0013,647.44,1,Koramangala
B00636,2023-10-26 12:00:00,Latte,Food,G0045,336.66,2,Koramangala
B00637,2024-04-03 08:00:00,Croissant,Beverage,G0127,223.94,1,Koramangala
B00638,2024-01-05 11:00:00,Muffin,Food,G0114,332.41,3,MG Road
B00639,2024-04-30 17:00:00,Latte,Beverage,G0276,562.94,1,Koramangala
B00640,2023-09-07 12:00:00,Latte,Food,G0205,197.42,1,MG Road
B00641,2023-04-15 08:00:00,Cappuccino,Beverage,G0337,622.69,2,Indiranagar
B00642,2023-05-04 15:00:00,Sandwich,Beverage,G0385,274.86,2,MG Road
B00643,2023-04-27 02:00:00,Croissant,Beverage,G0399,641.91,1,MG Road
B00644,2023-02-16 18:00:00,Latte,Food,G0273,558.01,2,Koramangala
B00645,2023-06-19 23:00:00,Cappuccino,Beverage,G0058,540.89,3,Indiranagar
B00646,2023-03-07 11:00:00,Muffin,Beverage,G0328,261.21,3,Indiranagar
B00647,2023-07-31 09:00:00,Espresso,Beverage,G0219,85.0,2,Koramangala
B00648,2023-08-01 16:00:00,Tea,Beverage,G0109,297.82,1,Indiranagar
B00649,2023-03-31 07:00:00,Tea,Beverage,G0279,252.03,3,Indiranagar
B00650,2024-02-16 15:00:00,Croissant,Beverage,G0174,101.32,3,Indiranagar
B00651,2023-10-11 14:00:00,Latte,Food,G0328,368.06,1,Koramangala
B00652,2023-11-03 13:00:00,Tea,Food,G0264,309.73,2,Indiranagar
B00653,2024-05-28 12:00:00,Sandwich,Beverage,G0315,441.7,3,MG Road
B00654,2024-05-16 19:00:00,Tea,Food,G0111,434.08,1,MG Road
B00655,2023-05-24 08:00:00,Tea,Food,G0187,148.83,1,Indiranagar
B00656,2023-06-06 22:00:00,Tea,Beverage,G0269,636.87,3,Koramangala
B00657,2023-08-24 04:00:00,Cold Brew,Beverage,G0229,186.55,2,Koramangala
B00658,2024-03-14 06:00:00,Cappuccino,Beverage,G0156,333.81,3,Koramangala
B00659,2023-05-02 10:00:00,Latte,Food,G0189,358.23,1,Indiranagar
B00660,2023-07-27 00:00:00,Sandwich,Beverage,G0272,543.45,3,Indiranagar
B00661,2023-09-04 13:00:00,Latte,Food,G0375,136.56,2,MG Road
B00662,2024-05-21 00:00:00,Cold Brew,Beverage,G0002,324.33,1,Koramangala
B00663,2024-01-02 03:00:00,Croissant,Food,G0246,438.25,2,MG Road
B00664,2023-01-31 08:00:00,Croissant,Beverage,G0210,202.64,3,MG Road
B00665,2023-02-26 21:00:00,Croissant,Beverage,G0286,437.66,3,Koramangala
B00666,2023-07-07 04:00:00,Muffin,Food,G0359,606.49,2,Indiranagar
B00667,2023-01-30 02:00:00,Tea,Food,G0013,648.59,3,Indiranagar
B00668,2023-10-27 10:00:00,Muffin,Food,G0096,98.5,2,MG Road
B00669,2023-01-17 11:00:00,Cappuccino,Food,G0221,214.29,3,MG Road
B00670,2023-11-05 08:00:00,Croissant,Food,G0238,256.88,2,MG Road
B00671,2023-12-03 18:00:00,Cold Brew,Food,G0094,307.5,2,MG Road
B00672,2023-06-23 19:00:00,Sandwich,Beverage,G0338,218.09,1,Koramangala
B00673,2023-07-01 16:00:00,Latte,Food,G0269,195.99,1,MG Road
B00674,2023-04-15 06:00:00,Tea,Beverage,G0171,624.1,2,MG Road
B00675,2024-02-22 03:00:00,Espresso,Beverage,G0094,603.56,3,Indiranagar
B00676,2023-01-30 21:00:00,Sandwich,Food,G0149,106.79,3,Indiranagar
B00677,2023-04-26 22:00:00,Tea,Beverage,G0112,273.12,3,Indiranagar
B00678,2023-07-26 02:00:00,Muffin,Food,G0055,310.93,2,Koramangala
B00679,2024-05-05 09:00:00,Muffin,Food,G0337,216.24,2,Koramangala
B00680,2023-08-17 14:00:00,Sandwich,Beverage,G0116,438.46,2,Indiranagar
B00681,2023-12-14 07:00:00,Muffin,Beverage,G0143,445.02,2,Indiranagar
B00682,2023-07-27 12:00:00,Croissant,Food,G0201,564.79,1,MG Road
B00683,2024-04-17 04:00:00,Cappuccino,Food,G0180,502.3,2,MG Road
B00684,2023-10-30 18:00:00,Latte,Beverage,G0202,389.27,3,Koramangala
B00685,2023-07-07 03:00:00,Cappuccino,Beverage,G0364,452.54,1,Koramangala
B00686,2023-10-27 16:00:00,Tea,Beverage,G0053,236.17,3,MG Road
B00687,2024-04-08 18:00:00,Latte,Beverage,G0384,418.04,2,Indiranagar
B00688,2023-08-21 20:00:00,Cold Brew,Food,G0180,358.86,1,MG Road
B00689,2023-11-15 19:00:00,Latte,Food,G0313,156.01,2,Koramangala
B00690,2023-06-01 12:00:00,Cappuccino,Food,G0308,218.25,1,Koramangala
B00691,2024-04-20 14:00:00,Sandwich,Food,G0137,246.27,3,MG Road
B00692,2023-02-18 15:00:00,Latte,Beverage,G0182,606.86,2,MG Road
B00693,2024-03-26 08:00:00,Cold Brew,Beverage,G0367,211.32,2,MG Road
B00694,2023-02-14 06:00:00,Cold Brew,Food,G0001,244.87,1,Koramangala
B00695,2023-03-31 20:00:00,Cold Brew,Food,G0044,290.53,1,Indiranagar
B00696,2023-11-24 12:00:00,Cappuccino,Food,G0227,458.33,2,MG Road
B00697,2023-08-04 01:00:00,Latte,Food,G0331,147.4,1,Koramangala
B00698,2023-08-10 01:00:00,Espresso,Food,G0098,623.75,2,Koramangala
B00699,2024-04-10 14:00:00,Sandwich,Food,G0208,573.38,1,Koramangala
B00700,2023-09-30 13:00:00,Croissant,Food,G0265,409.01,3,MG Road
B00701,2024-04-23 14:00:00,Latte,Food,G0288,464.2,1,MG Road
B00702,2023-07-17 01:00:00,Cold Brew,Food,G0271,89.5,3,Indiranagar
B00703,2024-01-25 12:00:00,Espresso,Beverage,G0140,273.2,1,Koramangala
B00704,2023-11-02 10:00:00,Croissant,Food,G0237,533.53,1,MG Road
B00705,2023-08-11 06:00:00,Croissant,Beverage,G0392,124.17,2,Koramangala
B00706,2024-01-07 20:00:00,Tea,Beverage,G0072,240.92,1,Koramangala
B00707,2023-06-30 10:00:00,Latte,Food,G0155,413.62,1,Indiranagar
B00708,2023-11-30 18:00:00,Cappuccino,Food,G0190,226.16,3,MG Road
B00709,2023-10-11 09:00:00,Latte,Beverage,G0268,612.37,1,MG Road
B00710,2023-07-21 22:00:00,Espresso,Beverage,G0321,154.7,2,Koramangala
B00711,2023-10-08 11:00:00,Croissant,Food,G0107,534.51,3,Koramangala
B00712,2023-10-29 17:00:00,Latte,Beverage,G0232,369.53,2,Indiranagar
B00713,2023-02-09 17:00:00,Cappuccino,Food,G0042,507.69,2,Indiranagar
B00714,2023-04-16 19:00:00,Tea,Food,G0190,257.11,2,Indiranagar
B00715,2023-10-22 00:00:00,Latte,Food,G0371,373.26,2,Indiranagar
B00716,2024-04-24 20:00:00,Sandwich,Beverage,G0139,568.4,3,Indiranagar
B00717,2024-04-23 21:00:00,Tea,Beverage,G0103,346.12,1,Indiranagar
B00718,2023-03-06 06:00:00,Cappuccino,Food,G0171,285.04,2,Koramangala
B00719,2023-08-09 13:00:00,Espresso,Beverage,G0351,385.61,3,Indiranagar
B00720,2023-02-19 15:00:00,Croissant,Beverage,G0273,488.9,2,Koramangala
B00721,2023-09-21 01:00:00,Latte,Beverage,G0221,332.83,1,Koramangala
B00722,2024-04-11 01:00:00,Cappuccino,Beverage,G0213,615.16,3,MG Road
B00723,2023-10-17 02:00:00,Tea,Beverage,G0341,248.12,3,Koramangala
B00724,2023-04-22 17:00:00,Sandwich,Beverage,G0056,351.01,1,Koramangala
B00725,2024-01-28 01:00:00,Cappuccino,Beverage,G0390,511.45,3,Indiranagar
B00726,2023-03-06 04:00:00,Muffin,Food,G0342,472.8,1,Koramangala
B00727,2023-09-15 04:00:00,Cold Brew,Beverage,G0102,572.28,3,Indiranagar
B00728,2024-04-21 04:00:00,Sandwich,Beverage,G0192,648.18,3,Indiranagar
B00729,2023-08-19 21:00:00,Tea,Beverage,G0310,323.31,1,Indiranagar
B00730,2024-03-16 18:00:00,Espresso,Beverage,G0200,143.36,1,MG Road
B00731,2024-05-11 07:00:00,Croissant,Beverage,G0233,97.34,3,Indiranagar
B00732,2024-02-04 04:00:00,Tea,Beverage,G0227,494.32,3,Koramangala
B00733,2024-02-23 16:00:00,Cold Brew,Beverage,G0371,578.19,1,Indiranagar
B00734,2023-02-26 21:00:00,Espresso,Beverage,G0139,205.81,1,Indiranagar
B00735,2023-12-29 03:00:00,Latte,Food,G0344,170.32,3,Indiranagar
B00736,2024-02-16 08:00:00,Cappuccino,Beverage,G0305,115.46,3,MG Road
B00737,2023-12-29 14:00:00,Muffin,Beverage,G0149,548.94,3,Koramangala
B00738,2023-11-09 06:00:00,Sandwich,Beverage,G0115,257.49,1,MG Road
B00739,2023-06-29 16:00:00,Sandwich,Beverage,G0063,308.97,3,Koramangala
B00740,2023-02-25 04:00:00,Cappuccino,Food,G0104,366.57,2,MG Road
B00741,2024-01-25 11:00:00,Muffin,Food,G0339,558.49,1,Koramangala
B00742,2024-02-22 11:00:00,Cappuccino,Food,G0359,450.97,3,MG Road
B00743,2023-05-11 21:00:00,Latte,Food,G0156,430.59,1,Indiranagar
B00744,2023-11-06 03:00:00,Cold Brew,Food,G0273,180.13,2,MG Road
B00745,2023-05-26 06:00:00,Espresso,Food,G0006,372.52,1,MG Road
B00746,2023-03-17 10:00:00,Tea,Food,G0147,487.77,3,Indiranagar
B00747,2023-10-02 12:00:00,Sandwich,Food,G0184,634.76,2,Indiranagar
B00748,2023-05-02 19:00:00,Latte,Food,G0028,194.8,2,Koramangala
B00749,2023-08-09 21:00:00,Espresso,Food,G0038,85.44,3,Koramangala
B00750,2024-03-09 14:00:00,Latte,Food,G0119,122.92,3,Koramangala
B00751,2023-06-24 10:00:00,Muffin,Food,G0293,294.24,3,MG Road
B00752,2024-01-07 01:00:00,Sandwich,Food,G0371,547.71,1,Koramangala
B00753,2023-09-07 01:00:00,Tea,Food,G0244,84.07,1,MG Road
B00754,2024-05-06 10:00:00,Cappuccino,Food,G0068,340.34,1,MG Road
B00755,2024-05-28 14:00:00,Cappuccino,Food,G0214,267.66,3,Koramangala
B00756,2024-05-03 02:00:00,Espresso,Beverage,G0218,109.91,3,Koramangala
B00757,2023-06-27 20:00:00,Tea,Food,G0177,336.63,1,MG Road
B00758,2023-07-17 20:00:00,Cold Brew,Beverage,G0299,225.21,2,Indiranagar
B00759,2023-07-22 01:00:00,Croissant,Food,G0164,280.57,1,Indiranagar
B00760,2024-01-29 03:00:00,Muffin,Food,G0058,482.2,2,MG Road
B00761,2023-06-04 13:00:00,Espresso,Beverage,G0269,377.28,3,Koramangala
B00762,2024-01-22 09:00:00,Croissant,Food,G0308,151.05,3,MG Road
B00763,2023-10-03 19:00:00,Latte,Beverage,G0058,628.01,1,MG Road
B00764,2023-12-27 07:00:00,Muffin,Beverage,G0288,442.47,1,Koramangala
B00765,2024-01-14 14:00:00,Latte,Beverage,G0105,516.55,3,Indiranagar
B00766,2024-02-04 00:00:00,Cold Brew,Food,G0228,125.15,1,MG Road
B00767,2024-02-27 22:00:00,Tea,Food,G0247,106.82,3,Indiranagar
B00768,2023-05-09 00:00:00,Sandwich,Food,G0188,91.09,3,Indiranagar
B00769,2023-09-30 02:00:00,Muffin,Beverage,G0083,187.61,2,Koramangala
B00770,2024-02-29 12:00:00,Croissant,Beverage,G0186,316.21,1,MG Road
B00771,2024-06-03 21:00:00,Cold Brew,Food,G0252,613.42,3,MG Road
B00772,2023-01-22 00:00:00,Sandwich,Food,G0355,340.52,1,Indiranagar
B00773,2023-02-20 14:00:00,Cappuccino,Food,G0238,245.45,2,Indiranagar
B00774,2023-03-05 19:00:00,Croissant,Food,G0360,400.3,2,Koramangala
B00775,2024-04-29 16:00:00,Espresso,Food,G0184,143.8,1,Indiranagar
B00776,2023-11-12 16:00:00,Cappuccino,Beverage,G0284,427.42,1,Koramangala
B00777,2023-02-04 07:00:00,Cold Brew,Beverage,G0385,404.01,3,MG Road
B00778,2023-02-08 16:00:00,Cappuccino,Beverage,G0210,531.44,2,Koramangala
B00779,2023-07-29 13:00:00,Espresso,Food,G0304,642.41,2,Indiranagar
B00780,2023-01-06 13:00:00,Muffin,Beverage,G0296,223.0,2,MG Road
B00781,2023-03-29 17:00:00,Cappuccino,Beverage,G0097,370.5,1,Koramangala
B00782,2023-06-01 03:00:00,Tea,Beverage,G0208,598.05,3,MG Road
B00783,2024-06-24 12:00:00,Croissant,Beverage,G0370,527.56,1,Koramangala
B00784,2023-09-21 04:00:00,Sandwich,Beverage,G0388,357.82,1,Indiranagar
B00785,2023-03-19 04:00:00,Cappuccino,Food,G0137,618.86,1,Indiranagar
B00786,2023-07-24 14:00:00,Croissant,Beverage,G0367,112.62,3,MG Road
B00787,2023-06-23 23:00:00,Latte,Food,G0184,610.67,1,MG Road
B00788,2024-04-08 13:00:00,Croissant,Food,G0076,108.79,2,MG Road
B00789,2024-04-23 04:00:00,Sandwich,Food,G0287,391.96,2,Koramangala
B00790,2024-06-04 10:00:00,Croissant,Food,G0375,587.55,2,Indiranagar
B00791,2024-04-03 11:00:00,Espresso,Food,G0142,229.75,3,MG Road
B00792,2023-08-11 20:00:00,Cold Brew,Beverage,G0237,349.18,1,MG Road
B00793,2024-01-29 10:00:00,Sandwich,Beverage,G0025,264.87,3,MG Road
B00794,2024-05-02 16:00:00,Cold Brew,Food,G0290,622.72,1,Koramangala
B00795,2023-09-15 22:00:00,Muffin,Food,G0067,549.48,2,MG Road
B00796,2023-02-22 08:00:00,Cold Brew,Food,G0250,484.13,1,MG Road
B00797,2023-05-21 16:00:00,Latte,Beverage,G0118,414.95,1,Koramangala
B00798,2023-08-24 05:00:00,Espresso,Food,G0073,547.74,1,Koramangala
B00799,2023-05-26 06:00:00,Muffin,Beverage,G0282,303.59,3,MG Road
B00800,2023-05-30 08:00:00,Croissant,Food,G0360,335.1,1,MG Road
B00801,2024-02-04 12:00:00,Sandwich,Beverage,G0010,496.1,1,Koramangala
B00802,2024-05-07 21:00:00,Latte,Food,G0211,283.92,1,Indiranagar
B00803,2023-12-02 13:00:00,Espresso,Beverage,G0323,116.42,3,Koramangala
B00804,2023-05-19 18:00:00,Muffin,Food,G0152,122.37,3,Indiranagar
B00805,2023-04-23 15:00:00,Muffin,Beverage,G0005,145.76,3,MG Road
B00806,2023-12-27 22:00:00,Latte,Beverage,G0195,575.72,1,MG Road
B00807,2023-12-05 08:00:00,Tea,Beverage,G0283,349.17,2,Indiranagar
B00808,2023-10-24 10:00:00,Croissant,Beverage,G0113,486.34,2,Koramangala
B00809,2023-02-26 09:00:00,Latte,Beverage,G0271,303.96,2,MG Road
B00810,2024-04-02 07:00:00,Muffin,Beverage,G0163,227.47,1,Indiranagar
B00811,2024-04-04 07:00:00,Cappuccino,Beverage,G0105,277.9,2,Koramangala
B00812,2023-07-30 23:00:00,Espresso,Food,G0181,532.68,2,Indiranagar
B00813,2023-12-23 05:00:00,Latte,Food,G0044,436.37,2,Koramangala
B00814,2024-04-12 03:00:00,Tea,Food,G0282,614.45,1,Koramangala
B00815,2023-11-12 15:00:00,Muffin,Food,G0175,467.43,2,Koramangala
B00816,2023-01-28 19:00:00,Croissant,Food,G0162,405.0,2,Koramangala
B00817,2023-07-06 04:00:00,Cold Brew,Beverage,G0351,427.81,1,Indiranagar
B00818,2024-01-25 01:00:00,Muffin,Beverage,G0340,617.15,3,Indiranagar
B00819,2023-10-12 03:00:00,Croissant,Beverage,G0140,529.27,2,Indiranagar
B00820,2024-05-30 17:00:00,Latte,Beverage,G0132,93.7,3,Indiranagar
B00821,2023-06-04 23:00:00,Croissant,Beverage,G0087,384.46,2,Indiranagar
B00822,2023-04-25 09:00:00,Sandwich,Food,G0176,472.35,1,Koramangala
B00823,2023-11-08 19:00:00,Sandwich,Food,G0183,506.76,3,MG Road
B00824,2023-01-23 11:00:00,Sandwich,Food,G0368,201.49,3,MG Road
B00825,2024-04-02 03:00:00,Tea,Food,G0129,574.29,3,Indiranagar
B00826,2023-07-26 20:00:00,Tea,Beverage,G0246,624.83,3,Indiranagar
B00827,2024-05-28 16:00:00,Cappuccino,Beverage,G0089,214.93,2,MG Road
B00828,2023-07-21 11:00:00,Tea,Beverage,G0066,583.09,2,Koramangala
B00829,2023-06-07 07:00:00,Cold Brew,Food,G0158,135.28,3,Indiranagar
B00830,2023-09-09 18:00:00,Latte,Beverage,G0387,111.75,2,Koramangala
B00831,2023-10-23 22:00:00,Muffin,Food,G0378,153.66,3,MG Road
B00832,2023-11-01 16:00:00,Muffin,Beverage,G0149,112.91,3,MG Road
B00833,2023-08-10 16:00:00,Cappuccino,Beverage,G0340,561.66,1,Indiranagar
B00834,2023-09-13 12:00:00,Tea,Food,G0116,113.66,3,Koramangala
B00835,2023-11-25 19:00:00,Cold Brew,Beverage,G0214,234.85,2,Indiranagar
B00836,2024-03-21 20:00:00,Croissant,Beverage,G0372,139.14,3,MG Road
B00837,2023-04-26 19:00:00,Cappuccino,Food,G0294,248.39,1,Koramangala
B00838,2023-02-08 12:00:00,Cold Brew,Beverage,G0253,131.62,2,Indiranagar
B00839,2024-04-09 12:00:00,Croissant,Food,G0143,460.76,1,Indiranagar
B00840,2023-03-07 21:00:00,Cold Brew,Beverage,G0250,156.0,1,Indiranagar
B00841,2023-11-18 10:00:00,Croissant,Beverage,G0366,565.55,3,MG Road
B00842,2023-05-19 12:00:00,Espresso,Beverage,G0302,545.8,1,Indiranagar
B00843,2024-06-12 05:00:00,Cold Brew,Beverage,G0025,87.79,1,Koramangala
B00844,2023-08-27 01:00:00,Muffin,Beverage,G0277,590.56,2,Indiranagar
B00845,2023-10-20 18:00:00,Sandwich,Beverage,G0377,96.5,1,MG Road
B00846,2023-01-11 15:00:00,Tea,Beverage,G0378,216.6,3,Indiranagar
B00847,2023-07-20 04:00:00,Croissant,Beverage,G0389,98.46,3,MG Road
B00848,2023-03-18 14:00:00,Espresso,Food,G0070,271.43,3,MG Road
B00849,2024-02-27 08:00:00,Cold Brew,Food,G0113,372.9,1,Koramangala
B00850,2023-01-01 09:00:00,Muffin,Beverage,G0363,534.09,2,Koramangala
B00851,2023-04-30 15:00:00,Sandwich,Beverage,G0112,272.65,3,Indiranagar
B00852,2024-01-10 13:00:00,Croissant,Food,G0364,482.13,1,MG Road
B00853,2023-11-05 17:00:00,Cold Brew,Beverage,G0303,186.88,3,MG Road
B00854,2023-11-06 02:00:00,Cold Brew,Beverage,G0091,507.84,3,Koramangala
B00855,2023-08-02 12:00:00,Croissant,Food,G0018,214.52,2,Koramangala
B00856,2023-02-12 07:00:00,Cappuccino,Beverage,G0149,161.82,3,Indiranagar
B00857,2024-02-22 08:00:00,Cappuccino,Beverage,G0227,185.68,2,MG Road
B00858,2024-06-11 13:00:00,Muffin,Food,G0214,183.78,1,Koramangala
B00859,2024-04-17 00:00:00,Sandwich,Beverage,G0360,372.33,3,Indiranagar
B00860,2023-04-02 09:00:00,Croissant,Beverage,G0151,561.53,1,MG Road
B00861,2023-12-17 15:00:00,Muffin,Food,G0192,125.37,1,MG Road
B00862,2023-11-07 09:00:00,Muffin,Beverage,G0040,482.97,1,Koramangala
B00863,2023-06-23 06:00:00,Latte,Food,G0242,452.98,3,Indiranagar
B00864,2023-06-13 13:00:00,Cold Brew,Beverage,G0138,577.34,2,Koramangala
B00865,2023-10-18 10:00:00,Tea,Beverage,G0345,219.16,3,Indiranagar
B00866,2023-10-17 02:00:00,Cold Brew,Food,G0180,336.56,1,MG Road
B00867,2023-07-19 08:00:00,Cappuccino,Food,G0200,607.72,2,Indiranagar
B00868,2023-06-16 16:00:00,Sandwich,Beverage,G0203,456.2,1,Indiranagar
B00869,2023-03-10 01:00:00,Cold Brew,Food,G0061,301.6,2,Indiranagar
B00870,2024-03-07 00:00:00,Croissant,Food,G0192,154.91,3,Indiranagar
B00871,2023-10-30 18:00:00,Muffin,Beverage,G0005,229.62,2,Indiranagar
B00872,2023-12-29 14:00:00,Croissant,Beverage,G0378,411.29,3,Koramangala
B00873,2023-01-17 00:00:00,Latte,Beverage,G0237,489.36,1,Indiranagar
B00874,2023-01-17 20:00:00,Sandwich,Food,G0181,150.92,2,Indiranagar
B00875,2023-12-07 15:00:00,Muffin,Food,G0311,421.77,1,MG Road
B00876,2024-06-17 13:00:00,Croissant,Food,G0037,393.7,2,Indiranagar
B00877,2024-06-15 19:00:00,Cappuccino,Food,G0056,372.95,3,MG Road
B00878,2023-03-25 08:00:00,Tea,Beverage,G0237,473.37,2,Koramangala
B00879,2024-04-01 04:00:00,Latte,Food,G0358,557.35,2,Koramangala
B00880,2024-02-15 20:00:00,Sandwich,Beverage,G0349,264.1,3,Indiranagar
B00881,2023-09-07 13:00:00,Latte,Food,G0197,586.74,3,Koramangala
B00882,2023-03-02 20:00:00,Cappuccino,Beverage,G0073,171.56,3,Indiranagar
B00883,2023-10-27 14:00:00,Sandwich,Beverage,G0059,178.62,2,Koramangala
B00884,2023-10-25 12:00:00,Latte,Beverage,G0240,232.06,1,Indiranagar
B00885,2023-06-01 12:00:00,Espresso,Food,G0002,148.13,2,Indiranagar
B00886,2024-03-30 20:00:00,Cappuccino,Beverage,G0360,211.28,2,MG Road
B00887,2023-07-20 09:00:00,Cappuccino,Beverage,G0188,140.65,1,MG Road
B00888,2023-06-24 02:00:00,Cappuccino,Food,G0307,548.4,3,MG Road
B00889,2023-10-29 21:00:00,Espresso,Beverage,G0030,159.21,2,MG Road
B00890,2023-10-03 00:00:00,Espresso,Food,G0267,505.96,1,Indiranagar
B00891,2023-09-07 21:00:00,Croissant,Food,G0108,107.31,3,Koramangala
B00892,2023-03-27 08:00:00,Muffin,Beverage,G0332,620.66,3,Indiranagar
B00893,2024-05-29 02:00:00,Tea,Beverage,G0090,485.36,2,MG Road
B00894,2023-07-19 04:00:00,Latte,Food,G0205,83.87,3,MG Road
B00895,2023-01-30 20:00:00,Croissant,Beverage,G0379,515.4,3,Koramangala
B00896,2023-11-27 19:00:00,Latte,Food,G0381,373.03,1,MG Road
B00897,2023-08-20 21:00:00,Tea,Food,G0220,524.24,1,Indiranagar
B00898,2023-07-09 08:00:00,Muffin,Food,G0378,377.82,3,Indiranagar
B00899,2023-07-27 08:00:00,Espresso,Beverage,G0094,445.38,1,Indiranagar
B00900,2024-06-16 07:00:00,Muffin,Food,G0103,528.21,3,Indiranagar
B00901,2024-02-22 07:00:00,Espresso,Beverage,G0223,310.91,2,Indiranagar
B00902,2024-03-04 01:00:00,Tea,Beverage,G0186,81.54,1,Koramangala
B00903,2023-05-23 11:00:00,Muffin,Beverage,G0184,564.47,3,Indiranagar
B00904,2023-10-29 15:00:00,Croissant,Beverage,G0162,297.11,3,MG Road
B00905,2024-02-11 22:00:00,Sandwich,Food,G0247,362.74,1,MG Road
B00906,2023-01-11 09:00:00,Croissant,Beverage,G0031,84.43,1,MG Road
B00907,2024-01-05 09:00:00,Latte,Food,G0052,360.49,2,MG Road
B00908,2024-06-14 05:00:00,Croissant,Food,G0345,642.3,3,Koramangala
B00909,2024-03-07 13:00:00,Tea,Beverage,G0076,238.61,2,MG Road
B00910,2023-02-02 02:00:00,Cappuccino,Food,G0385,305.39,2,Koramangala
B00911,2024-05-21 10:00:00,Latte,Food,G0278,471.7,2,MG Road
B00912,2023-07-01 19:00:00,Muffin,Beverage,G0040,544.43,1,Koramangala
B00913,2024-02-29 00:00:00,Latte,Food,G0101,317.91,2,Koramangala
B00914,2023-02-14 21:00:00,Sandwich,Food,G0111,256.51,1,Koramangala
B00915,2023-12-18 03:00:00,Espresso,Food,G0385,614.56,1,MG Road
B00916,2023-12-24 12:00:00,Muffin,Food,G0321,465.97,2,Koramangala
B00917,2024-04-12 21:00:00,Cold Brew,Beverage,G0249,147.84,2,Indiranagar
B00918,2023-11-26 05:00:00,Latte,Food,G0191,119.29,3,Indiranagar
B00919,2023-07-22 10:00:00,Muffin,Food,G0182,355.62,2,MG Road
B00920,2024-02-23 08:00:00,Muffin,Food,G0335,205.45,3,Indiranagar
B00921,2023-09-30 16:00:00,Muffin,Food,G0209,224.77,2,Indiranagar
B00922,2023-07-16 15:00:00,Espresso,Beverage,G0022,580.28,2,Indiranagar
B00923,2023-04-28 06:00:00,Cold Brew,Food,G0166,131.05,2,MG Road
B00924,2023-05-21 14:00:00,Tea,Beverage,G0099,487.76,2,MG Road
B00925,2024-04-22 22:00:00,Croissant,Food,G0208,234.55,3,Indiranagar
B00926,2023-02-22 04:00:00,Muffin,Beverage,G0008,513.39,3,MG Road
B00927,2023-10-19 12:00:00,Cappuccino,Beverage,G0190,491.77,2,Koramangala
B00928,2024-05-22 05:00:00,Tea,Beverage,G0175,84.21,2,Indiranagar
B00929,2023-07-14 17:00:00,Sandwich,Beverage,G0273,370.21,3,MG Road
B00930,2024-03-05 18:00:00,Espresso,Beverage,G0017,159.41,1,MG Road
B00931,2023-07-08 18:00:00,Latte,Food,G0090,573.75,1,Indiranagar
B00932,2024-03-06 22:00:00,Espresso,Food,G0141,576.8,1,MG Road
B00933,2024-06-27 19:00:00,Latte,Food,G0145,318.46,3,Indiranagar
B00934,2023-10-14 17:00:00,Espresso,Beverage,G0166,333.31,3,MG Road
B00935,2023-10-17 13:00:00,Latte,Food,G0337,252.87,1,Koramangala
B00936,2024-02-01 17:00:00,Muffin,Beverage,G0078,488.47,1,Indiranagar
B00937,2023-09-18 01:00:00,Croissant,Beverage,G0262,284.44,2,Koramangala
B00938,2023-12-01 01:00:00,Latte,Food,G0163,232.64,3,Indiranagar
B00939,2023-10-17 05:00:00,Cold Brew,Food,G0366,326.37,3,MG Road
B00940,2024-02-02 22:00:00,Latte,Beverage,G0014,132.15,1,Koramangala
B00941,2023-10-19 18:00:00,Cappuccino,Beverage,G0239,505.56,1,MG Road
B00942,2024-03-20 18:00:00,Latte,Food,G0072,87.18,3,Indiranagar
B00943,2024-06-14 14:00:00,Cappuccino,Food,G0143,447.36,2,Indiranagar
B00944,2024-03-01 09:00:00,Sandwich,Food,G0310,184.23,1,Indiranagar
B00945,2023-02-25 11:00:00,Muffin,Food,G0283,212.47,3,Indiranagar
B00946,2024-06-06 08:00:00,Cappuccino,Beverage,G0269,442.31,3,Indiranagar
B00947,2023-06-27 13:00:00,Croissant,Food,G0241,645.98,2,Koramangala
B00948,2023-11-15 16:00:00,Tea,Food,G0245,523.3,2,Indiranagar
B00949,2024-02-02 22:00:00,Muffin,Food,G0163,208.73,1,MG Road
B00950,2023-08-02 03:00:00,Cappuccino,Beverage,G0060,180.33,1,Koramangala
B00951,2023-07-13 05:00:00,Muffin,Beverage,G0006,573.75,1,MG Road
B00952,2023-07-22 06:00:00,Cold Brew,Beverage,G0197,333.18,3,Indiranagar
B00953,2023-05-13 09:00:00,Muffin,Beverage,G0058,158.12,1,MG Road
B00954,2023-11-19 02:00:00,Muffin,Food,G0305,571.46,3,Koramangala
B00955,2024-03-06 00:00:00,Sandwich,Beverage,G0217,545.17,1,Koramangala
B00956,2023-04-01 20:00:00,Croissant,Food,G0026,640.83,2,Koramangala
B00957,2023-07-23 20:00:00,Espresso,Food,G0303,598.55,2,MG Road
B00958,2023-10-21 11:00:00,Espresso,Food,G0005,565.52,3,Koramangala
B00959,2023-01-06 17:00:00,Cappuccino,Food,G0020,109.97,2,MG Road
B00960,2023-09-21 15:00:00,Muffin,Beverage,G0390,139.52,3,Indiranagar
B00961,2023-05-25 16:00:00,Cappuccino,Beverage,G0198,404.32,3,Indiranagar
B00962,2023-08-16 01:00:00,Sandwich,Beverage,G0059,382.94,2,MG Road
B00963,2023-04-29 00:00:00,Sandwich,Food,G0242,341.04,3,Koramangala
B00964,2023-05-30 03:00:00,Latte,Food,G0146,306.17,2,MG Road
B00965,2023-09-06 19:00:00,Cold Brew,Food,G0388,325.79,1,MG Road
B00966,2024-04-12 15:00:00,Sandwich,Food,G0273,404.5,1,MG Road
B00967,2023-06-23 12:00:00,Latte,Food,G0249,81.18,2,Indiranagar
B00968,2024-03-25 09:00:00,Croissant,Beverage,G0014,228.6,2,MG Road
B00969,2023-11-27 21:00:00,Cappuccino,Food,G0013,375.42,2,Indiranagar
B00970,2023-08-21 01:00:00,Tea,Beverage,G0391,491.66,2,MG Road
B00971,2023-06-29 04:00:00,Croissant,Food,G0384,179.27,1,Indiranagar
B00972,2023-09-19 05:00:00,Sandwich,Food,G0044,391.72,3,MG Road
B00973,2023-06-09 02:00:00,Croissant,Beverage,G0375,487.24,3,MG Road
B00974,2024-05-28 18:00:00,Croissant,Beverage,G0399,333.44,1,Koramangala
B00975,2024-05-15 15:00:00,Cold Brew,Food,G0019,95.44,3,Koramangala
B00976,2024-05-24 18:00:00,Cold Brew,Food,G0063,336.08,1,MG Road
B00977,2023-03-21 10:00:00,Cold Brew,Food,G0239,248.97,3,MG Road
B00978,2023-09-18 14:00:00,Croissant,Food,G0337,609.9,2,MG Road
B00979,2023-02-01 16:00:00,Sandwich,Beverage,G0100,151.03,2,MG Road
B00980,2023-11-23 06:00:00,Tea,Food,G0163,451.91,2,Koramangala
B00981,2023-11-03 06:00:00,Muffin,Beverage,G0122,110.05,1,Indiranagar
B00982,2023-09-17 22:00:00,Croissant,Food,G0044,334.32,1,MG Road
B00983,2023-09-11 18:00:00,Latte,Beverage,G0360,395.77,3,Koramangala
B00984,2024-04-29 21:00:00,Sandwich,Beverage,G0317,249.83,3,MG Road
B00985,2023-09-09 07:00:00,Croissant,Food,G0381,339.39,3,MG Road
B00986,2023-11-17 07:00:00,Tea,Beverage,G0145,173.23,1,Indiranagar
B00987,2024-01-14 19:00:00,Muffin,Food,G0327,253.35,3,MG Road
B00988,2024-06-10 23:00:00,Cold Brew,Beverage,G0363,434.03,2,MG Road
B00989,2024-04-09 03:00:00,Sandwich,Food,G0050,252.03,3,Indiranagar
B00990,2024-02-17 23:00:00,Espresso,Beverage,G0065,592.85,2,Indiranagar
B00991,2023-12-20 00:00:00,Muffin,Food,G0355,438.19,1,Indiranagar
B00992,2024-04-22 10:00:00,Latte,Food,G0288,330.03,2,Indiranagar
B00993,2023-03-20 15:00:00,Croissant,Beverage,G0164,102.09,2,Koramangala
B00994,2023-05-17 02:00:00,Tea,Beverage,G0141,364.74,2,Koramangala
B00995,2023-01-28 18:00:00,Espresso,Beverage,G0314,515.92,1,Koramangala
B00996,2023-06-24 12:00:00,Tea,Beverage,G0128,231.37,1,MG Road
B00997,2023-01-28 23:00:00,Espresso,Food,G0398,539.86,1,Indiranagar
B00998,2024-02-28 09:00:00,Sandwich,Beverage,G0368,223.53,1,Indiranagar
B00999,2024-05-29 12:00:00,Espresso,Food,G0239,549.54,3,Koramangala
B01000,2023-10-10 09:00:00,Latte,Beverage,G0324,128.6,1,MG Road
B01001,2024-04-16 10:00:00,Latte,Food,G0296,573.72,2,MG Road
B01002,2023-11-12 10:00:00,Cappuccino,Food,G0187,364.54,1,MG Road
B01003,2023-11-28 12:00:00,Latte,Food,G0208,249.03,3,Koramangala
B01004,2023-08-02 12:00:00,Muffin,Food,G0220,231.11,3,MG Road
B01005,2023-08-21 17:00:00,Espresso,Beverage,G0190,326.25,3,MG Road
B01006,2024-06-21 03:00:00,Latte,Beverage,G0388,649.46,2,MG Road
B01007,2023-07-19 01:00:00,Sandwich,Food,G0346,205.59,1,Indiranagar
B01008,2023-06-12 12:00:00,Tea,Beverage,G0284,138.83,1,Koramangala
B01009,2023-10-06 05:00:00,Cold Brew,Beverage,G0352,413.47,1,Indiranagar
B01010,2023-10-18 21:00:00,Tea,Food,G0237,358.47,2,Indiranagar
B01011,2023-09-23 16:00:00,Cappuccino,Beverage,G0194,378.79,2,Koramangala
B01012,2023-01-22 19:00:00,Tea,Beverage,G0287,460.15,3,Indiranagar
B01013,2023-04-10 17:00:00,Espresso,Beverage,G0259,232.27,3,MG Road
B01014,2024-04-16 05:00:00,Cappuccino,Food,G0246,599.08,1,MG Road
B01015,2023-04-19 01:00:00,Espresso,Beverage,G0136,328.33,2,MG Road
B01016,2024-02-28 08:00:00,Sandwich,Food,G0280,153.58,2,MG Road
B01017,2024-02-19 09:00:00,Cappuccino,Beverage,G0271,503.11,1,Koramangala
B01018,2023-10-29 16:00:00,Croissant,Beverage,G0171,446.57,1,Indiranagar
B01019,2023-10-17 01:00:00,Muffin,Beverage,G0159,259.97,3,Indiranagar
B01020,2024-03-13 00:00:00,Muffin,Food,G0201,434.27,3,MG Road
B01021,2023-09-15 22:00:00,Espresso,Food,G0045,205.32,3,MG Road
B01022,2023-08-07 08:00:00,Tea,Beverage,G0264,333.56,1,Indiranagar
B01023,2024-03-11 13:00:00,Cold Brew,Food,G0071,592.67,1,Koramangala
B01024,2024-03-12 14:00:00,Cold Brew,Beverage,G0364,156.11,3,Indiranagar
B01025,2023-09-28 13:00:00,Croissant,Food,G0371,300.42,3,MG Road
B01026,2024-05-31 10:00:00,Cappuccino,Food,G0103,548.05,2,MG Road
B01027,2023-04-30 22:00:00,Croissant,Beverage,G0125,632.61,2,Koramangala
B01028,2023-06-22 15:00:00,Croissant,Beverage,G0313,338.74,3,Indiranagar
B01029,2023-06-01 20:00:00,Tea,Beverage,G0286,368.99,3,Koramangala
B01030,2023-07-04 16:00:00,Cold Brew,Beverage,G0230,406.14,2,Koramangala
B01031,2024-03-02 23:00:00,Cappuccino,Food,G0146,611.44,3,MG Road
B01032,2024-06-22 00:00:00,Sandwich,Food,G0370,569.18,2,Indiranagar
B01033,2023-02-23 04:00:00,Tea,Food,G0197,177.24,2,MG Road
B01034,2023-08-31 03:00:00,Croissant,Beverage,G0373,328.95,2,Indiranagar
B01035,2024-04-01 14:00:00,Croissant,Beverage,G0221,344.48,1,MG Road
B01036,2023-01-13 14:00:00,Sandwich,Food,G0060,529.78,1,MG Road
B01037,2023-01-27 14:00:00,Croissant,Beverage,G0098,423.65,3,Indiranagar
B01038,2023-01-03 07:00:00,Croissant,Food,G0171,452.91,2,Indiranagar
B01039,2024-06-26 05:00:00,Croissant,Food,G0382,648.97,1,MG Road
B01040,2023-12-30 05:00:00,Muffin,Food,G0173,122.73,3,Indiranagar
B01041,2024-06-15 17:00:00,Tea,Food,G0151,207.12,3,MG Road
B01042,2024-05-28 03:00:00,Latte,Food,G0350,312.5,3,Indiranagar
B01043,2023-12-06 14:00:00,Tea,Beverage,G0390,278.24,3,MG Road
B01044,2023-03-30 13:00:00,Sandwich,Beverage,G0122,92.34,3,MG Road
B01045,2024-04-23 07:00:00,Croissant,Beverage,G0108,132.31,2,MG Road
B01046,2023-01-16 04:00:00,Tea,Food,G0004,468.14,3,Koramangala
B01047,2023-10-11 17:00:00,Muffin,Food,G0093,581.21,2,Indiranagar
B01048,2023-07-12 13:00:00,Cold Brew,Food,G0006,373.11,1,MG Road
B01049,2023-08-02 14:00:00,Sandwich,Food,G0288,387.34,3,Koramangala
B01050,2023-08-02 10:00:00,Espresso,Beverage,G0106,225.4,1,MG Road
B01051,2023-03-10 14:00:00,Tea,Beverage,G0146,517.69,2,Koramangala
B01052,2023-02-08 06:00:00,Espresso,Food,G0271,508.52,2,MG Road
B01053,2023-04-27 13:00:00,Croissant,Food,G0378,415.37,1,MG Road
B01054,2023-09-29 02:00:00,Muffin,Food,G0096,201.22,3,Koramangala
B01055,2023-09-02 14:00:00,Muffin,Beverage,G0229,135.3,3,Koramangala
B01056,2023-03-05 19:00:00,Tea,Beverage,G0202,116.62,1,Indiranagar
B01057,2023-12-07 12:00:00,Sandwich,Beverage,G0212,417.84,1,Indiranagar
B01058,2023-05-20 09:00:00,Sandwich,Food,G0006,550.27,1,Koramangala
B01059,2023-11-16 17:00:00,Muffin,Food,G0112,569.25,3,Indiranagar
B01060,2023-10-17 13:00:00,Sandwich,Beverage,G0376,344.26,3,Koramangala
B01061,2023-10-14 18:00:00,Muffin,Food,G0379,527.03,3,Indiranagar
B01062,2023-03-21 10:00:00,Tea,Beverage,G0323,619.72,1,MG Road
B01063,2023-05-09 14:00:00,Latte,Food,G0106,236.85,3,Indiranagar
B01064,2023-12-06 16:00:00,Muffin,Beverage,G0139,306.84,2,MG Road
B01065,2023-08-28 14:00:00,Espresso,Food,G0299,610.94,1,MG Road
B01066,2024-06-16 04:00:00,Sandwich,Beverage,G0096,272.79,3,Indiranagar
B01067,2024-03-03 19:00:00,Muffin,Beverage,G0388,600.91,1,Koramangala
B01068,2024-01-07 01:00:00,Muffin,Beverage,G0337,639.2,2,MG Road
B01069,2023-02-14 06:00:00,Tea,Beverage,G0297,457.23,2,MG Road
B01070,2023-03-24 08:00:00,Sandwich,Beverage,G0389,545.63,1,Indiranagar
B01071,2023-02-24 00:00:00,Latte,Beverage,G0214,507.24,1,Koramangala
B01072,2023-09-17 13:00:00,Tea,Food,G0291,478.73,2,Koramangala
B01073,2023-11-15 09:00:00,Latte,Food,G0022,254.95,1,Indiranagar
B01074,2023-01-06 05:00:00,Cold Brew,Food,G0193,112.54,2,Koramangala
B01075,2023-07-13 00:00:00,Tea,Beverage,G0150,275.54,2,Indiranagar
B01076,2023-09-20 00:00:00,Sandwich,Beverage,G0368,460.15,3,Indiranagar
B01077,2023-05-30 20:00:00,Cappuccino,Food,G0247,138.44,1,Indiranagar
B01078,2024-04-23 03:00:00,Sandwich,Beverage,G0267,86.79,1,MG Road
B01079,2023-09-15 00:00:00,Sandwich,Beverage,G0251,159.62,3,MG Road
B01080,2024-02-13 03:00:00,Latte,Beverage,G0003,487.97,2,MG Road
B01081,2023-11-12 01:00:00,Latte,Beverage,G0393,634.49,1,Indiranagar
B01082,2023-12-11 02:00:00,Sandwich,Beverage,G0316,640.35,3,MG Road
B01083,2023-01-10 16:00:00,Sandwich,Food,G0076,361.57,3,MG Road
B01084,2024-03-07 04:00:00,Sandwich,Food,G0087,575.53,1,MG Road
B01085,2024-01-26 01:00:00,Latte,Food,G0270,499.99,3,Indiranagar
B01086,2024-03-07 06:00:00,Sandwich,Food,G0225,365.59,2,Indiranagar
B01087,2023-09-23 11:00:00,Sandwich,Food,G0018,406.47,3,Indiranagar
B01088,2023-06-25 06:00:00,Cold Brew,Beverage,G0113,158.22,2,MG Road
B01089,2024-02-08 13:00:00,Croissant,Beverage,G0251,614.47,2,Koramangala
B01090,2024-06-21 22:00:00,Cappuccino,Beverage,G0233,280.6,1,MG Road
B01091,2023-11-27 23:00:00,Espresso,Beverage,G0329,334.31,3,MG Road
B01092,2024-05-23 07:00:00,Cappuccino,Food,G0279,462.85,2,Indiranagar
B01093,2023-10-15 03:00:00,Croissant,Food,G0202,270.32,2,Indiranagar
B01094,2023-10-08 18:00:00,Espresso,Food,G0083,224.93,3,MG Road
B01095,2023-04-14 00:00:00,Tea,Beverage,G0125,439.7,2,MG Road
B01096,2024-03-28 04:00:00,Sandwich,Food,G0175,94.24,3,Koramangala
B01097,2023-04-25 03:00:00,Croissant,Beverage,G0069,490.81,1,Koramangala
B01098,2023-08-14 01:00:00,Cold Brew,Food,G0047,372.99,2,Indiranagar
B01099,2023-03-15 09:00:00,Tea,Food,G0372,425.28,2,Koramangala
B01100,2024-05-02 18:00:00,Sandwich,Beverage,G0256,440.17,3,Koramangala
B01101,2024-02-28 15:00:00,Latte,Beverage,G0215,380.42,3,Indiranagar
B01102,2024-03-15 18:00:00,Muffin,Food,G0030,412.04,3,Koramangala
B01103,2023-02-06 12:00:00,Croissant,Food,G0281,469.76,3,MG Road
B01104,2023-06-08 20:00:00,Latte,Beverage,G0237,509.28,2,Koramangala
B01105,2024-04-30 00:00:00,Croissant,Food,G0248,494.65,1,Indiranagar
B01106,2024-02-01 00:00:00,Cold Brew,Food,G0368,575.68,1,MG Road
B01107,2023-03-02 20:00:00,Croissant,Beverage,G0025,187.98,1,Koramangala
B01108,2024-03-30 05:00:00,Latte,Food,G0074,308.65,1,MG Road
B01109,2024-03-14 04:00:00,Cold Brew,Beverage,G0206,620.24,3,MG Road
B01110,2023-03-14 05:00:00,Espresso,Food,G0314,306.06,2,Koramangala
B01111,2023-03-08 21:00:00,Cappuccino,Beverage,G0094,151.18,2,Koramangala
B01112,2023-08-23 06:00:00,Sandwich,Food,G0375,379.5,2,Indiranagar
B01113,2023-10-09 23:00:00,Croissant,Beverage,G0127,142.41,3,Indiranagar
B01114,2024-03-24 03:00:00,Sandwich,Food,G0025,195.63,2,MG Road
B01115,2024-04-28 21:00:00,Muffin,Beverage,G0334,649.04,3,Indiranagar
B01116,2023-10-19 02:00:00,Latte,Food,G0355,388.58,2,MG Road
B01117,2023-05-27 13:00:00,Sandwich,Food,G0116,241.91,1,MG Road
B01118,2024-03-17 05:00:00,Latte,Food,G0048,647.02,3,Indiranagar
B01119,2023-06-05 15:00:00,Sandwich,Food,G0226,630.94,2,Indiranagar
B01120,2024-04-05 22:00:00,Cappuccino,Food,G0266,331.22,1,Indiranagar
B01121,2024-01-25 16:00:00,Cappuccino,Food,G0099,228.43,1,Koramangala
B01122,2024-06-27 14:00:00,Cold Brew,Food,G0011,557.89,1,MG Road
B01123,2023-12-18 10:00:00,Cappuccino,Food,G0085,487.9,3,MG Road
B01124,2023-04-18 22:00:00,Cold Brew,Food,G0214,471.56,3,MG Road
B01125,2023-02-14 07:00:00,Cappuccino,Beverage,G0173,589.07,2,Indiranagar
B01126,2023-06-30 04:00:00,Cappuccino,Beverage,G0391,472.97,1,Indiranagar
B01127,2024-03-25 11:00:00,Cappuccino,Food,G0209,241.76,2,Indiranagar
B01128,2024-01-15 15:00:00,Latte,Beverage,G0382,475.5,2,Indiranagar
B01129,2023-08-11 14:00:00,Croissant,Food,G0064,254.31,1,Indiranagar
B01130,2023-01-01 05:00:00,Cold Brew,Food,G0258,512.77,2,Koramangala
B01131,2023-11-09 01:00:00,Sandwich,Beverage,G0332,433.26,3,Indiranagar
B01132,2023-12-27 19:00:00,Cappuccino,Food,G0121,124.12,2,MG Road
B01133,2024-05-30 02:00:00,Latte,Food,G0298,372.32,1,Indiranagar
B01134,2023-12-08 11:00:00,Latte,Beverage,G0054,275.68,3,MG Road
B01135,2023-09-06 14:00:00,Latte,Beverage,G0331,267.29,3,Indiranagar
B01136,2024-01-04 05:00:00,Cold Brew,Food,G0272,423.29,2,Indiranagar
B01137,2023-01-05 21:00:00,Croissant,Beverage,G0241,263.73,2,MG Road
B01138,2024-04-08 08:00:00,Cold Brew,Beverage,G0243,522.83,3,MG Road
B01139,2023-04-17 07:00:00,Sandwich,Food,G0018,120.35,2,MG Road
B01140,2023-08-20 16:00:00,Croissant,Beverage,G0187,456.42,1,MG Road
B01141,2023-06-28 17:00:00,Espresso,Beverage,G0346,541.24,2,Koramangala
B01142,2023-02-05 06:00:00,Tea,Food,G0144,463.51,2,MG Road
B01143,2024-04-01 10:00:00,Latte,Beverage,G0262,363.42,3,Indiranagar
B01144,2023-09-21 04:00:00,Cold Brew,Beverage,G0364,621.67,2,Indiranagar
B01145,2023-09-27 13:00:00,Espresso,Food,G0239,250.96,2,Koramangala
B01146,2024-01-24 21:00:00,Muffin,Food,G0304,90.93,2,MG Road
B01147,2024-02-21 18:00:00,Cold Brew,Food,G0298,326.23,1,Indiranagar
B01148,2024-01-07 11:00:00,Cappuccino,Beverage,G0076,98.82,2,Koramangala
B01149,2023-01-10 08:00:00,Tea,Food,G0188,623.74,1,Indiranagar
B01150,2024-06-18 03:00:00,Cappuccino,Food,G0333,199.65,1,Koramangala
B01151,2023-06-25 08:00:00,Croissant,Beverage,G0388,529.69,1,Koramangala
B01152,2023-09-19 19:00:00,Tea,Food,G0246,521.51,1,MG Road
B01153,2024-06-19 06:00:00,Cold Brew,Food,G0130,204.11,3,Koramangala
B01154,2023-03-27 08:00:00,Sandwich,Food,G0315,434.1,1,Indiranagar
B01155,2023-09-17 17:00:00,Espresso,Food,G0283,107.41,2,Indiranagar
B01156,2024-06-23 05:00:00,Sandwich,Beverage,G0079,355.64,1,MG Road
B01157,2024-06-09 07:00:00,Cold Brew,Food,G0072,88.35,2,MG Road
B01158,2024-02-11 21:00:00,Croissant,Food,G0263,605.05,1,Koramangala
B01159,2023-03-18 04:00:00,Cappuccino,Beverage,G0191,636.37,3,MG Road
B01160,2023-03-21 21:00:00,Tea,Food,G0367,206.7,1,Indiranagar
B01161,2023-06-26 10:00:00,Sandwich,Beverage,G0375,198.62,1,Indiranagar
B01162,2023-10-19 04:00:00,Cold Brew,Beverage,G0063,509.62,3,MG Road
B01163,2023-03-26 10:00:00,Sandwich,Beverage,G0380,224.43,1,MG Road
B01164,2023-06-06 00:00:00,Cold Brew,Food,G0012,590.19,2,MG Road
B01165,2024-01-14 21:00:00,Cappuccino,Beverage,G0141,407.14,1,Koramangala
B01166,2024-06-24 17:00:00,Tea,Beverage,G0254,279.94,1,Koramangala
B01167,2024-03-02 07:00:00,Espresso,Beverage,G0043,554.64,1,Indiranagar
B01168,2023-01-01 09:00:00,Cappuccino,Food,G0017,361.24,3,Koramangala
B01169,2023-01-11 20:00:00,Sandwich,Food,G0063,599.63,1,Koramangala
B01170,2023-09-09 14:00:00,Espresso,Food,G0253,608.97,1,Koramangala
B01171,2024-02-16 01:00:00,Cold Brew,Food,G0376,174.29,2,Koramangala
B01172,2023-04-03 11:00:00,Espresso,Food,G0292,81.32,1,Indiranagar
B01173,2023-10-21 09:00:00,Cold Brew,Food,G0008,640.84,1,MG Road
B01174,2023-03-27 20:00:00,Cappuccino,Food,G0325,596.5,1,Indiranagar
B01175,2023-08-09 07:00:00,Sandwich,Beverage,G0090,111.6,1,Koramangala
B01176,2024-05-11 01:00:00,Croissant,Beverage,G0208,554.83,2,MG Road
B01177,2023-03-09 11:00:00,Sandwich,Beverage,G0292,340.95,2,MG Road
B01178,2023-12-21 16:00:00,Cold Brew,Beverage,G0284,227.61,3,MG Road
B01179,2023-02-25 22:00:00,Latte,Food,G0118,580.89,1,Indiranagar
B01180,2024-03-16 08:00:00,Tea,Beverage,G0349,192.1,3,MG Road
B01181,2023-04-29 00:00:00,Muffin,Beverage,G0175,619.96,3,Indiranagar
B01182,2023-04-28 16:00:00,Croissant,Beverage,G0076,197.2,1,Indiranagar
B01183,2023-03-25 02:00:00,Espresso,Beverage,G0101,429.8,2,Koramangala
B01184,2024-04-09 14:00:00,Croissant,Food,G0151,207.16,2,Koramangala
B01185,2024-03-02 06:00:00,Tea,Food,G0270,391.03,1,MG Road
B01186,2023-05-26 10:00:00,Espresso,Food,G0071,469.87,1,MG Road
B01187,2024-05-09 13:00:00,Tea,Beverage,G0180,188.43,2,Koramangala
B01188,2024-01-23 22:00:00,Espresso,Food,G0124,376.9,1,Indiranagar
B01189,2023-11-29 16:00:00,Croissant,Beverage,G0381,347.36,1,Indiranagar
B01190,2023-03-08 20:00:00,Espresso,Food,G0293,120.49,1,Koramangala
B01191,2024-05-24 03:00:00,Espresso,Food,G0285,546.44,2,Indiranagar
B01192,2023-01-10 19:00:00,Latte,Food,G0195,271.34,3,Koramangala
B01193,2024-02-28 09:00:00,Sandwich,Food,G0399,407.51,3,Koramangala
B01194,2024-06-09 21:00:00,Sandwich,Food,G0228,373.43,1,MG Road
B01195,2023-03-21 12:00:00,Muffin,Beverage,G0275,372.56,2,MG Road
B01196,2023-12-23 23:00:00,Muffin,Food,G0106,141.12,1,Koramangala
B01197,2023-05-28 02:00:00,Cold Brew,Beverage,G0021,321.38,2,MG Road
B01198,2023-08-08 00:00:00,Cold Brew,Beverage,G0064,337.85,1,Koramangala
B01199,2023-04-20 19:00:00,Cold Brew,Beverage,G0165,498.18,2,Indiranagar
B01200,2023-12-07 02:00:00,Latte,Beverage,G0027,558.81,2,Indiranagar
B01201,2024-02-11 18:00:00,Muffin,Beverage,G0311,390.64,3,Indiranagar
B01202,2023-04-17 16:00:00,Tea,Food,G0285,129.47,1,Indiranagar
B01203,2023-08-14 15:00:00,Cold Brew,Food,G0148,215.0,3,Koramangala
B01204,2023-05-22 07:00:00,Cold Brew,Food,G0281,174.01,3,Indiranagar
B01205,2024-04-09 21:00:00,Croissant,Food,G0326,151.03,2,Indiranagar
B01206,2024-05-08 03:00:00,Cappuccino,Beverage,G0319,288.56,1,Indiranagar
B01207,2023-09-05 23:00:00,Tea,Food,G0164,210.75,2,Indiranagar
B01208,2023-08-16 20:00:00,Cold Brew,Food,G0386,204.43,2,Koramangala
B01209,2023-11-30 15:00:00,Cold Brew,Beverage,G0224,111.18,2,Indiranagar
B01210,2024-05-16 18:00:00,Cold Brew,Beverage,G0272,90.07,1,MG Road
B01211,2024-01-13 16:00:00,Cappuccino,Food,G0146,138.58,1,MG Road
B01212,2024-01-29 12:00:00,Cappuccino,Food,G0356,178.15,2,MG Road
B01213,2023-09-25 05:00:00,Latte,Beverage,G0030,325.66,1,MG Road
B01214,2023-10-17 05:00:00,Tea,Food,G0045,371.0,2,MG Road
B01215,2024-02-01 02:00:00,Latte,Food,G0275,160.14,1,MG Road
B01216,2023-07-20 20:00:00,Espresso,Food,G0034,322.13,1,Koramangala
B01217,2023-05-01 18:00:00,Cappuccino,Food,G0141,274.8,3,MG Road
B01218,2023-11-11 10:00:00,Croissant,Beverage,G0318,184.55,2,Indiranagar
B01219,2023-01-04 05:00:00,Muffin,Beverage,G0374,83.9,3,MG Road
B01220,2023-11-12 17:00:00,Croissant,Beverage,G0221,346.2,3,Koramangala
B01221,2024-03-26 13:00:00,Muffin,Food,G0356,470.82,2,MG Road
B01222,2023-06-26 03:00:00,Cappuccino,Food,G0022,208.98,2,Indiranagar
B01223,2023-01-26 00:00:00,Cappuccino,Food,G0180,155.13,1,Indiranagar
B01224,2023-02-14 09:00:00,Cappuccino,Food,G0367,585.61,2,Koramangala
B01225,2023-03-31 00:00:00,Latte,Food,G0329,236.76,3,Koramangala
B01226,2024-03-19 09:00:00,Tea,Beverage,G0231,207.46,3,Koramangala
B01227,2024-03-14 23:00:00,Muffin,Food,G0038,568.55,2,Koramangala
B01228,2024-02-23 23:00:00,Tea,Food,G0070,545.75,3,MG Road
B01229,2024-02-01 06:00:00,Latte,Beverage,G0116,335.56,1,MG Road
B01230,2024-06-21 15:00:00,Latte,Food,G0239,358.87,3,Indiranagar
B01231,2024-05-06 05:00:00,Sandwich,Beverage,G0335,204.12,1,Koramangala
B01232,2023-10-17 07:00:00,Croissant,Beverage,G0148,124.63,3,Koramangala
B01233,2024-05-13 02:00:00,Croissant,Beverage,G0009,406.86,1,MG Road
B01234,2023-11-22 04:00:00,Espresso,Beverage,G0288,136.06,1,Koramangala
B01235,2023-10-01 13:00:00,Cold Brew,Beverage,G0388,336.09,2,Indiranagar
B01236,2023-09-07 08:00:00,Latte,Food,G0050,616.08,1,Indiranagar
B01237,2023-08-03 06:00:00,Muffin,Beverage,G0338,623.12,2,Koramangala
B01238,2023-07-14 14:00:00,Sandwich,Beverage,G0005,216.42,3,Indiranagar
B01239,2023-04-02 06:00:00,Sandwich,Food,G0343,435.74,3,Indiranagar
B01240,2024-01-18 16:00:00,Cold Brew,Food,G0126,350.22,3,MG Road
B01241,2023-04-24 00:00:00,Tea,Beverage,G0075,579.14,1,Indiranagar
B01242,2023-04-02 08:00:00,Cold Brew,Food,G0165,234.72,3,Koramangala
B01243,2023-02-22 00:00:00,Cold Brew,Food,G0278,82.11,3,Koramangala
B01244,2024-04-13 14:00:00,Cold Brew,Beverage,G0324,172.66,2,Indiranagar
B01245,2024-06-16 22:00:00,Croissant,Beverage,G0300,279.23,2,Koramangala
B01246,2023-06-18 01:00:00,Latte,Food,G0290,259.96,3,MG Road
B01247,2023-03-25 05:00:00,Espresso,Beverage,G0077,531.08,3,Indiranagar
B01248,2023-06-03 15:00:00,Latte,Beverage,G0298,467.92,1,Indiranagar
B01249,2024-03-06 23:00:00,Tea,Food,G0137,250.75,1,Indiranagar
B01250,2023-06-17 10:00:00,Cappuccino,Beverage,G0106,340.91,3,Koramangala
B01251,2024-04-15 22:00:00,Cold Brew,Beverage,G0095,134.47,2,Koramangala
B01252,2023-03-24 02:00:00,Latte,Beverage,G0135,591.94,3,Indiranagar
B01253,2023-12-16 13:00:00,Tea,Beverage,G0068,613.19,1,Koramangala
B01254,2023-08-29 05:00:00,Cappuccino,Beverage,G0147,638.49,2,Koramangala
B01255,2024-03-26 18:00:00,Cappuccino,Food,G0159,575.08,2,Indiranagar
B01256,2023-02-20 02:00:00,Cold Brew,Food,G0384,179.16,1,Indiranagar
B01257,2023-12-05 23:00:00,Espresso,Beverage,G0163,106.33,3,Koramangala
B01258,2023-08-20 23:00:00,Muffin,Food,G0341,410.37,3,Indiranagar
B01259,2023-11-16 11:00:00,Croissant,Beverage,G0189,600.18,3,Indiranagar
B01260,2023-08-28 06:00:00,Latte,Beverage,G0339,181.09,1,Indiranagar
B01261,2023-08-30 04:00:00,Cappuccino,Beverage,G0095,84.01,2,Indiranagar
B01262,2023-08-14 08:00:00,Latte,Beverage,G0181,539.13,1,Koramangala
B01263,2024-03-02 03:00:00,Muffin,Beverage,G0288,123.77,3,Indiranagar
B01264,2023-12-28 05:00:00,Croissant,Food,G0322,315.81,1,MG Road
B01265,2024-01-29 14:00:00,Muffin,Food,G0187,466.97,2,Indiranagar
B01266,2023-02-08 10:00:00,Croissant,Beverage,G0372,214.97,1,MG Road
B01267,2023-01-18 11:00:00,Sandwich,Food,G0138,127.86,3,Indiranagar
B01268,2023-04-02 20:00:00,Croissant,Beverage,G0130,518.91,2,MG Road
B01269,2024-03-25 13:00:00,Cold Brew,Food,G0194,439.2,1,MG Road
B01270,2023-02-16 16:00:00,Espresso,Beverage,G0316,643.44,1,Indiranagar
B01271,2024-04-14 04:00:00,Muffin,Food,G0273,276.26,2,Indiranagar
B01272,2023-02-09 14:00:00,Cappuccino,Beverage,G0352,115.2,2,Indiranagar
B01273,2023-04-08 08:00:00,Cold Brew,Beverage,G0144,498.58,3,MG Road
B01274,2023-08-12 21:00:00,Sandwich,Food,G0016,377.39,2,Koramangala
B01275,2023-04-04 11:00:00,Espresso,Food,G0302,201.53,3,Koramangala
B01276,2023-04-21 05:00:00,Latte,Beverage,G0245,525.59,1,Indiranagar
B01277,2024-02-23 17:00:00,Cold Brew,Food,G0107,196.14,3,Koramangala
B01278,2023-07-12 04:00:00,Muffin,Beverage,G0088,228.58,1,Koramangala
B01279,2023-03-19 17:00:00,Tea,Food,G0129,132.74,2,Indiranagar
B01280,2024-04-07 16:00:00,Tea,Food,G0395,307.68,1,MG Road
B01281,2024-04-05 05:00:00,Cappuccino,Beverage,G0375,318.79,2,Indiranagar
B01282,2023-09-09 04:00:00,Croissant,Food,G0341,373.3,1,Koramangala
B01283,2023-11-02 06:00:00,Cappuccino,Food,G0004,484.11,1,MG Road
B01284,2024-06-29 22:00:00,Tea,Beverage,G0327,596.48,1,Koramangala
B01285,2023-09-23 11:00:00,Latte,Food,G0367,158.51,1,MG Road
B01286,2023-09-22 23:00:00,Sandwich,Beverage,G0306,110.98,3,Koramangala
B01287,2023-11-24 15:00:00,Sandwich,Beverage,G0396,90.56,1,Indiranagar
B01288,2023-05-15 12:00:00,Muffin,Beverage,G0095,161.86,3,Koramangala
B01289,2023-06-04 23:00:00,Sandwich,Beverage,G0209,455.03,2,Koramangala
B01290,2024-04-20 20:00:00,Muffin,Beverage,G0225,494.66,2,MG Road
B01291,2023-04-09 19:00:00,Cold Brew,Food,G0348,528.31,3,Koramangala
B01292,2023-05-01 11:00:00,Muffin,Beverage,G0321,218.91,2,Indiranagar
B01293,2023-06-06 12:00:00,Cold Brew,Beverage,G0047,254.36,2,Indiranagar
B01294,2023-06-26 01:00:00,Muffin,Food,G0181,355.39,1,Indiranagar
B01295,2023-01-04 22:00:00,Tea,Food,G0106,116.01,1,MG Road
B01296,2023-04-22 10:00:00,Tea,Food,G0199,428.35,1,MG Road
B01297,2023-10-15 10:00:00,Croissant,Beverage,G0386,640.73,3,Koramangala
B01298,2024-02-27 19:00:00,Cold Brew,Beverage,G0106,285.66,3,Koramangala
B01299,2023-02-03 01:00:00,Espresso,Beverage,G0280,509.12,2,Koramangala
B01300,2024-02-22 18:00:00,Cold Brew,Food,G0260,365.02,1,MG Road
B01301,2023-03-30 04:00:00,Muffin,Beverage,G0108,152.85,3,MG Road
B01302,2023-08-29 19:00:00,Muffin,Food,G0019,411.88,3,Koramangala
B01303,2024-05-27 10:00:00,Espresso,Beverage,G0296,250.93,1,MG Road
B01304,2024-04-24 21:00:00,Cappuccino,Food,G0306,99.61,3,MG Road
B01305,2024-04-07 23:00:00,Muffin,Beverage,G0171,441.91,1,Indiranagar
B01306,2024-03-25 13:00:00,Croissant,Beverage,G0331,569.59,2,Indiranagar
B01307,2024-04-19 21:00:00,Sandwich,Beverage,G0195,276.52,2,Koramangala
B01308,2024-06-25 15:00:00,Sandwich,Food,G0012,302.47,2,Koramangala
B01309,2023-09-14 22:00:00,Latte,Food,G0195,587.88,1,Indiranagar
B01310,2023-02-03 22:00:00,Latte,Beverage,G0283,543.76,3,MG Road
B01311,2023-01-15 09:00:00,Sandwich,Beverage,G0369,487.52,2,Koramangala
B01312,2024-03-15 05:00:00,Sandwich,Beverage,G0182,221.81,2,Koramangala
B01313,2023-12-23 10:00:00,Tea,Food,G0305,598.82,2,Koramangala
B01314,2023-04-12 19:00:00,Croissant,Beverage,G0144,168.02,3,MG Road
B01315,2024-03-11 17:00:00,Espresso,Beverage,G0386,437.26,3,Indiranagar
B01316,2024-03-08 12:00:00,Latte,Beverage,G0316,96.42,1,Koramangala
B01317,2023-11-21 07:00:00,Tea,Beverage,G0182,446.92,2,Indiranagar
B01318,2024-04-11 13:00:00,Tea,Food,G0030,237.97,3,Indiranagar
B01319,2024-04-23 01:00:00,Espresso,Food,G0084,336.32,1,MG Road
B01320,2023-02-11 00:00:00,Tea,Beverage,G0166,276.8,2,MG Road
B01321,2023-11-21 14:00:00,Cold Brew,Beverage,G0284,178.47,3,MG Road
B01322,2024-02-14 15:00:00,Croissant,Food,G0281,434.53,3,MG Road
B01323,2023-02-04 11:00:00,Sandwich,Food,G0096,582.73,1,MG Road
B01324,2024-03-31 02:00:00,Muffin,Beverage,G0381,626.68,2,MG Road
B01325,2023-05-28 03:00:00,Espresso,Food,G0266,189.64,2,Koramangala
B01326,2023-10-25 19:00:00,Sandwich,Food,G0298,488.9,3,Indiranagar
B01327,2023-07-05 11:00:00,Sandwich,Beverage,G0296,458.67,2,MG Road
B01328,2024-04-08 15:00:00,Cappuccino,Food,G0225,275.73,1,Koramangala
B01329,2023-06-11 12:00:00,Cold Brew,Food,G0333,90.89,3,Indiranagar
B01330,2023-09-06 07:00:00,Espresso,Beverage,G0361,473.18,3,MG Road
B01331,2023-01-06 06:00:00,Tea,Beverage,G0374,618.93,1,MG Road
B01332,2023-05-13 09:00:00,Muffin,Food,G0042,440.31,3,Koramangala
B01333,2024-04-13 16:00:00,Espresso,Beverage,G0303,328.12,2,Indiranagar
B01334,2024-01-02 11:00:00,Tea,Food,G0246,379.34,2,MG Road
B01335,2024-04-30 01:00:00,Sandwich,Beverage,G0208,193.79,3,Indiranagar
B01336,2023-09-09 00:00:00,Muffin,Food,G0237,507.81,1,Koramangala
B01337,2023-08-01 21:00:00,Tea,Beverage,G0022,505.46,1,MG Road
B01338,2023-06-22 18:00:00,Croissant,Food,G0185,162.94,2,Indiranagar
B01339,2023-10-27 20:00:00,Tea,Food,G0242,580.45,1,Koramangala
B01340,2024-05-03 13:00:00,Cappuccino,Food,G0363,233.44,3,Koramangala
B01341,2024-04-26 15:00:00,Cold Brew,Beverage,G0283,639.89,3,MG Road
B01342,2023-05-21 08:00:00,Sandwich,Beverage,G0041,298.25,2,Indiranagar
B01343,2023-06-08 05:00:00,Tea,Food,G0336,181.39,2,MG Road
B01344,2023-03-16 16:00:00,Cold Brew,Food,G0162,280.48,2,MG Road
B01345,2024-04-05 13:00:00,Latte,Beverage,G0160,330.9,1,Indiranagar
B01346,2023-08-27 20:00:00,Latte,Beverage,G0089,119.51,3,Indiranagar
B01347,2023-05-25 20:00:00,Cold Brew,Beverage,G0322,409.58,3,Indiranagar
B01348,2023-05-23 09:00:00,Cold Brew,Beverage,G0012,420.65,3,Koramangala
B01349,2023-03-10 13:00:00,Cappuccino,Beverage,G0073,501.19,2,Koramangala
B01350,2024-01-27 13:00:00,Croissant,Beverage,G0076,96.63,3,Indiranagar
B01351,2023-05-07 06:00:00,Sandwich,Food,G0346,388.51,1,Koramangala
B01352,2023-04-30 16:00:00,Espresso,Beverage,G0201,110.16,1,MG Road
B01353,2023-05-09 00:00:00,Cappuccino,Food,G0010,479.65,3,Indiranagar
B01354,2023-03-19 06:00:00,Croissant,Beverage,G0352,111.76,2,MG Road
B01355,2023-06-17 13:00:00,Cold Brew,Beverage,G0226,599.68,3,Indiranagar
B01356,2023-07-14 06:00:00,Espresso,Food,G0176,480.19,1,MG Road
B01357,2023-09-29 10:00:00,Cold Brew,Food,G0276,369.21,1,Indiranagar
B01358,2023-07-29 15:00:00,Cold Brew,Beverage,G0039,331.66,1,MG Road
B01359,2023-04-23 20:00:00,Latte,Food,G0060,154.48,3,Indiranagar
B01360,2024-05-02 06:00:00,Latte,Food,G0066,245.87,1,Indiranagar
B01361,2023-10-24 08:00:00,Espresso,Food,G0321,575.31,2,Koramangala
B01362,2024-02-01 20:00:00,Cappuccino,Food,G0124,595.54,3,MG Road
B01363,2023-12-16 17:00:00,Latte,Beverage,G0164,80.43,3,Koramangala
B01364,2023-05-27 03:00:00,Sandwich,Food,G0386,418.66,1,MG Road
B01365,2023-09-27 00:00:00,Cold Brew,Beverage,G0159,490.0,1,Koramangala
B01366,2023-06-25 12:00:00,Muffin,Beverage,G0057,432.69,2,Indiranagar
B01367,2023-11-29 02:00:00,Tea,Beverage,G0078,126.56,3,Koramangala
B01368,2024-01-01 06:00:00,Espresso,Beverage,G0194,204.1,1,Koramangala
B01369,2023-01-23 08:00:00,Espresso,Food,G0285,222.69,2,Indiranagar
B01370,2023-03-09 17:00:00,Latte,Food,G0015,554.08,1,Koramangala
B01371,2024-03-05 18:00:00,Cappuccino,Beverage,G0012,344.02,3,Indiranagar
B01372,2023-11-29 05:00:00,Cold Brew,Beverage,G0101,357.49,1,MG Road
B01373,2023-12-24 09:00:00,Sandwich,Beverage,G0156,612.89,3,Koramangala
B01374,2023-12-03 06:00:00,Cappuccino,Beverage,G0340,443.14,1,Indiranagar
B01375,2024-04-23 01:00:00,Croissant,Food,G0125,592.24,3,Indiranagar
B01376,2023-12-28 02:00:00,Croissant,Beverage,G0359,340.21,2,Koramangala
B01377,2023-12-25 17:00:00,Muffin,Food,G0280,165.18,3,MG Road
B01378,2023-09-28 10:00:00,Latte,Beverage,G0394,610.06,2,Koramangala
B01379,2023-05-31 00:00:00,Latte,Beverage,G0110,341.46,3,Indiranagar
B01380,2023-10-10 15:00:00,Latte,Beverage,G0334,183.53,2,MG Road
B01381,2024-01-17 02:00:00,Muffin,Beverage,G0357,252.37,1,Koramangala
B01382,2023-07-27 03:00:00,Croissant,Food,G0146,108.96,3,Indiranagar
B01383,2024-06-27 18:00:00,Cappuccino,Food,G0216,346.93,1,Koramangala
B01384,2023-02-20 05:00:00,Muffin,Food,G0398,566.28,2,MG Road
B01385,2024-06-23 15:00:00,Muffin,Beverage,G0162,612.14,3,MG Road
B01386,2024-05-28 00:00:00,Cappuccino,Beverage,G0128,611.58,3,MG Road
B01387,2023-03-24 22:00:00,Latte,Food,G0314,151.38,1,MG Road
B01388,2023-08-09 19:00:00,Sandwich,Food,G0332,297.77,3,MG Road
B01389,2024-06-25 13:00:00,Cappuccino,Beverage,G0150,96.09,3,Koramangala
B01390,2023-05-29 20:00:00,Croissant,Beverage,G0036,567.44,1,MG Road
B01391,2023-09-06 23:00:00,Espresso,Food,G0173,284.49,3,MG Road
B01392,2023-09-21 08:00:00,Cold Brew,Beverage,G0022,439.74,1,Indiranagar
B01393,2023-07-02 12:00:00,Espresso,Beverage,G0206,487.49,1,MG Road
B01394,2024-05-29 14:00:00,Tea,Food,G0127,325.01,1,Indiranagar
B01395,2023-07-18 05:00:00,Tea,Beverage,G0336,254.67,1,Indiranagar
B01396,2023-04-24 01:00:00,Muffin,Food,G0356,628.46,1,Indiranagar
B01397,2024-03-09 03:00:00,Cold Brew,Beverage,G0217,629.76,2,Koramangala
B01398,2023-08-21 20:00:00,Espresso,Food,G0096,244.98,2,Koramangala
B01399,2024-04-16 08:00:00,Sandwich,Beverage,G0164,353.39,1,Indiranagar
B01400,2023-02-10 06:00:00,Latte,Food,G0148,634.52,2,Koramangala
B01401,2023-07-26 00:00:00,Croissant,Food,G0018,82.77,2,MG Road
B01402,2023-05-24 00:00:00,Tea,Food,G0294,315.23,3,Koramangala
B01403,2023-01-29 16:00:00,Sandwich,Food,G0195,137.26,1,MG Road
B01404,2023-06-26 19:00:00,Croissant,Beverage,G0151,370.22,2,MG Road
B01405,2023-06-04 05:00:00,Croissant,Beverage,G0365,94.06,3,Koramangala
B01406,2023-12-22 13:00:00,Latte,Food,G0123,311.93,3,Koramangala
B01407,2023-08-04 22:00:00,Cold Brew,Beverage,G0187,205.8,1,Indiranagar
B01408,2024-02-18 04:00:00,Muffin,Beverage,G0149,383.99,1,Koramangala
B01409,2023-10-07 08:00:00,Espresso,Beverage,G0104,647.72,3,Koramangala
B01410,2023-07-04 06:00:00,Latte,Beverage,G0243,536.31,1,Koramangala
B01411,2024-02-21 00:00:00,Sandwich,Beverage,G0231,562.02,1,MG Road
B01412,2023-03-15 07:00:00,Muffin,Food,G0206,442.1,3,MG Road
B01413,2024-04-20 04:00:00,Sandwich,Food,G0198,103.69,3,MG Road
B01414,2024-01-18 13:00:00,Muffin,Food,G0396,197.87,1,Indiranagar
B01415,2024-03-11 14:00:00,Cold Brew,Food,G0337,607.29,2,Indiranagar
B01416,2023-04-14 10:00:00,Tea,Beverage,G0087,288.68,1,Indiranagar
B01417,2023-12-02 18:00:00,Sandwich,Beverage,G0142,139.07,2,MG Road
B01418,2023-02-09 15:00:00,Latte,Food,G0317,480.37,3,Koramangala
B01419,2024-01-07 10:00:00,Muffin,Beverage,G0199,250.69,2,Indiranagar
B01420,2024-04-27 13:00:00,Muffin,Beverage,G0046,233.25,3,Indiranagar
B01421,2023-03-28 15:00:00,Croissant,Food,G0288,648.85,1,MG Road
B01422,2023-04-24 05:00:00,Croissant,Beverage,G0015,569.14,1,Indiranagar
B01423,2024-03-14 12:00:00,Cappuccino,Food,G0044,312.52,3,Koramangala
B01424,2024-04-27 00:00:00,Sandwich,Food,G0169,638.75,3,MG Road
B01425,2023-07-08 12:00:00,Croissant,Beverage,G0310,450.56,3,MG Road
B01426,2024-02-08 20:00:00,Cappuccino,Beverage,G0044,502.95,1,Koramangala
B01427,2023-12-20 05:00:00,Tea,Food,G0098,97.96,1,Koramangala
B01428,2023-11-01 15:00:00,Tea,Food,G0261,149.31,2,Koramangala
B01429,2024-05-01 23:00:00,Croissant,Beverage,G0109,440.86,3,Indiranagar
B01430,2023-10-27 10:00:00,Sandwich,Food,G0283,592.44,2,Koramangala
B01431,2023-03-28 01:00:00,Muffin,Food,G0372,435.53,1,MG Road
B01432,2023-02-02 00:00:00,Espresso,Food,G0343,156.39,2,Koramangala
B01433,2023-08-17 18:00:00,Cold Brew,Beverage,G0104,145.98,2,MG Road
B01434,2024-04-13 17:00:00,Sandwich,Food,G0256,561.19,1,MG Road
B01435,2024-06-04 01:00:00,Cold Brew,Beverage,G0379,159.4,1,Indiranagar
B01436,2023-10-04 21:00:00,Latte,Food,G0206,376.53,3,Koramangala
B01437,2023-07-31 19:00:00,Tea,Beverage,G0335,101.15,2,Indiranagar
B01438,2023-08-07 00:00:00,Croissant,Food,G0043,125.98,1,Koramangala
B01439,2024-03-07 09:00:00,Croissant,Beverage,G0353,463.24,1,Koramangala
B01440,2024-04-23 13:00:00,Cold Brew,Beverage,G0245,472.83,2,Koramangala
B01441,2023-08-30 13:00:00,Muffin,Beverage,G0287,274.64,1,Koramangala
B01442,2024-01-16 18:00:00,Cold Brew,Food,G0355,202.9,3,Koramangala
B01443,2023-07-25 06:00:00,Latte,Food,G0273,543.81,3,MG Road
B01444,2023-09-08 16:00:00,Muffin,Food,G0083,203.75,2,MG Road
B01445,2023-05-19 23:00:00,Latte,Beverage,G0110,388.96,3,Koramangala
B01446,2024-05-29 06:00:00,Espresso,Food,G0190,631.88,1,MG Road
B01447,2023-12-01 22:00:00,Tea,Beverage,G0288,164.28,1,Indiranagar
B01448,2024-06-29 07:00:00,Croissant,Food,G0397,616.3,1,Indiranagar
B01449,2023-07-23 01:00:00,Croissant,Beverage,G0251,184.25,1,Indiranagar
B01450,2023-03-03 17:00:00,Espresso,Beverage,G0212,403.44,2,Koramangala
B01451,2024-02-25 13:00:00,Cappuccino,Beverage,G0291,294.89,3,Koramangala
B01452,2023-09-20 17:00:00,Tea,Food,G0133,630.01,3,MG Road
B01453,2023-05-24 19:00:00,Muffin,Food,G0201,235.92,1,MG Road
B01454,2024-05-25 16:00:00,Espresso,Food,G0285,307.81,2,MG Road
B01455,2023-01-03 06:00:00,Muffin,Beverage,G0326,640.23,1,Indiranagar
B01456,2023-11-15 11:00:00,Cold Brew,Beverage,G0095,385.79,1,Indiranagar
B01457,2024-02-22 07:00:00,Sandwich,Food,G0278,366.5,2,Indiranagar
B01458,2023-05-25 06:00:00,Croissant,Food,G0325,226.93,2,Indiranagar
B01459,2024-04-14 15:00:00,Muffin,Food,G0219,479.78,1,MG Road
B01460,2023-02-04 16:00:00,Latte,Beverage,G0089,88.19,3,Koramangala
B01461,2024-06-09 00:00:00,Muffin,Beverage,G0072,108.22,1,Koramangala
B01462,2024-04-03 06:00:00,Sandwich,Beverage,G0247,421.63,3,Indiranagar
B01463,2023-09-06 02:00:00,Tea,Beverage,G0129,274.75,3,Koramangala
B01464,2024-03-21 02:00:00,Croissant,Beverage,G0212,623.39,2,Koramangala
B01465,2023-12-21 23:00:00,Cold Brew,Food,G0343,594.82,2,Koramangala
B01466,2023-10-28 21:00:00,Espresso,Beverage,G0096,486.81,1,Indiranagar
B01467,2023-05-18 22:00:00,Cold Brew,Beverage,G0075,546.34,3,MG Road
B01468,2023-05-18 12:00:00,Sandwich,Beverage,G0054,460.38,3,MG Road
B01469,2023-10-08 02:00:00,Croissant,Beverage,G0344,151.58,1,Koramangala
B01470,2023-10-28 18:00:00,Muffin,Beverage,G0054,516.36,1,MG Road
B01471,2023-11-21 00:00:00,Tea,Food,G0218,199.81,1,MG Road
B01472,2023-06-03 03:00:00,Cappuccino,Beverage,G0016,264.36,2,Indiranagar
B01473,2023-05-08 06:00:00,Tea,Beverage,G0099,546.96,1,Indiranagar
B01474,2023-11-29 02:00:00,Cappuccino,Beverage,G0020,385.82,1,Koramangala
B01475,2023-03-31 07:00:00,Latte,Food,G0046,570.17,3,Koramangala
B01476,2023-08-05 23:00:00,Tea,Food,G0193,201.43,1,Koramangala
B01477,2024-01-31 23:00:00,Croissant,Food,G0383,426.43,3,Indiranagar
B01478,2024-04-19 07:00:00,Cappuccino,Beverage,G0058,127.76,3,MG Road
B01479,2023-04-16 18:00:00,Espresso,Food,G0111,446.54,2,Indiranagar
B01480,2024-05-22 07:00:00,Croissant,Beverage,G0129,514.64,1,Indiranagar
B01481,2023-07-09 11:00:00,Espresso,Beverage,G0337,413.41,1,MG Road
B01482,2023-08-23 03:00:00,Tea,Food,G0194,231.75,3,MG Road
B01483,2023-12-15 04:00:00,Espresso,Beverage,G0340,97.87,2,Koramangala
B01484,2024-06-03 13:00:00,Cappuccino,Beverage,G0326,148.09,2,MG Road
B01485,2023-10-03 12:00:00,Croissant,Beverage,G0008,434.71,1,MG Road
B01486,2023-07-28 13:00:00,Muffin,Food,G0029,612.62,3,MG Road
B01487,2023-02-04 06:00:00,Sandwich,Beverage,G0112,197.72,1,MG Road
B01488,2023-02-09 07:00:00,Cappuccino,Beverage,G0161,498.96,1,Koramangala
B01489,2023-09-14 06:00:00,Cappuccino,Food,G0131,573.88,1,Koramangala
B01490,2023-07-04 09:00:00,Muffin,Beverage,G0188,376.9,1,MG Road
B01491,2024-01-09 14:00:00,Croissant,Beverage,G0163,461.48,3,MG Road
B01492,2023-04-02 14:00:00,Croissant,Food,G0197,544.56,2,Koramangala
B01493,2024-04-17 20:00:00,Cold Brew,Beverage,G0364,228.58,1,Koramangala
B01494,2023-06-26 18:00:00,Tea,Beverage,G0204,249.23,1,MG Road
B01495,2023-06-03 23:00:00,Espresso,Beverage,G0212,80.36,1,Indiranagar
B01496,2023-05-24 20:00:00,Tea,Beverage,G0109,628.96,1,Koramangala
B01497,2024-01-15 10:00:00,Muffin,Beverage,G0276,603.0,2,Koramangala
B01498,2023-02-24 12:00:00,Tea,Food,G0073,515.8,2,Koramangala
B01499,2023-06-24 01:00:00,Muffin,Food,G0167,125.07,2,MG Road
B01500,2023-12-29 17:00:00,Croissant,Food,G0260,335.08,2,MG Road
B01501,2024-02-26 08:00:00,Espresso,Food,G0243,138.08,1,Koramangala
B01502,2023-10-13 12:00:00,Tea,Beverage,G0275,89.07,3,MG Road
B01503,2023-09-09 11:00:00,Cappuccino,Beverage,G0102,431.22,2,MG Road
B01504,2023-05-30 18:00:00,Latte,Beverage,G0173,627.67,2,Koramangala
B01505,2023-07-21 17:00:00,Cold Brew,Beverage,G0171,594.63,1,MG Road
B01506,2023-02-28 17:00:00,Sandwich,Beverage,G0141,477.15,1,Indiranagar
B01507,2024-06-25 10:00:00,Cappuccino,Food,G0397,135.09,1,MG Road
B01508,2023-07-10 06:00:00,Croissant,Food,G0188,236.27,1,MG Road
B01509,2024-04-19 06:00:00,Sandwich,Beverage,G0086,262.43,3,Koramangala
B01510,2023-07-07 03:00:00,Latte,Beverage,G0052,515.0,3,Koramangala
B01511,2023-03-06 19:00:00,Latte,Beverage,G0111,537.28,2,Indiranagar
B01512,2023-02-03 12:00:00,Espresso,Food,G0365,299.51,3,MG Road
B01513,2023-02-23 07:00:00,Sandwich,Beverage,G0342,318.19,2,Indiranagar
B01514,2023-10-23 03:00:00,Espresso,Beverage,G0043,105.37,2,Indiranagar
B01515,2023-09-07 10:00:00,Cappuccino,Beverage,G0211,244.81,3,Koramangala
B01516,2023-08-23 03:00:00,Muffin,Food,G0200,337.23,2,MG Road
B01517,2024-05-05 09:00:00,Muffin,Beverage,G0298,146.68,1,Koramangala
B01518,2024-04-07 05:00:00,Muffin,Food,G0346,338.36,2,Indiranagar
B01519,2023-02-27 19:00:00,Sandwich,Food,G0240,566.31,1,Indiranagar
B01520,2024-06-20 16:00:00,Muffin,Food,G0115,411.35,3,Koramangala
B01521,2024-04-01 09:00:00,Cappuccino,Food,G0026,124.99,3,Koramangala
B01522,2023-04-22 15:00:00,Espresso,Food,G0299,189.25,2,Koramangala
B01523,2023-03-29 18:00:00,Sandwich,Food,G0077,350.49,1,Koramangala
B01524,2023-12-07 13:00:00,Espresso,Beverage,G0137,286.05,2,Koramangala
B01525,2023-06-25 23:00:00,Sandwich,Beverage,G0020,284.47,3,Indiranagar
B01526,2023-07-21 07:00:00,Espresso,Beverage,G0211,381.68,2,Koramangala
B01527,2023-04-26 08:00:00,Latte,Food,G0240,413.11,2,MG Road
B01528,2024-05-21 01:00:00,Espresso,Beverage,G0039,534.21,1,Indiranagar
B01529,2023-05-13 18:00:00,Muffin,Food,G0268,274.35,3,Indiranagar
B01530,2024-04-23 00:00:00,Latte,Food,G0207,539.12,2,MG Road
B01531,2023-04-18 05:00:00,Espresso,Food,G0267,273.01,1,MG Road
B01532,2024-06-17 16:00:00,Sandwich,Beverage,G0154,111.6,2,Indiranagar
B01533,2023-04-19 07:00:00,Sandwich,Food,G0042,395.89,1,Koramangala
B01534,2023-06-18 01:00:00,Cold Brew,Food,G0011,415.1,1,Indiranagar
B01535,2023-12-18 04:00:00,Sandwich,Beverage,G0294,612.69,2,Indiranagar
B01536,2023-02-24 08:00:00,Croissant,Beverage,G0098,493.85,3,MG Road
B01537,2024-04-29 06:00:00,Cappuccino,Food,G0275,603.13,3,Indiranagar
B01538,2023-11-04 00:00:00,Sandwich,Food,G0390,597.76,1,Koramangala
B01539,2023-09-02 21:00:00,Latte,Beverage,G0372,424.61,3,MG Road
B01540,2023-02-24 05:00:00,Cold Brew,Beverage,G0230,380.82,1,Indiranagar
B01541,2023-04-16 21:00:00,Sandwich,Beverage,G0369,397.74,3,Indiranagar
B01542,2023-03-27 11:00:00,Croissant,Food,G0220,637.65,2,Koramangala
B01543,2023-10-11 17:00:00,Muffin,Beverage,G0065,520.71,3,Indiranagar
B01544,2023-12-26 17:00:00,Latte,Beverage,G0355,140.57,1,Indiranagar
B01545,2024-03-03 20:00:00,Croissant,Beverage,G0232,523.7,1,Indiranagar
B01546,2024-04-18 20:00:00,Muffin,Food,G0328,177.21,3,Indiranagar
B01547,2024-03-28 01:00:00,Tea,Beverage,G0052,334.99,2,Koramangala
B01548,2024-05-14 14:00:00,Tea,Beverage,G0374,199.96,1,Indiranagar
B01549,2024-01-10 20:00:00,Latte,Beverage,G0376,473.06,1,Indiranagar
B01550,2023-01-04 02:00:00,Espresso,Beverage,G0263,580.07,1,Indiranagar
B01551,2023-10-18 21:00:00,Cappuccino,Beverage,G0267,245.51,1,MG Road
B01552,2024-03-07 23:00:00,Cold Brew,Food,G0359,126.75,1,Koramangala
B01553,2024-05-19 20:00:00,Cappuccino,Food,G0317,250.14,2,MG Road
B01554,2024-03-04 09:00:00,Croissant,Food,G0324,463.25,3,MG Road
B01555,2023-08-17 03:00:00,Muffin,Beverage,G0396,267.39,2,Koramangala
B01556,2023-12-10 00:00:00,Cappuccino,Food,G0154,238.52,2,MG Road
B01557,2024-03-04 01:00:00,Muffin,Food,G0358,185.13,1,MG Road
B01558,2023-10-27 08:00:00,Muffin,Food,G0366,363.58,2,MG Road
B01559,2023-08-30 12:00:00,Croissant,Beverage,G0140,237.29,1,Koramangala
B01560,2023-10-25 13:00:00,Croissant,Beverage,G0051,496.68,2,Indiranagar
B01561,2024-06-20 11:00:00,Croissant,Food,G0117,123.67,1,Koramangala
B01562,2023-03-09 14:00:00,Cappuccino,Food,G0046,458.5,1,Koramangala
B01563,2023-12-02 01:00:00,Tea,Beverage,G0309,215.41,2,Koramangala
B01564,2023-01-15 05:00:00,Croissant,Beverage,G0088,358.89,2,MG Road
B01565,2024-05-25 04:00:00,Cold Brew,Food,G0208,243.07,3,Indiranagar
B01566,2023-03-28 10:00:00,Cappuccino,Beverage,G0377,491.98,3,Koramangala
B01567,2023-11-30 00:00:00,Croissant,Food,G0269,618.83,3,Koramangala
B01568,2023-01-27 21:00:00,Sandwich,Beverage,G0089,602.73,2,Indiranagar
B01569,2024-06-26 10:00:00,Muffin,Food,G0381,412.55,2,Indiranagar
B01570,2023-06-27 15:00:00,Cold Brew,Food,G0118,343.69,1,Indiranagar
B01571,2024-01-02 17:00:00,Croissant,Beverage,G0054,546.43,3,MG Road
B01572,2023-09-13 16:00:00,Latte,Food,G0116,469.5,1,Indiranagar
B01573,2023-12-27 06:00:00,Muffin,Food,G0118,184.63,1,MG Road
B01574,2024-04-09 09:00:00,Muffin,Food,G0260,547.92,1,Koramangala
B01575,2024-02-17 12:00:00,Croissant,Beverage,G0075,324.46,1,MG Road
B01576,2024-05-01 00:00:00,Tea,Beverage,G0305,187.72,3,Indiranagar
B01577,2023-05-04 17:00:00,Espresso,Beverage,G0007,240.62,1,MG Road
B01578,2023-05-07 04:00:00,Tea,Food,G0366,232.49,2,Indiranagar
B01579,2023-11-15 11:00:00,Croissant,Beverage,G0122,375.95,2,MG Road
B01580,2024-06-25 05:00:00,Muffin,Food,G0011,213.59,2,Koramangala
B01581,2023-04-22 17:00:00,Cold Brew,Food,G0348,150.43,3,MG Road
B01582,2023-06-01 05:00:00,Latte,Beverage,G0215,150.5,1,Koramangala
B01583,2023-06-26 01:00:00,Cold Brew,Beverage,G0279,412.47,3,Indiranagar
B01584,2023-05-08 19:00:00,Cold Brew,Food,G0028,498.81,1,Koramangala
B01585,2023-09-05 13:00:00,Muffin,Food,G0235,263.27,3,Indiranagar
B01586,2023-02-27 18:00:00,Tea,Beverage,G0367,99.75,3,Indiranagar
B01587,2024-05-13 16:00:00,Latte,Beverage,G0313,152.52,1,Koramangala
B01588,2023-04-30 10:00:00,Cappuccino,Beverage,G0026,601.38,3,Koramangala
B01589,2023-07-19 12:00:00,Sandwich,Food,G0054,361.32,1,MG Road
B01590,2024-04-26 11:00:00,Muffin,Food,G0029,338.54,2,MG Road
B01591,2023-08-17 18:00:00,Croissant,Food,G0353,101.69,2,Koramangala
B01592,2024-06-29 01:00:00,Cappuccino,Food,G0164,495.32,2,Koramangala
B01593,2023-06-21 20:00:00,Sandwich,Food,G0270,381.0,3,Koramangala
B01594,2023-12-14 12:00:00,Croissant,Beverage,G0334,195.19,2,Koramangala
B01595,2023-06-10 10:00:00,Cold Brew,Beverage,G0035,142.74,1,Indiranagar
B01596,2023-08-14 15:00:00,Espresso,Food,G0286,298.53,2,Koramangala
B01597,2024-03-03 02:00:00,Croissant,Food,G0348,557.18,2,Koramangala
B01598,2023-11-16 23:00:00,Latte,Beverage,G0273,573.22,3,Koramangala
B01599,2023-10-12 03:00:00,Latte,Beverage,G0208,423.62,1,Koramangala
B01600,2024-01-24 16:00:00,Espresso,Beverage,G0238,494.7,3,Indiranagar
B01601,2023-12-16 02:00:00,Cappuccino,Beverage,G0093,145.64,3,MG Road
B01602,2024-04-05 06:00:00,Sandwich,Food,G0173,415.23,1,MG Road
B01603,2024-01-29 10:00:00,Croissant,Beverage,G0079,460.17,3,MG Road
B01604,2023-02-25 13:00:00,Latte,Food,G0110,194.41,1,MG Road
B01605,2024-05-31 01:00:00,Cappuccino,Beverage,G0217,581.69,2,MG Road
B01606,2023-06-22 22:00:00,Espresso,Beverage,G0358,191.15,1,Indiranagar
B01607,2023-10-09 22:00:00,Tea,Beverage,G0106,258.68,1,MG Road
B01608,2023-04-23 23:00:00,Muffin,Food,G0047,433.72,1,Indiranagar
B01609,2023-07-22 05:00:00,Tea,Food,G0181,443.86,3,Indiranagar
B01610,2024-06-12 21:00:00,Tea,Beverage,G0064,478.65,1,MG Road
B01611,2023-09-16 20:00:00,Latte,Food,G0246,143.85,1,MG Road
B01612,2023-11-08 15:00:00,Cold Brew,Food,G0244,564.19,1,MG Road
B01613,2023-08-14 08:00:00,Cold Brew,Beverage,G0320,383.72,2,Koramangala
B01614,2024-02-20 17:00:00,Espresso,Beverage,G0087,348.65,1,Indiranagar
B01615,2023-11-18 11:00:00,Croissant,Food,G0217,639.23,3,MG Road
B01616,2024-01-08 14:00:00,Cold Brew,Food,G0007,502.02,1,Koramangala
B01617,2023-03-15 10:00:00,Tea,Food,G0278,147.26,1,Indiranagar
B01618,2024-05-19 16:00:00,Cold Brew,Beverage,G0337,511.23,2,Koramangala
B01619,2023-10-23 21:00:00,Tea,Beverage,G0210,134.29,1,Koramangala
B01620,2023-11-16 18:00:00,Sandwich,Food,G0169,95.66,3,MG Road
B01621,2024-06-11 04:00:00,Latte,Beverage,G0330,310.07,1,Indiranagar
B01622,2023-09-13 02:00:00,Latte,Beverage,G0138,646.34,3,Koramangala
B01623,2023-01-21 01:00:00,Croissant,Food,G0391,179.68,2,Indiranagar
B01624,2023-01-07 09:00:00,Cold Brew,Food,G0381,463.41,1,MG Road
B01625,2023-11-14 09:00:00,Cold Brew,Beverage,G0306,178.84,2,Indiranagar
B01626,2023-03-05 12:00:00,Muffin,Beverage,G0230,493.13,1,Koramangala
B01627,2023-03-30 08:00:00,Cappuccino,Food,G0308,368.05,3,Koramangala
B01628,2023-04-08 15:00:00,Sandwich,Beverage,G0161,467.58,2,Indiranagar
B01629,2023-08-03 00:00:00,Latte,Beverage,G0001,195.64,1,Koramangala
B01630,2023-08-29 00:00:00,Sandwich,Food,G0236,505.01,3,Koramangala
B01631,2023-02-21 16:00:00,Latte,Food,G0188,647.5,2,Koramangala
B01632,2023-01-03 12:00:00,Sandwich,Beverage,G0004,459.42,1,MG Road
B01633,2024-01-16 10:00:00,Espresso,Beverage,G0132,361.28,2,MG Road
B01634,2023-03-10 07:00:00,Tea,Beverage,G0218,606.21,1,Koramangala
B01635,2023-09-15 17:00:00,Latte,Food,G0260,89.04,3,Indiranagar
B01636,2024-05-28 00:00:00,Sandwich,Beverage,G0001,496.06,3,MG Road
B01637,2023-11-29 02:00:00,Cold Brew,Beverage,G0071,586.59,2,Indiranagar
B01638,2024-06-01 10:00:00,Cappuccino,Food,G0178,115.15,2,Koramangala
B01639,2024-05-05 01:00:00,Espresso,Food,G0189,336.54,1,Koramangala
B01640,2023-02-22 04:00:00,Espresso,Beverage,G0291,196.69,3,Indiranagar
B01641,2023-06-25 03:00:00,Cappuccino,Food,G0008,402.92,1,MG Road
B01642,2023-12-15 11:00:00,Sandwich,Food,G0253,450.24,3,Indiranagar
B01643,2024-02-07 02:00:00,Cold Brew,Beverage,G0292,252.5,2,Indiranagar
B01644,2023-05-28 21:00:00,Croissant,Food,G0244,342.19,1,Koramangala
B01645,2023-06-24 21:00:00,Cappuccino,Food,G0123,239.22,1,MG Road
B01646,2023-10-20 01:00:00,Sandwich,Beverage,G0299,290.55,3,Indiranagar
B01647,2023-10-05 19:00:00,Cappuccino,Food,G0283,170.94,3,MG Road
B01648,2023-04-07 18:00:00,Cappuccino,Beverage,G0032,584.77,3,Koramangala
B01649,2024-02-14 12:00:00,Latte,Beverage,G0334,85.71,2,MG Road
B01650,2024-04-16 03:00:00,Sandwich,Food,G0377,582.97,1,Koramangala
B01651,2023-06-20 10:00:00,Croissant,Food,G0146,405.86,3,MG Road
B01652,2023-10-18 00:00:00,Tea,Food,G0156,269.04,2,Indiranagar
B01653,2023-05-06 04:00:00,Latte,Beverage,G0016,492.14,3,Koramangala
B01654,2023-08-03 00:00:00,Cappuccino,Food,G0355,369.42,1,Indiranagar
B01655,2023-01-14 17:00:00,Tea,Beverage,G0047,364.49,3,Koramangala
B01656,2023-06-01 16:00:00,Muffin,Food,G0251,142.78,1,MG Road
B01657,2024-05-18 14:00:00,Tea,Food,G0187,302.02,2,MG Road
B01658,2023-11-29 14:00:00,Cappuccino,Food,G0031,217.41,2,Koramangala
B01659,2023-06-21 03:00:00,Cappuccino,Beverage,G0260,88.95,3,Koramangala
B01660,2023-02-25 21:00:00,Cold Brew,Food,G0017,285.26,1,Koramangala
B01661,2024-05-08 23:00:00,Sandwich,Food,G0039,131.2,1,MG Road
B01662,2023-12-17 07:00:00,Sandwich,Beverage,G0304,226.39,1,Koramangala
B01663,2023-01-15 02:00:00,Latte,Beverage,G0039,132.73,3,Koramangala
B01664,2023-09-03 15:00:00,Croissant,Food,G0132,137.54,1,Indiranagar
B01665,2024-05-25 14:00:00,Latte,Food,G0030,193.44,1,Koramangala
B01666,2023-04-23 20:00:00,Espresso,Food,G0158,649.91,1,Indiranagar
B01667,2024-04-17 16:00:00,Cappuccino,Beverage,G0278,81.24,1,Indiranagar
B01668,2023-03-14 22:00:00,Tea,Beverage,G0203,444.04,3,Indiranagar
B01669,2023-08-22 12:00:00,Muffin,Beverage,G0066,160.51,3,MG Road
B01670,2023-04-11 21:00:00,Cappuccino,Beverage,G0108,604.76,1,Indiranagar
B01671,2023-10-24 15:00:00,Cappuccino,Food,G0268,133.37,1,Koramangala
B01672,2024-01-06 21:00:00,Latte,Beverage,G0222,624.39,2,MG Road
B01673,2023-08-10 15:00:00,Muffin,Beverage,G0292,428.23,2,MG Road
B01674,2023-10-03 09:00:00,Muffin,Beverage,G0018,80.72,1,MG Road
B01675,2023-08-13 11:00:00,Muffin,Food,G0090,589.58,1,MG Road
B01676,2024-05-11 14:00:00,Latte,Food,G0181,377.38,2,MG Road
B01677,2024-05-08 02:00:00,Cappuccino,Beverage,G0255,229.72,2,MG Road
B01678,2023-06-16 09:00:00,Latte,Beverage,G0253,517.35,1,MG Road
B01679,2023-12-28 16:00:00,Sandwich,Food,G0257,608.2,3,Indiranagar
B01680,2023-12-02 04:00:00,Sandwich,Food,G0383,355.7,3,Koramangala
B01681,2023-12-10 06:00:00,Latte,Food,G0346,259.87,1,Koramangala
B01682,2024-04-26 07:00:00,Muffin,Food,G0087,529.7,1,Indiranagar
B01683,2023-07-23 01:00:00,Cold Brew,Food,G0090,468.62,2,Indiranagar
B01684,2023-07-20 06:00:00,Cappuccino,Food,G0237,586.59,2,MG Road
B01685,2023-12-25 00:00:00,Latte,Food,G0390,474.73,3,MG Road
B01686,2024-05-22 14:00:00,Latte,Food,G0070,218.81,1,Indiranagar
B01687,2023-09-04 09:00:00,Latte,Beverage,G0044,611.05,2,MG Road
B01688,2023-10-24 20:00:00,Cold Brew,Beverage,G0200,139.76,3,Koramangala
B01689,2023-05-12 13:00:00,Cold Brew,Beverage,G0152,232.73,3,Koramangala
B01690,2024-06-06 09:00:00,Espresso,Beverage,G0086,376.51,3,MG Road
B01691,2023-01-17 06:00:00,Sandwich,Beverage,G0019,402.47,2,MG Road
B01692,2024-05-16 21:00:00,Tea,Beverage,G0101,88.73,2,MG Road
B01693,2023-07-04 14:00:00,Muffin,Food,G0095,524.93,1,Koramangala
B01694,2024-01-03 12:00:00,Croissant,Food,G0254,286.12,1,MG Road
B01695,2023-11-17 06:00:00,Cold Brew,Beverage,G0357,311.66,3,Indiranagar
B01696,2023-06-26 08:00:00,Tea,Beverage,G0030,541.34,3,MG Road
B01697,2024-04-08 10:00:00,Cold Brew,Food,G0249,296.19,2,Indiranagar
B01698,2023-11-30 15:00:00,Muffin,Food,G0033,106.92,2,MG Road
B01699,2023-03-05 09:00:00,Croissant,Food,G0229,180.57,1,MG Road
B01700,2024-01-11 18:00:00,Espresso,Beverage,G0012,624.86,1,Koramangala
B01701,2024-06-26 06:00:00,Latte,Food,G0118,120.13,1,Indiranagar
B01702,2023-03-04 12:00:00,Espresso,Beverage,G0350,282.31,2,Indiranagar
B01703,2023-10-08 17:00:00,Cold Brew,Beverage,G0155,366.81,3,Indiranagar
B01704,2023-05-18 06:00:00,Espresso,Food,G0393,361.17,1,Koramangala
B01705,2023-07-31 21:00:00,Tea,Food,G0246,82.26,1,Indiranagar
B01706,2023-04-11 19:00:00,Cappuccino,Beverage,G0332,365.66,2,Koramangala
B01707,2024-01-16 06:00:00,Cold Brew,Food,G0247,298.75,1,MG Road
B01708,2023-05-07 18:00:00,Cold Brew,Food,G0029,634.09,3,MG Road
B01709,2023-07-07 09:00:00,Tea,Beverage,G0161,170.72,2,Indiranagar
B01710,2023-03-03 02:00:00,Sandwich,Food,G0235,281.87,1,MG Road
B01711,2023-05-29 09:00:00,Croissant,Beverage,G0190,319.1,1,MG Road
B01712,2023-01-26 14:00:00,Latte,Beverage,G0117,302.7,2,Indiranagar
B01713,2023-08-13 16:00:00,Tea,Food,G0271,459.52,2,MG Road
B01714,2023-11-17 13:00:00,Croissant,Beverage,G0258,202.84,1,Indiranagar
B01715,2024-01-26 14:00:00,Muffin,Beverage,G0180,206.01,3,Indiranagar
B01716,2023-05-15 07:00:00,Croissant,Food,G0373,495.65,2,MG Road
B01717,2023-10-25 10:00:00,Muffin,Food,G0172,365.17,3,MG Road
B01718,2023-04-22 03:00:00,Tea,Food,G0274,316.64,1,MG Road
B01719,2023-11-29 12:00:00,Cold Brew,Beverage,G0259,176.45,3,MG Road
B01720,2023-01-06 10:00:00,Cold Brew,Beverage,G0135,186.89,1,MG Road
B01721,2023-05-05 07:00:00,Sandwich,Food,G0171,86.01,1,Koramangala
B01722,2023-06-28 06:00:00,Tea,Beverage,G0210,132.11,1,MG Road
B01723,2023-10-24 22:00:00,Muffin,Food,G0236,397.4,1,Koramangala
B01724,2024-06-11 03:00:00,Croissant,Food,G0186,588.37,3,Indiranagar
B01725,2023-12-09 22:00:00,Croissant,Beverage,G0364,243.68,1,MG Road
B01726,2023-11-17 14:00:00,Muffin,Food,G0095,266.82,1,MG Road
B01727,2024-05-21 07:00:00,Espresso,Beverage,G0378,145.9,3,MG Road
B01728,2023-10-04 16:00:00,Sandwich,Beverage,G0011,301.52,2,Indiranagar
B01729,2024-05-05 19:00:00,Cappuccino,Food,G0068,101.22,3,Koramangala
B01730,2023-08-16 20:00:00,Cold Brew,Beverage,G0379,603.03,3,Koramangala
B01731,2023-02-08 08:00:00,Latte,Food,G0210,463.67,3,MG Road
B01732,2023-11-12 04:00:00,Croissant,Beverage,G0196,644.73,1,MG Road
B01733,2024-04-01 17:00:00,Latte,Beverage,G0369,583.21,1,MG Road
B01734,2024-05-27 15:00:00,Cappuccino,Beverage,G0098,349.6,1,MG Road
B01735,2023-12-28 20:00:00,Tea,Food,G0093,376.22,2,Indiranagar
B01736,2024-01-24 11:00:00,Latte,Beverage,G0022,188.63,1,MG Road
B01737,2024-05-03 01:00:00,Cappuccino,Food,G0172,343.36,2,Indiranagar
B01738,2023-12-21 06:00:00,Cold Brew,Beverage,G0383,594.73,1,MG Road
B01739,2024-01-08 02:00:00,Muffin,Beverage,G0134,108.99,3,Koramangala
B01740,2023-05-16 01:00:00,Espresso,Food,G0025,572.23,1,Koramangala
B01741,2023-01-23 17:00:00,Cold Brew,Food,G0185,274.34,2,MG Road
B01742,2024-03-19 21:00:00,Croissant,Food,G0085,592.72,2,MG Road
B01743,2023-07-01 02:00:00,Cappuccino,Food,G0055,616.3,1,Indiranagar
B01744,2024-06-27 14:00:00,Latte,Food,G0251,462.39,3,MG Road
B01745,2024-02-21 12:00:00,Croissant,Beverage,G0144,458.72,1,MG Road
B01746,2024-04-20 04:00:00,Espresso,Beverage,G0351,338.07,1,MG Road
B01747,2023-06-08 18:00:00,Muffin,Food,G0398,556.26,1,Koramangala
B01748,2023-10-28 06:00:00,Tea,Beverage,G0167,628.12,3,Indiranagar
B01749,2024-01-11 05:00:00,Croissant,Beverage,G0224,521.8,2,Koramangala
B01750,2024-05-28 04:00:00,Tea,Beverage,G0220,434.5,3,Indiranagar
B01751,2023-03-26 16:00:00,Cappuccino,Food,G0179,425.87,2,Koramangala
B01752,2024-06-15 20:00:00,Espresso,Beverage,G0119,564.2,2,MG Road
B01753,2024-06-09 05:00:00,Latte,Beverage,G0265,388.49,2,Koramangala
B01754,2023-12-18 12:00:00,Espresso,Beverage,G0150,538.2,3,Koramangala
B01755,2024-06-27 03:00:00,Espresso,Food,G0215,370.06,1,Indiranagar
B01756,2024-06-25 00:00:00,Sandwich,Beverage,G0197,115.59,1,Indiranagar
B01757,2023-01-12 07:00:00,Espresso,Beverage,G0042,298.85,1,Koramangala
B01758,2023-05-27 07:00:00,Espresso,Food,G0053,333.33,1,Indiranagar
B01759,2023-03-15 19:00:00,Cold Brew,Food,G0330,160.72,1,Indiranagar
B01760,2024-01-29 22:00:00,Croissant,Beverage,G0251,138.42,3,Indiranagar
B01761,2024-03-18 08:00:00,Latte,Beverage,G0295,385.22,3,Indiranagar
B01762,2023-07-01 17:00:00,Cold Brew,Food,G0378,128.53,3,Indiranagar
B01763,2023-10-22 13:00:00,Cold Brew,Food,G0271,252.68,3,Koramangala
B01764,2023-02-08 08:00:00,Croissant,Food,G0123,504.42,3,Indiranagar
B01765,2023-12-08 06:00:00,Croissant,Food,G0367,629.73,3,MG Road
B01766,2023-05-23 22:00:00,Cappuccino,Food,G0387,489.19,3,Koramangala
B01767,2023-07-04 19:00:00,Croissant,Food,G0339,645.8,1,Koramangala
B01768,2024-06-12 04:00:00,Sandwich,Food,G0266,478.05,2,Koramangala
B01769,2024-03-26 16:00:00,Sandwich,Beverage,G0348,247.46,3,Indiranagar
B01770,2023-06-06 16:00:00,Cold Brew,Food,G0029,463.07,2,MG Road
B01771,2023-03-27 10:00:00,Tea,Food,G0035,480.23,3,Indiranagar
B01772,2024-05-02 04:00:00,Cappuccino,Beverage,G0006,291.88,3,Koramangala
B01773,2023-02-18 13:00:00,Tea,Food,G0396,90.1,1,Koramangala
B01774,2023-12-23 23:00:00,Tea,Food,G0111,480.82,2,Koramangala
B01775,2023-03-26 17:00:00,Cold Brew,Beverage,G0294,92.37,1,Koramangala
B01776,2023-09-27 11:00:00,Muffin,Food,G0077,439.78,1,Indiranagar
B01777,2023-01-07 01:00:00,Cold Brew,Beverage,G0349,173.26,2,MG Road
B01778,2023-07-02 20:00:00,Latte,Beverage,G0147,402.39,1,MG Road
B01779,2023-11-23 08:00:00,Latte,Beverage,G0067,367.23,3,Koramangala
B01780,2023-12-26 07:00:00,Croissant,Beverage,G0392,87.7,3,MG Road
B01781,2024-01-06 16:00:00,Croissant,Food,G0008,286.83,3,Koramangala
B01782,2023-12-07 13:00:00,Muffin,Beverage,G0122,422.62,3,Koramangala
B01783,2023-04-20 16:00:00,Croissant,Beverage,G0340,563.71,3,MG Road
B01784,2023-07-07 06:00:00,Latte,Food,G0175,586.53,1,Koramangala
B01785,2023-12-02 16:00:00,Tea,Beverage,G0388,355.79,1,MG Road
B01786,2023-11-09 23:00:00,Cold Brew,Beverage,G0179,495.2,3,Koramangala
B01787,2024-01-17 11:00:00,Espresso,Beverage,G0085,260.38,3,MG Road
B01788,2024-03-10 10:00:00,Sandwich,Beverage,G0045,275.05,1,Koramangala
B01789,2024-03-02 09:00:00,Espresso,Food,G0136,190.84,2,MG Road
B01790,2023-03-18 04:00:00,Espresso,Beverage,G0343,400.31,1,Koramangala
B01791,2024-03-05 04:00:00,Latte,Food,G0016,259.3,1,Koramangala
B01792,2024-05-25 20:00:00,Espresso,Food,G0333,128.09,1,Koramangala
B01793,2024-01-16 10:00:00,Cold Brew,Beverage,G0195,470.45,1,MG Road
B01794,2023-07-20 05:00:00,Muffin,Beverage,G0009,483.42,1,Indiranagar
B01795,2023-02-03 14:00:00,Cappuccino,Beverage,G0316,285.2,2,Koramangala
B01796,2024-02-07 07:00:00,Croissant,Beverage,G0334,123.73,3,Koramangala
B01797,2023-11-08 22:00:00,Cappuccino,Food,G0333,322.99,3,MG Road
B01798,2024-04-28 15:00:00,Tea,Food,G0327,332.13,2,Koramangala
B01799,2023-12-08 18:00:00,Cold Brew,Food,G0015,461.14,3,Koramangala
B01800,2023-03-19 20:00:00,Cold Brew,Beverage,G0327,259.79,3,Koramangala
B01801,2023-11-25 06:00:00,Sandwich,Food,G0102,469.08,3,Koramangala
B01802,2024-06-28 03:00:00,Cold Brew,Beverage,G0226,576.75,2,Indiranagar
B01803,2023-08-26 02:00:00,Croissant,Beverage,G0278,215.37,2,Indiranagar
B01804,2023-11-23 03:00:00,Cold Brew,Beverage,G0113,637.98,3,Koramangala
B01805,2023-08-15 05:00:00,Espresso,Beverage,G0001,300.23,3,Koramangala
B01806,2024-01-14 04:00:00,Sandwich,Beverage,G0266,232.34,3,Koramangala
B01807,2023-05-29 12:00:00,Croissant,Food,G0208,320.26,1,Indiranagar
B01808,2023-02-27 21:00:00,Muffin,Food,G0110,133.81,1,Indiranagar
B01809,2024-04-28 01:00:00,Muffin,Beverage,G0200,151.65,1,MG Road
B01810,2023-10-31 02:00:00,Muffin,Food,G0369,316.23,2,MG Road
B01811,2024-06-05 09:00:00,Muffin,Beverage,G0306,514.59,3,Koramangala
B01812,2023-02-04 08:00:00,Espresso,Beverage,G0012,593.18,2,Koramangala
B01813,2023-04-05 09:00:00,Cold Brew,Beverage,G0345,458.95,2,Indiranagar
B01814,2023-02-09 00:00:00,Cappuccino,Food,G0188,139.98,2,Koramangala
B01815,2024-04-03 00:00:00,Croissant,Beverage,G0154,463.05,3,Koramangala
B01816,2024-03-23 17:00:00,Espresso,Beverage,G0368,442.19,1,Indiranagar
B01817,2023-09-24 18:00:00,Muffin,Food,G0334,539.29,3,Indiranagar
B01818,2023-06-10 05:00:00,Tea,Food,G0377,550.39,3,Indiranagar
B01819,2023-03-16 20:00:00,Cold Brew,Food,G0279,574.88,2,Indiranagar
B01820,2023-12-10 13:00:00,Cappuccino,Beverage,G0171,316.05,2,MG Road
B01821,2023-10-28 14:00:00,Tea,Beverage,G0134,477.78,2,Indiranagar
B01822,2023-01-31 06:00:00,Sandwich,Food,G0025,232.9,1,Indiranagar
B01823,2023-04-25 00:00:00,Tea,Beverage,G0018,649.62,1,Koramangala
B01824,2024-04-18 10:00:00,Sandwich,Food,G0190,179.94,1,Koramangala
B01825,2023-03-21 17:00:00,Sandwich,Food,G0141,85.77,3,Koramangala
B01826,2024-02-12 20:00:00,Muffin,Beverage,G0043,164.82,2,MG Road
B01827,2024-02-26 02:00:00,Sandwich,Beverage,G0334,522.25,3,Indiranagar
B01828,2023-11-16 01:00:00,Latte,Food,G0284,334.67,1,Indiranagar
B01829,2023-04-13 18:00:00,Croissant,Food,G0146,335.08,2,MG Road
B01830,2024-03-31 09:00:00,Croissant,Food,G0315,624.36,1,Indiranagar
B01831,2024-01-12 17:00:00,Muffin,Food,G0319,604.19,2,Koramangala
B01832,2024-03-05 05:00:00,Latte,Beverage,G0092,257.38,2,MG Road
B01833,2023-11-01 16:00:00,Tea,Food,G0179,199.16,3,Indiranagar
B01834,2023-12-08 10:00:00,Espresso,Food,G0056,563.63,3,MG Road
B01835,2024-06-02 15:00:00,Tea,Food,G0155,596.43,1,MG Road
B01836,2023-11-26 10:00:00,Cold Brew,Beverage,G0160,388.71,3,Indiranagar
B01837,2024-05-25 21:00:00,Espresso,Beverage,G0111,438.77,3,Koramangala
B01838,2023-07-23 04:00:00,Sandwich,Food,G0137,226.44,3,Indiranagar
B01839,2023-10-31 15:00:00,Cappuccino,Beverage,G0232,536.46,2,Indiranagar
B01840,2023-02-07 04:00:00,Espresso,Beverage,G0220,440.31,3,Koramangala
B01841,2024-03-01 22:00:00,Cappuccino,Beverage,G0068,367.0,1,Indiranagar
B01842,2024-04-18 00:00:00,Croissant,Food,G0302,114.26,2,Indiranagar
B01843,2024-03-16 08:00:00,Cappuccino,Food,G0249,602.08,2,Indiranagar
B01844,2023-07-14 19:00:00,Croissant,Beverage,G0323,430.81,3,MG Road
B01845,2023-03-22 13:00:00,Latte,Food,G0392,189.83,2,MG Road
B01846,2023-02-27 12:00:00,Latte,Food,G0006,425.64,1,MG Road
B01847,2024-05-09 17:00:00,Muffin,Beverage,G0280,466.15,1,Indiranagar
B01848,2023-02-23 18:00:00,Muffin,Beverage,G0094,379.69,2,Koramangala
B01849,2023-03-10 08:00:00,Sandwich,Food,G0269,489.32,3,MG Road
B01850,2023-11-09 02:00:00,Espresso,Beverage,G0197,411.43,3,Koramangala
B01851,2024-03-29 02:00:00,Sandwich,Food,G0025,620.23,2,Indiranagar
B01852,2024-01-18 11:00:00,Croissant,Food,G0148,110.61,1,MG Road
B01853,2023-02-20 18:00:00,Sandwich,Beverage,G0118,140.56,2,Indiranagar
B01854,2023-07-29 00:00:00,Cappuccino,Food,G0338,178.99,3,Koramangala
B01855,2023-10-14 17:00:00,Croissant,Food,G0367,473.4,3,MG Road
B01856,2024-02-02 19:00:00,Muffin,Beverage,G0338,447.99,2,MG Road
B01857,2024-06-03 01:00:00,Latte,Beverage,G0066,588.47,1,MG Road
B01858,2024-06-17 16:00:00,Muffin,Beverage,G0301,497.74,2,MG Road
B01859,2024-05-28 15:00:00,Espresso,Food,G0370,369.76,1,Koramangala
B01860,2024-02-11 08:00:00,Croissant,Beverage,G0175,645.34,1,MG Road
B01861,2024-02-05 10:00:00,Croissant,Beverage,G0319,231.68,2,Indiranagar
B01862,2023-02-09 18:00:00,Cappuccino,Beverage,G0076,554.92,2,MG Road
B01863,2024-01-18 07:00:00,Espresso,Beverage,G0114,323.27,1,Koramangala
B01864,2023-10-31 19:00:00,Latte,Food,G0111,449.78,1,MG Road
B01865,2023-02-10 14:00:00,Tea,Food,G0249,494.54,1,Koramangala
B01866,2023-06-22 05:00:00,Croissant,Beverage,G0203,441.24,1,Koramangala
B01867,2023-08-12 18:00:00,Croissant,Food,G0147,160.09,3,Indiranagar
B01868,2023-06-15 12:00:00,Cappuccino,Beverage,G0035,332.48,2,MG Road
B01869,2023-08-09 15:00:00,Sandwich,Beverage,G0309,400.02,1,MG Road
B01870,2024-01-15 09:00:00,Cold Brew,Food,G0026,563.95,2,MG Road
B01871,2024-06-14 21:00:00,Latte,Food,G0238,332.88,1,Indiranagar
B01872,2023-12-09 20:00:00,Muffin,Beverage,G0014,603.69,2,Indiranagar
B01873,2024-04-27 11:00:00,Espresso,Beverage,G0374,331.01,2,Koramangala
B01874,2024-02-17 15:00:00,Croissant,Food,G0045,392.8,1,Koramangala
B01875,2023-05-06 20:00:00,Croissant,Beverage,G0216,533.88,1,Koramangala
B01876,2024-01-10 11:00:00,Muffin,Food,G0233,412.35,2,Indiranagar
B01877,2023-06-18 04:00:00,Latte,Beverage,G0193,627.32,2,Indiranagar
B01878,2023-07-31 04:00:00,Cold Brew,Beverage,G0051,456.39,2,Indiranagar
B01879,2024-06-20 16:00:00,Sandwich,Food,G0375,377.94,3,Koramangala
B01880,2023-08-07 01:00:00,Croissant,Food,G0214,93.45,1,Indiranagar
B01881,2024-04-15 23:00:00,Cold Brew,Food,G0151,315.83,3,Koramangala
B01882,2024-02-01 12:00:00,Latte,Food,G0275,250.57,3,Koramangala
B01883,2023-01-14 05:00:00,Muffin,Food,G0338,506.42,1,MG Road
B01884,2023-04-10 20:00:00,Cappuccino,Food,G0076,198.72,1,MG Road
B01885,2023-04-01 02:00:00,Sandwich,Food,G0220,196.98,3,MG Road
B01886,2023-04-25 09:00:00,Espresso,Beverage,G0348,188.03,1,Koramangala
B01887,2023-03-08 07:00:00,Croissant,Beverage,G0187,151.6,2,MG Road
B01888,2024-04-15 23:00:00,Latte,Beverage,G0289,257.27,2,MG Road
B01889,2023-09-15 15:00:00,Cappuccino,Food,G0028,584.98,3,MG Road
B01890,2023-06-13 18:00:00,Espresso,Food,G0379,521.71,3,Indiranagar
B01891,2024-02-29 12:00:00,Tea,Food,G0180,499.09,1,Koramangala
B01892,2023-02-24 16:00:00,Latte,Beverage,G0253,534.48,1,MG Road
B01893,2024-01-30 21:00:00,Latte,Food,G0126,233.57,3,Indiranagar
B01894,2023-06-29 15:00:00,Espresso,Food,G0177,585.84,3,Indiranagar
B01895,2023-11-01 18:00:00,Cappuccino,Beverage,G0037,158.26,2,Indiranagar
B01896,2023-04-10 07:00:00,Tea,Food,G0099,271.72,2,MG Road
B01897,2023-05-15 23:00:00,Cold Brew,Beverage,G0098,414.45,1,Indiranagar
B01898,2023-03-31 03:00:00,Cold Brew,Beverage,G0127,138.66,2,Koramangala
B01899,2023-03-13 00:00:00,Muffin,Food,G0168,496.17,1,Indiranagar
B01900,2023-10-16 12:00:00,Cappuccino,Food,G0080,300.73,1,Indiranagar
B01901,2023-01-16 02:00:00,Sandwich,Food,G0294,527.11,1,Indiranagar
B01902,2023-04-19 12:00:00,Croissant,Beverage,G0333,360.95,2,Indiranagar
B01903,2024-02-17 20:00:00,Espresso,Beverage,G0126,183.1,3,Koramangala
B01904,2024-06-10 19:00:00,Muffin,Beverage,G0343,498.81,3,MG Road
B01905,2023-06-28 14:00:00,Tea,Food,G0310,223.72,2,Koramangala
B01906,2023-06-05 18:00:00,Espresso,Food,G0150,359.76,3,Koramangala
B01907,2023-04-13 21:00:00,Espresso,Food,G0016,123.05,1,MG Road
B01908,2023-07-19 19:00:00,Cappuccino,Food,G0028,432.18,3,Indiranagar
B01909,2023-09-14 06:00:00,Croissant,Beverage,G0173,459.54,2,MG Road
B01910,2023-01-24 04:00:00,Sandwich,Beverage,G0046,295.84,3,MG Road
B01911,2024-01-11 17:00:00,Cold Brew,Beverage,G0328,624.02,1,Koramangala
B01912,2023-04-28 00:00:00,Latte,Beverage,G0236,578.28,1,MG Road
B01913,2023-08-03 14:00:00,Latte,Food,G0214,483.53,2,Indiranagar
B01914,2024-06-13 17:00:00,Espresso,Food,G0085,486.78,2,Koramangala
B01915,2023-11-12 01:00:00,Cold Brew,Food,G0282,223.87,2,Indiranagar
B01916,2023-04-24 07:00:00,Cold Brew,Beverage,G0232,454.38,1,Koramangala
B01917,2023-09-29 02:00:00,Croissant,Beverage,G0085,192.98,3,Indiranagar
B01918,2024-05-02 12:00:00,Tea,Food,G0065,162.08,3,MG Road
B01919,2023-06-05 21:00:00,Tea,Food,G0134,649.7,2,MG Road
B01920,2024-02-11 22:00:00,Muffin,Beverage,G0151,434.75,3,MG Road
B01921,2023-06-16 14:00:00,Cappuccino,Food,G0115,325.66,3,Indiranagar
B01922,2024-03-06 01:00:00,Croissant,Beverage,G0064,244.25,2,Koramangala
B01923,2023-04-11 03:00:00,Croissant,Beverage,G0343,424.23,2,Koramangala
B01924,2024-04-25 01:00:00,Cappuccino,Beverage,G0363,108.27,1,Koramangala
B01925,2024-01-01 20:00:00,Cold Brew,Food,G0352,133.97,1,MG Road
B01926,2024-03-01 04:00:00,Tea,Food,G0158,98.73,1,Indiranagar
B01927,2024-02-10 19:00:00,Tea,Beverage,G0077,364.53,1,Koramangala
B01928,2023-01-13 06:00:00,Cold Brew,Food,G0146,422.35,3,Indiranagar
B01929,2024-02-29 01:00:00,Tea,Beverage,G0343,115.61,3,Koramangala
B01930,2023-08-11 15:00:00,Espresso,Beverage,G0225,491.1,1,MG Road
B01931,2024-04-16 05:00:00,Croissant,Beverage,G0313,211.33,1,Indiranagar
B01932,2024-02-16 18:00:00,Latte,Beverage,G0103,470.56,2,Koramangala
B01933,2023-02-17 08:00:00,Cappuccino,Food,G0347,639.68,3,Koramangala
B01934,2023-03-28 00:00:00,Tea,Beverage,G0301,473.93,3,Koramangala
B01935,2024-06-10 23:00:00,Muffin,Beverage,G0088,583.42,1,Koramangala
B01936,2023-10-20 01:00:00,Tea,Food,G0371,620.47,3,MG Road
B01937,2024-06-25 03:00:00,Tea,Beverage,G0303,357.45,2,Koramangala
B01938,2023-07-09 07:00:00,Sandwich,Beverage,G0168,480.33,2,Koramangala
B01939,2024-06-24 02:00:00,Espresso,Food,G0170,565.62,3,MG Road
B01940,2023-02-11 23:00:00,Cappuccino,Food,G0135,283.27,1,Koramangala
B01941,2023-08-15 21:00:00,Sandwich,Food,G0050,229.0,3,Indiranagar
B01942,2024-03-22 02:00:00,Sandwich,Beverage,G0340,619.56,2,Indiranagar
B01943,2024-05-03 06:00:00,Muffin,Food,G0347,493.99,1,Koramangala
B01944,2024-06-20 09:00:00,Croissant,Food,G0134,205.22,3,MG Road
B01945,2023-08-12 00:00:00,Muffin,Beverage,G0347,335.98,1,MG Road
B01946,2024-01-29 07:00:00,Croissant,Beverage,G0137,533.98,1,MG Road
B01947,2024-05-18 22:00:00,Croissant,Beverage,G0245,391.83,2,Koramangala
B01948,2023-03-01 19:00:00,Cappuccino,Beverage,G0109,450.47,1,Koramangala
B01949,2023-01-24 19:00:00,Tea,Beverage,G0313,509.65,3,Indiranagar
B01950,2023-04-10 06:00:00,Cappuccino,Food,G0287,434.55,1,MG Road
B01951,2024-01-29 05:00:00,Espresso,Food,G0021,387.85,1,Koramangala
B01952,2024-03-04 04:00:00,Croissant,Food,G0090,507.28,3,Koramangala
B01953,2023-07-31 20:00:00,Sandwich,Beverage,G0296,494.71,2,Koramangala
B01954,2023-01-12 13:00:00,Tea,Beverage,G0112,439.03,2,MG Road
B01955,2023-10-22 03:00:00,Latte,Beverage,G0301,285.08,3,MG Road
B01956,2023-03-20 15:00:00,Espresso,Food,G0077,311.31,3,Indiranagar
B01957,2024-06-16 03:00:00,Cappuccino,Food,G0177,633.15,2,MG Road
B01958,2023-02-22 17:00:00,Muffin,Beverage,G0343,144.06,1,Koramangala
B01959,2023-11-09 03:00:00,Espresso,Food,G0148,233.05,3,Indiranagar
B01960,2024-06-26 10:00:00,Espresso,Beverage,G0101,360.67,1,MG Road
B01961,2023-02-13 08:00:00,Tea,Food,G0246,556.94,3,MG Road
B01962,2024-01-15 13:00:00,Espresso,Food,G0117,173.3,2,MG Road
B01963,2023-12-03 09:00:00,Espresso,Food,G0092,237.86,1,MG Road
B01964,2024-01-14 05:00:00,Latte,Beverage,G0028,117.5,1,Koramangala
B01965,2023-04-25 16:00:00,Cold Brew,Food,G0025,482.41,3,MG Road
B01966,2023-12-09 05:00:00,Muffin,Food,G0058,215.78,1,Koramangala
B01967,2023-07-10 09:00:00,Muffin,Beverage,G0297,301.54,3,Koramangala
B01968,2024-04-19 07:00:00,Muffin,Food,G0134,332.91,2,Koramangala
B01969,2023-09-22 17:00:00,Croissant,Beverage,G0331,588.05,1,Indiranagar
B01970,2023-04-09 01:00:00,Sandwich,Beverage,G0249,314.46,3,Koramangala
B01971,2023-11-06 21:00:00,Cold Brew,Beverage,G0038,162.78,1,MG Road
B01972,2023-07-19 23:00:00,Muffin,Beverage,G0390,378.86,3,Indiranagar
B01973,2023-01-29 14:00:00,Espresso,Beverage,G0075,628.89,3,MG Road
B01974,2023-12-20 04:00:00,Espresso,Food,G0142,426.38,3,Koramangala
B01975,2023-07-20 11:00:00,Muffin,Beverage,G0322,640.53,2,MG Road
B01976,2024-05-12 11:00:00,Tea,Beverage,G0168,559.43,1,Indiranagar
B01977,2024-01-09 02:00:00,Muffin,Beverage,G0259,100.5,2,Indiranagar
B01978,2023-08-11 18:00:00,Espresso,Beverage,G0373,455.29,3,MG Road
B01979,2023-07-30 03:00:00,Croissant,Food,G0355,243.46,3,MG Road
B01980,2023-04-12 04:00:00,Cappuccino,Beverage,G0225,398.98,2,MG Road
B01981,2024-03-21 19:00:00,Cappuccino,Food,G0152,239.23,2,Indiranagar
B01982,2023-08-02 14:00:00,Cold Brew,Beverage,G0019,278.86,1,Koramangala
B01983,2023-12-09 12:00:00,Cold Brew,Food,G0146,606.21,3,MG Road
B01984,2024-01-15 02:00:00,Muffin,Beverage,G0241,197.79,2,Koramangala
B01985,2024-04-15 16:00:00,Latte,Beverage,G0372,578.24,3,Indiranagar
B01986,2023-11-22 13:00:00,Muffin,Food,G0381,97.36,3,MG Road
B01987,2024-05-22 23:00:00,Tea,Beverage,G0344,131.8,1,MG Road
B01988,2024-04-11 02:00:00,Muffin,Food,G0237,567.16,1,Indiranagar
B01989,2024-03-21 18:00:00,Cold Brew,Beverage,G0035,439.42,1,MG Road
B01990,2024-06-19 17:00:00,Cappuccino,Food,G0190,505.92,2,Koramangala
B01991,2024-05-06 17:00:00,Espresso,Beverage,G0001,199.37,3,Indiranagar
B01992,2024-05-04 09:00:00,Muffin,Beverage,G0153,386.14,2,Indiranagar
B01993,2024-02-06 21:00:00,Espresso,Food,G0126,500.21,2,MG Road
B01994,2024-06-26 17:00:00,Espresso,Beverage,G0345,437.57,1,Indiranagar
B01995,2023-05-20 20:00:00,Latte,Beverage,G0226,348.87,3,MG Road
B01996,2023-12-29 19:00:00,Espresso,Beverage,G0221,627.08,3,MG Road
B01997,2023-10-30 18:00:00,Cappuccino,Beverage,G0211,465.41,1,Indiranagar
B01998,2023-09-30 12:00:00,Croissant,Beverage,G0025,597.42,3,MG Road
B01999,2023-01-02 14:00:00,Croissant,Beverage,G0016,495.97,1,Koramangala
