Row ID,Order ID,Order Date,Ship Date,Ship Mode,Customer ID,Customer Name,Segment,Country,City,State,Postal Code,Region,Product ID,Category,Sub-Category,Product Name,Sales,Quantity,Discount,Profit
3462,US-2022-101973,2022-10-03,2022-10-07,Second Class,AC-10573,Amy Carter,Corporate,United States,Boston,Massachusetts,24078,East,TEC-MA-0000196,Technology,Machines,Standard Scanner,1149.4523,2,0.2,-202.6373
5662,US-2023-103229,2023-09-19,2023-09-23,Standard Class,KC-10115,Karen Cooper,Consumer,United States,Seattle,Washington,69045,West,OFF-ST-0000150,Office Supplies,Storage,Premium Archive Case,1124.069,6,0.1,-68.8638
624,US-2021-100354,2021-06-01,2021-06-07,Standard Class,MD-10200,Michael Diaz,Consumer,United States,Chicago,Illinois,26318,Central,OFF-BI-0000087,Office Supplies,Binders,Deluxe View Binder,21.9064,1,0.2,1.6269
308,US-2021-100176,2021-03-25,2021-03-29,Standard Class,QC-10590,Quinn Cooper,Consumer,United States,Houston,Texas,74750,Central,OFF-AP-0000060,Office Supplies,Appliances,Compact Air Purifier,134.107,1,0.0,25.7431
3370,US-2022-101921,2022-09-19,2022-09-24,Standard Class,EG-10049,Edward Garcia,Consumer,United States,Atlanta,Georgia,54472,South,TEC-MA-0000188,Technology,Machines,Deluxe Scanner,586.5303,1,0.5,-224.9665
4195,US-2022-102379,2022-12-28,2022-12-31,Second Class,TC-10169,Tina Collins,Corporate,United States,Los Angeles,California,18100,West,TEC-PH-0000201,Technology,Phones,Compact Smartphone,1832.7108,5,0.0,225.2505
1584,US-2021-100884,2021-11-09,2021-11-14,Second Class,OL-10557,Olivia Long,Corporate,United States,Phoenix,Arizona,88658,West,OFF-BI-0000090,Office Supplies,Binders,Advanced Ring Binder,81.9526,4,0.0,25.8893
1300,US-2021-100726,2021-10-01,2021-10-07,Standard Class,AE-10741,Alice Evans,Corporate,United States,Miami,Florida,44159,South,TEC-MA-0000192,Technology,Machines,Standard Label Printer,811.0495,1,0.2,-79.231
8317,US-2024-104760,2024-10-10,2024-10-17,Standard Class,SA-10643,Steven Adams,Corporate,United States,San Francisco,California,18856,West,FUR-FU-0000033,Furniture,Furnishings,Pro Desk Lamp,53.277,2,0.0,15.1921
4775,US-2023-102717,2023-04-20,2023-04-25,Standard Class,TG-10488,Tina Green,Consumer,United States,New York City,New York,99533,East,FUR-FU-0000027,Furniture,Furnishings,Wireless Wall Clock,40.846,1,0.0,11.3234
8606,US-2024-104916,2024-11-14,2024-11-21,Standard Class,XT-10698,Xavier Turner,Consumer,United States,Minneapolis,Minnesota,53942,Central,OFF-FA-0000110,Office Supplies,Fasteners,Deluxe Binder Clip Set,49.7061,4,0.1,11.4358
2127,US-2022-101199,2022-01-21,2022-01-27,Standard Class,XT-10698,Xavier Turner,Consumer,United States,Minneapolis,Minnesota,53942,Central,OFF-FA-0000118,Office Supplies,Fasteners,Heavy-Duty Staple Pack,38.2054,4,0.0,14.0751
6781,US-2024-103863,2024-01-30,2024-01-30,Same Day,KL-10718,Kevin Lewis,Home Office,United States,San Francisco,California,20113,West,OFF-BI-0000084,Office Supplies,Binders,Classic Ring Binder,58.8608,3,0.3,3.9624
3017,US-2022-101712,2022-07-16,2022-07-19,Second Class,VH-10208,Victor Hughes,Consumer,United States,Miami,Florida,34330,South,OFF-BI-0000088,Office Supplies,Binders,Executive Ring Binder,299.4177,7,0.2,76.1257
1858,US-2021-101039,2021-12-11,2021-12-16,Second Class,JC-10451,Julia Collins,Corporate,United States,Boston,Massachusetts,81421,East,TEC-MA-0000185,Technology,Machines,Wireless Laser Printer,1862.8394,4,0.4,-641.2793
3351,US-2022-101910,2022-09-15,2022-09-19,Standard Class,WR-10798,Walter Russell,Home Office,United States,Columbus,Ohio,25250,East,FUR-FU-0000026,Furniture,Furnishings,Wireless Desk Lamp,31.6817,1,0.3,2.0967
598,US-2021-100339,2021-05-25,2021-05-30,Second Class,DE-10424,Diane Edwards,Home Office,United States,Philadelphia,Pennsylvania,44133,East,TEC-AC-0000172,Technology,Accessories,Pro Keyboard,254.3671,2,0.0,26.7926
1533,US-2021-100852,2021-11-03,2021-11-06,Second Class,BP-10584,Brian Patel,Corporate,United States,Newark,New Jersey,15968,East,TEC-CO-0000177,Technology,Copiers,Recycled Multifunction Copier,6676.3575,6,0.0,2196.1823
2404,US-2022-101356,2022-03-22,2022-03-29,Standard Class,JR-10255,Jane Rivera,Consumer,United States,Newark,New Jersey,93424,East,OFF-AR-0000073,Office Supplies,Art,Classic Pencil Set,64.3474,3,0.1,15.88
6418,US-2023-103665,2023-12-13,2023-12-16,First Class,NC-10696,Nancy Collins,Corporate,United States,Miami,Florida,97373,South,FUR-FU-0000028,Furniture,Furnishings,Deluxe Photo Frame,64.3363,2,0.3,-1.9144
4817,US-2023-102742,2023-04-27,2023-05-04,Standard Class,CL-10330,Chris Long,Consumer,United States,Nashville,Tennessee,32310,South,FUR-FU-0000027,Furniture,Furnishings,Wireless Wall Clock,82.7371,2,0.0,14.5759
2124,US-2022-101198,2022-01-20,2022-01-21,Same Day,GC-10465,Grace Chen,Consumer,United States,Los Angeles,California,95460,West,OFF-PA-0000130,Office Supplies,Paper,Pro Notebook,43.0272,2,0.2,4.6174
5819,US-2023-103320,2023-10-06,2023-10-09,Second Class,KP-10373,Kevin Perry,Corporate,United States,Philadelphia,Pennsylvania,97698,East,OFF-LA-0000127,Office Supplies,Labels,Deluxe Address Label,36.8328,2,0.0,15.6311
9036,US-2024-105141,2024-12-24,2024-12-30,Standard Class,SP-10005,Susan Parker,Corporate,United States,Dallas,Texas,80264,Central,OFF-FA-0000113,Office Supplies,Fasteners,Executive Binder Clip Set,31.1783,3,0.2,5.2562
5996,US-2023-103423,2023-10-30,2023-11-06,Standard Class,AM-10787,Amy Mitchell,Corporate,United States,New York City,New York,55375,East,OFF-AP-0000063,Office Supplies,Appliances,Executive Microwave,338.0341,4,0.4,-41.6334
5158,US-2023-102929,2023-06-26,2023-06-30,Second Class,CM-10393,Carol Murphy,Corporate,United States,Chicago,Illinois,91466,Central,TEC-PH-0000205,Technology,Phones,Advanced Smartphone,535.8513,3,0.3,-0.5352
6734,US-2024-103833,2024-01-18,2024-01-23,Standard Class,FC-10563,Frank Carter,Home Office,United States,Nashville,Tennessee,57625,South,OFF-AP-0000059,Office Supplies,Appliances,Recycled Air Purifier,166.7024,1,0.2,1.1657
3254,US-2022-101854,2022-09-02,2022-09-08,Standard Class,XH-10737,Xavier Hughes,Consumer,United States,Nashville,Tennessee,20839,South,OFF-SU-0000156,Office Supplies,Supplies,Compact Letter Opener,173.6862,3,0.0,22.8394
7300,US-2024-104177,2024-05-06,2024-05-13,Standard Class,ZB-10444,Zachary Bennett,Consumer,United States,New York City,New York,72076,East,OFF-LA-0000119,Office Supplies,Labels,Wireless File Folder Label,121.8629,6,0.0,43.2707
4331,US-2023-102463,2023-01-31,2023-02-03,First Class,JK-10030,Julia Kelly,Home Office,United States,Columbus,Ohio,30931,East,TEC-PH-0000210,Technology,Phones,Standard Desk Phone,657.3248,3,0.0,122.3782
445,US-2021-100254,2021-04-26,2021-04-28,First Class,YR-10506,Yolanda Ross,Consumer,United States,Philadelphia,Pennsylvania,99224,East,OFF-FA-0000115,Office Supplies,Fasteners,Pro Binder Clip Set,30.9899,3,0.1,4.8138
553,US-2021-100317,2021-05-17,2021-05-22,Standard Class,BB-10317,Brian Baker,Corporate,United States,Nashville,Tennessee,38725,South,TEC-PH-0000212,Technology,Phones,Recycled Conference Phone,828.545,4,0.0,163.4263
6868,US-2024-103917,2024-02-19,2024-02-23,Standard Class,XF-10587,Xavier Foster,Consumer,United States,Philadelphia,Pennsylvania,18732,East,OFF-AR-0000074,Office Supplies,Art,Pro Marker Pack,15.9176,1,0.2,0.5146
1118,US-2021-100622,2021-09-03,2021-09-05,First Class,KC-10670,Karen Chen,Consumer,United States,Seattle,Washington,66331,West,OFF-AR-0000070,Office Supplies,Art,Pro Marker Pack,44.5209,1,0.0,9.8995
8308,US-2024-104757,2024-10-09,2024-10-14,Standard Class,AW-10088,Anna Wright,Corporate,United States,Atlanta,Georgia,95768,South,TEC-MA-0000194,Technology,Machines,Premium Laser Printer,1043.4758,1,0.0,58.9151
6188,US-2023-103534,2023-11-20,2023-11-24,Standard Class,YS-10243,Yolanda Scott,Consumer,United States,Chicago,Illinois,65812,Central,TEC-CO-0000178,Technology,Copiers,Adjustable Multifunction Copier,1009.0694,1,0.0,303.1963
6847,US-2024-103907,2024-02-15,2024-02-22,Standard Class,JG-10003,Jason Gray,Home Office,United States,New York City,New York,52259,East,TEC-PH-0000208,Technology,Phones,Deluxe Desk Phone,324.2384,2,0.0,63.2347
336,US-2021-100191,2021-04-02,2021-04-07,Second Class,PR-10083,Patrick Reed,Corporate,United States,Minneapolis,Minnesota,61293,Central,OFF-AR-0000070,Office Supplies,Art,Pro Marker Pack,157.0569,3,0.0,35.8926
5545,US-2023-103153,2023-09-04,2023-09-11,Standard Class,YE-10631,Yolanda Evans,Corporate,United States,Seattle,Washington,82764,West,TEC-PH-0000200,Technology,Phones,Premium Desk Phone,806.9895,6,0.3,-74.7869
1686,US-2021-100943,2021-11-18,2021-11-19,Same Day,DW-10415,Diane Ward,Consumer,United States,Portland,Oregon,94573,West,OFF-FA-0000112,Office Supplies,Fasteners,Compact Staple Pack,43.0722,4,0.2,7.3905
8348,US-2024-104777,2024-10-15,2024-10-17,First Class,TS-10120,Thomas Stewart,Corporate,United States,Charlotte,North Carolina,18984,South,TEC-PH-0000204,Technology,Phones,Executive Smartphone,356.0976,2,0.0,79.3654
2359,US-2022-101333,2022-03-12,2022-03-15,First Class,JR-10406,Jane Ross,Consumer,United States,Seattle,Washington,25468,West,OFF-SU-0000153,Office Supplies,Supplies,Recycled Tape Dispenser,66.6425,1,0.1,3.9039
8191,US-2024-104690,2024-09-23,2024-09-23,Same Day,RM-10540,Robert Mitchell,Consumer,United States,Philadelphia,Pennsylvania,35986,East,OFF-EN-0000102,Office Supplies,Envelopes,Executive Catalog Envelope,34.1853,1,0.0,14.5421
9056,US-2024-105153,2024-12-25,2025-01-01,Standard Class,JS-10446,Jason Stewart,Consumer,United States,Phoenix,Arizona,61686,West,TEC-CO-0000181,Technology,Copiers,Compact Multifunction Copier,3029.7196,2,0.0,792.3718
6635,US-2024-103786,2024-01-01,2024-01-07,Standard Class,WE-10593,Wendy Evans,Consumer,United States,Portland,Oregon,58004,West,TEC-MA-0000191,Technology,Machines,Recycled Laser Printer,2152.941,2,0.2,-105.8159
9083,US-2024-105169,2024-12-27,2024-12-30,First Class,FC-10563,Frank Carter,Home Office,United States,Nashville,Tennessee,57625,South,TEC-PH-0000203,Technology,Phones,Compact Smartphone,292.6998,1,0.0,41.1165
4018,US-2022-102287,2022-12-09,2022-12-14,Standard Class,KS-10525,Kevin Simmons,Corporate,United States,Phoenix,Arizona,96788,West,OFF-FA-0000116,Office Supplies,Fasteners,Executive Paper Clip Box,10.1088,1,0.0,3.3532
3509,US-2022-102001,2022-10-09,2022-10-14,Standard Class,AR-10651,Andrew Rivera,Home Office,United States,Boston,Massachusetts,65655,East,OFF-SU-0000161,Office Supplies,Supplies,Classic Scissors Set,115.7371,3,0.0,10.5234
5735,US-2023-103272,2023-09-27,2023-10-04,Standard Class,NN-10434,Nathan Nguyen,Consumer,United States,Boston,Massachusetts,55283,East,TEC-MA-0000194,Technology,Machines,Premium Laser Printer,750.221,1,0.4,-212.3117
5766,US-2023-103289,2023-09-29,2023-10-05,Standard Class,XL-10691,Xavier Long,Home Office,United States,Portland,Oregon,60618,West,OFF-FA-0000108,Office Supplies,Fasteners,Adjustable Binder Clip Set,112.6749,5,0.0,37.3866
3705,US-2022-102114,2022-11-04,2022-11-09,Standard Class,NK-10378,Nathan Kumar,Corporate,United States,Seattle,Washington,40841,West,OFF-SU-0000156,Office Supplies,Supplies,Compact Letter Opener,55.5373,1,0.0,2.9881
2530,US-2022-101425,2022-04-14,2022-04-19,Second Class,WG-10495,Walter Gray,Corporate,United States,Minneapolis,Minnesota,66310,Central,TEC-PH-0000203,Technology,Phones,Compact Smartphone,86.0716,1,0.4,-13.9072
1104,US-2021-100614,2021-09-01,2021-09-07,Standard Class,DB-10061,Diane Baker,Corporate,United States,Newark,New Jersey,14382,East,OFF-PA-0000137,Office Supplies,Paper,Compact Copy Paper,89.8718,4,0.4,0.9656
6043,US-2023-103446,2023-11-02,2023-11-06,Standard Class,ZB-10444,Zachary Bennett,Consumer,United States,New York City,New York,72076,East,TEC-PH-0000210,Technology,Phones,Standard Desk Phone,707.9483,3,0.0,103.8099
5800,US-2023-103309,2023-10-04,2023-10-11,Standard Class,MH-10567,Michael Harris,Consumer,United States,Minneapolis,Minnesota,85241,Central,OFF-PA-0000133,Office Supplies,Paper,Recycled Notebook,78.7243,2,0.1,23.5996
373,US-2021-100210,2021-04-12,2021-04-15,First Class,WB-10783,Walter Bennett,Consumer,United States,Miami,Florida,99512,South,FUR-FU-0000033,Furniture,Furnishings,Pro Desk Lamp,58.0865,2,0.2,14.7086
4433,US-2023-102522,2023-02-27,2023-03-02,Second Class,IG-10468,Irene Green,Consumer,United States,Miami,Florida,86090,South,OFF-AP-0000058,Office Supplies,Appliances,Heavy-Duty Microwave,298.324,3,0.2,25.6341
3087,US-2022-101756,2022-08-02,2022-08-07,Standard Class,HD-10379,Henry Diaz,Corporate,United States,Phoenix,Arizona,88816,West,FUR-CH-0000016,Furniture,Chairs,Premium Office Chair,544.3753,2,0.2,2.7576
6598,US-2023-103765,2023-12-29,2024-01-04,Standard Class,SA-10643,Steven Adams,Corporate,United States,San Francisco,California,18856,West,OFF-EN-0000097,Office Supplies,Envelopes,Adjustable Catalog Envelope,13.432,1,0.1,4.5985
8685,US-2024-104959,2024-11-21,2024-11-24,First Class,KC-10191,Karen Campbell,Corporate,United States,Minneapolis,Minnesota,40575,Central,FUR-CH-0000024,Furniture,Chairs,Wireless Stacking Chair,862.1841,2,0.0,122.7916
8283,US-2024-104744,2024-10-06,2024-10-11,Standard Class,DR-10642,David Russell,Consumer,United States,Portland,Oregon,97929,West,OFF-SU-0000160,Office Supplies,Supplies,Compact Tape Dispenser,50.4282,1,0.0,2.9679
2431,US-2022-101374,2022-03-28,2022-04-02,Standard Class,TH-10646,Tina Harris,Consumer,United States,Philadelphia,Pennsylvania,41941,East,FUR-TA-0000043,Furniture,Tables,Adjustable Folding Table,433.3449,1,0.0,-38.641
5605,US-2023-103188,2023-09-08,2023-09-12,Standard Class,RC-10278,Robert Campbell,Consumer,United States,Nashville,Tennessee,28360,South,OFF-BI-0000087,Office Supplies,Binders,Deluxe View Binder,55.515,2,0.0,13.4452
6896,US-2024-103932,2024-02-27,2024-03-02,Second Class,MH-10496,Maria Harris,Corporate,United States,San Francisco,California,70649,West,FUR-FU-0000038,Furniture,Furnishings,Premium Desk Lamp,178.1151,3,0.1,44.0009
3285,US-2022-101871,2022-09-06,2022-09-06,Same Day,JD-10632,Jack Diaz,Corporate,United States,Detroit,Michigan,70952,Central,OFF-ST-0000148,Office Supplies,Storage,Deluxe Storage Bin,61.2874,1,0.0,5.889
3650,US-2022-102084,2022-10-29,2022-11-03,Second Class,NE-10340,Nathan Edwards,Consumer,United States,Newark,New Jersey,23899,East,FUR-CH-0000018,Furniture,Chairs,Deluxe Task Chair,723.9681,2,0.0,72.3784
4291,US-2023-102439,2023-01-20,2023-01-26,Standard Class,WK-10747,Walter Kumar,Consumer,United States,Detroit,Michigan,51768,Central,OFF-ST-0000144,Office Supplies,Storage,Pro Filing Box,260.998,5,0.1,21.1589
7533,US-2024-104318,2024-06-18,2024-06-23,Second Class,MS-10474,Maria Sanders,Consumer,United States,Boston,Massachusetts,80477,East,TEC-MA-0000191,Technology,Machines,Recycled Laser Printer,4670.9604,6,0.3,-367.7013
5794,US-2023-103306,2023-10-04,2023-10-07,First Class,RC-10278,Robert Campbell,Consumer,United States,Nashville,Tennessee,28360,South,TEC-MA-0000193,Technology,Machines,Adjustable Label Printer,2526.6627,2,0.0,230.1737
1751,US-2021-100979,2021-11-29,2021-12-05,Standard Class,IW-10205,Irene Ward,Corporate,United States,Columbus,Ohio,57863,East,OFF-SU-0000154,Office Supplies,Supplies,Deluxe Scissors Set,119.0051,2,0.1,12.648
1948,US-2021-101094,2021-12-22,2021-12-28,Standard Class,YB-10165,Yolanda Baker,Consumer,United States,Phoenix,Arizona,74071,West,OFF-ST-0000149,Office Supplies,Storage,Compact Filing Box,259.3976,3,0.3,-41.8242
7481,US-2024-104287,2024-06-09,2024-06-12,Second Class,NH-10626,Nancy Hughes,Corporate,United States,Detroit,Michigan,61773,Central,OFF-AP-0000062,Office Supplies,Appliances,Heavy-Duty Microwave,286.9335,3,0.4,-22.8423
1289,US-2021-100722,2021-10-01,2021-10-07,Standard Class,MM-10564,Maria Murphy,Corporate,United States,Chicago,Illinois,36300,Central,OFF-PA-0000133,Office Supplies,Paper,Recycled Notebook,250.141,5,0.0,94.3157
8662,US-2024-104947,2024-11-19,2024-11-23,Second Class,CS-10637,Carol Stewart,Consumer,United States,New York City,New York,84202,East,TEC-MA-0000198,Technology,Machines,Classic Label Printer,3190.9685,5,0.4,-970.1503
3811,US-2022-102172,2022-11-19,2022-11-24,Standard Class,AM-10337,Adam Martin,Home Office,United States,Boston,Massachusetts,82893,East,FUR-CH-0000023,Furniture,Chairs,Advanced Stacking Chair,743.6622,3,0.1,46.8052
6794,US-2024-103870,2024-02-01,2024-02-07,Standard Class,OR-10367,Olivia Ross,Corporate,United States,Houston,Texas,58450,Central,OFF-LA-0000125,Office Supplies,Labels,Executive Address Label,32.7021,2,0.0,12.6334
6304,US-2023-103600,2023-12-04,2023-12-07,Second Class,CS-10637,Carol Stewart,Consumer,United States,New York City,New York,84202,East,FUR-CH-0000018,Furniture,Chairs,Deluxe Task Chair,563.8467,2,0.2,5.7938
4054,US-2022-102305,2022-12-13,2022-12-19,Standard Class,PR-10565,Patrick Russell,Consumer,United States,Detroit,Michigan,88191,Central,TEC-CO-0000181,Technology,Copiers,Compact Multifunction Copier,10102.2794,6,0.0,3211.1105
1602,US-2021-100894,2021-11-10,2021-11-13,Second Class,NM-10797,Nancy Martin,Home Office,United States,Houston,Texas,49145,Central,TEC-MA-0000197,Technology,Machines,Recycled Scanner,1450.5468,3,0.5,-560.7032
4162,US-2022-102362,2022-12-24,2022-12-29,Second Class,ES-10719,Edward Stewart,Home Office,United States,Miami,Florida,36383,South,TEC-AC-0000170,Technology,Accessories,Advanced Webcam,230.2635,2,0.0,54.0539
1411,US-2021-100786,2021-10-15,2021-10-18,Second Class,NW-10704,Nathan Wright,Corporate,United States,Minneapolis,Minnesota,58361,Central,TEC-AC-0000171,Technology,Accessories,Advanced Webcam,391.059,4,0.0,112.688
663,US-2021-100375,2021-06-08,2021-06-12,Second Class,ML-10612,Marcus Lewis,Corporate,United States,Los Angeles,California,50479,West,OFF-LA-0000127,Office Supplies,Labels,Deluxe Address Label,76.5492,3,0.0,28.1559
7770,US-2024-104457,2024-07-23,2024-07-25,First Class,KP-10373,Kevin Perry,Corporate,United States,Philadelphia,Pennsylvania,97698,East,FUR-FU-0000027,Furniture,Furnishings,Wireless Wall Clock,77.6727,2,0.0,22.3639
7183,US-2024-104102,2024-04-16,2024-04-21,Standard Class,AS-10028,Andrew Scott,Corporate,United States,Seattle,Washington,93234,West,FUR-BO-0000001,Furniture,Bookcases,Executive Shelf Unit,105.9787,1,0.6,-52.3147
83,US-2021-100045,2021-01-22,2021-01-24,First Class,CD-10460,Carol Diaz,Corporate,United States,San Francisco,California,51636,West,OFF-BI-0000087,Office Supplies,Binders,Deluxe View Binder,58.1078,2,0.0,16.9639
4039,US-2022-102299,2022-12-12,2022-12-19,Standard Class,KS-10345,Karen Sanders,Consumer,United States,Philadelphia,Pennsylvania,82538,East,FUR-CH-0000018,Furniture,Chairs,Deluxe Task Chair,746.7089,2,0.1,38.741
3709,US-2022-102115,2022-11-04,2022-11-09,Standard Class,CS-10637,Carol Stewart,Consumer,United States,New York City,New York,84202,East,TEC-CO-0000176,Technology,Copiers,Adjustable Colour Copier,4547.6064,5,0.1,1401.3687
1071,US-2021-100594,2021-08-23,2021-08-25,First Class,ES-10160,Edward Shah,Corporate,United States,Seattle,Washington,14548,West,OFF-AR-0000076,Office Supplies,Art,Recycled Sketch Pad,101.253,3,0.2,0.9291
7609,US-2024-104364,2024-06-29,2024-07-04,Second Class,QH-10464,Quinn Hughes,Corporate,United States,New York City,New York,37131,East,OFF-BI-0000083,Office Supplies,Binders,Premium Clip Binder,20.5714,1,0.2,4.222
2796,US-2022-101577,2022-06-07,2022-06-10,Second Class,IW-10205,Irene Ward,Corporate,United States,Columbus,Ohio,57863,East,FUR-FU-0000038,Furniture,Furnishings,Premium Desk Lamp,236.481,3,0.0,47.9755
4154,US-2022-102359,2022-12-24,2022-12-27,Second Class,LP-10555,Linda Perry,Corporate,United States,Columbus,Ohio,81441,East,OFF-ST-0000141,Office Supplies,Storage,Classic Archive Case,832.0044,4,0.0,57.2505
807,US-2021-100453,2021-07-08,2021-07-14,Standard Class,EP-10685,Edward Perry,Consumer,United States,Houston,Texas,43686,Central,FUR-CH-0000011,Furniture,Chairs,Pro Task Chair,279.8725,1,0.0,61.3257
5870,US-2023-103352,2023-10-16,2023-10-20,Standard Class,JR-10402,Jason Reed,Consumer,United States,Columbus,Ohio,85228,East,FUR-FU-0000028,Furniture,Furnishings,Deluxe Photo Frame,427.8972,5,0.0,106.1692
3698,US-2022-102110,2022-11-03,2022-11-08,Standard Class,QR-10511,Quinn Reed,Home Office,United States,Houston,Texas,69955,Central,OFF-FA-0000118,Office Supplies,Fasteners,Heavy-Duty Staple Pack,33.8376,4,0.1,7.5281
6115,US-2023-103490,2023-11-12,2023-11-19,Standard Class,DG-10321,Daniel Green,Consumer,United States,Atlanta,Georgia,24183,South,TEC-PH-0000202,Technology,Phones,Advanced Conference Phone,847.4938,3,0.2,7.4905
4266,US-2023-102425,2023-01-15,2023-01-19,Standard Class,SL-10715,Steven Lee,Consumer,United States,Nashville,Tennessee,70518,South,FUR-CH-0000020,Furniture,Chairs,Deluxe Stacking Chair,999.9393,3,0.0,149.4368
5109,US-2023-102899,2023-06-16,2023-06-22,Standard Class,JS-10438,Julia Shah,Home Office,United States,San Francisco,California,83922,West,OFF-AP-0000060,Office Supplies,Appliances,Compact Air Purifier,597.4091,7,0.4,-56.501
6836,US-2024-103898,2024-02-12,2024-02-14,First Class,AC-10641,Amy Chen,Home Office,United States,New York City,New York,45049,East,OFF-FA-0000116,Office Supplies,Fasteners,Executive Paper Clip Box,23.0231,3,0.2,5.026
7009,US-2024-103996,2024-03-19,2024-03-23,Second Class,LA-10422,Linda Adams,Consumer,United States,Portland,Oregon,52149,West,OFF-EN-0000104,Office Supplies,Envelopes,Deluxe Security Envelope,35.6109,1,0.0,13.3389
6560,US-2023-103745,2023-12-26,2024-01-01,Standard Class,YG-10688,Yolanda Garcia,Home Office,United States,Portland,Oregon,27709,West,OFF-FA-0000108,Office Supplies,Fasteners,Adjustable Binder Clip Set,52.548,2,0.0,14.7373
955,US-2021-100526,2021-08-01,2021-08-07,Standard Class,JS-10446,Jason Stewart,Consumer,United States,Phoenix,Arizona,61686,West,OFF-FA-0000113,Office Supplies,Fasteners,Executive Binder Clip Set,70.298,6,0.0,20.8689
5991,US-2023-103418,2023-10-29,2023-11-01,First Class,JS-10438,Julia Shah,Home Office,United States,San Francisco,California,83922,West,TEC-PH-0000211,Technology,Phones,Heavy-Duty Desk Phone,1112.7222,5,0.0,224.2318
1157,US-2021-100644,2021-09-07,2021-09-11,Standard Class,BW-10518,Brian Watson,Home Office,United States,Los Angeles,California,41806,West,TEC-MA-0000186,Technology,Machines,Executive Label Printer,2815.9147,5,0.3,-670.9558
162,US-2021-100090,2021-02-13,2021-02-14,Same Day,FC-10266,Frank Collins,Consumer,United States,Dallas,Texas,89867,Central,TEC-MA-0000197,Technology,Machines,Recycled Scanner,1434.431,2,0.3,-254.4196
2786,US-2022-101572,2022-06-03,2022-06-08,Standard Class,XL-10691,Xavier Long,Home Office,United States,Portland,Oregon,60618,West,OFF-PA-0000138,Office Supplies,Paper,Adjustable Copy Paper,38.6075,1,0.1,11.9736
7147,US-2024-104083,2024-04-11,2024-04-11,Same Day,JD-10176,Julia Diaz,Home Office,United States,Seattle,Washington,10051,West,FUR-FU-0000033,Furniture,Furnishings,Pro Desk Lamp,47.1855,2,0.1,7.6286
1145,US-2021-100638,2021-09-06,2021-09-06,Same Day,NS-10504,Nancy Scott,Home Office,United States,Nashville,Tennessee,44368,South,OFF-ST-0000150,Office Supplies,Storage,Premium Archive Case,677.1883,4,0.0,66.5596
7767,US-2024-104455,2024-07-23,2024-07-28,Standard Class,ZB-10444,Zachary Bennett,Consumer,United States,New York City,New York,72076,East,OFF-AR-0000072,Office Supplies,Art,Classic Pencil Set,27.4953,1,0.1,7.5319
6038,US-2023-103443,2023-11-02,2023-11-06,Standard Class,SL-10577,Susan Lewis,Consumer,United States,Newark,New Jersey,45347,East,OFF-ST-0000143,Office Supplies,Storage,Recycled Filing Box,161.3593,1,0.0,11.9456
7903,US-2024-104532,2024-08-14,2024-08-16,First Class,TB-10222,Tina Brooks,Consumer,United States,New York City,New York,26263,East,OFF-EN-0000103,Office Supplies,Envelopes,Adjustable Security Envelope,18.5054,1,0.2,4.2613
5212,US-2023-102963,2023-07-06,2023-07-12,Standard Class,HL-10427,Henry Lewis,Home Office,United States,Columbus,Ohio,23407,East,OFF-LA-0000128,Office Supplies,Labels,Pro File Folder Label,35.0999,2,0.0,13.9363
2620,US-2022-101478,2022-05-03,2022-05-08,Standard Class,ZB-10264,Zoe Baker,Corporate,United States,Los Angeles,California,75160,West,OFF-AP-0000056,Office Supplies,Appliances,Heavy-Duty Air Purifier,197.5744,3,0.5,-48.8204
7845,US-2024-104499,2024-08-06,2024-08-11,Standard Class,PW-10213,Patrick Watson,Consumer,United States,San Francisco,California,41964,West,TEC-PH-0000200,Technology,Phones,Premium Desk Phone,304.7215,1,0.0,74.6167
6723,US-2024-103826,2024-01-15,2024-01-19,Standard Class,IP-10369,Irene Patel,Consumer,United States,Chicago,Illinois,68735,Central,FUR-CH-0000018,Furniture,Chairs,Deluxe Task Chair,1184.8712,4,0.0,150.4568
9080,US-2024-105168,2024-12-27,2024-12-30,Second Class,JW-10435,Jason Wright,Corporate,United States,New York City,New York,41996,East,OFF-AR-0000073,Office Supplies,Art,Classic Pencil Set,15.8073,1,0.1,4.6359
4790,US-2023-102725,2023-04-23,2023-04-26,First Class,XK-10669,Xavier Kumar,Consumer,United States,San Francisco,California,56995,West,OFF-FA-0000105,Office Supplies,Fasteners,Recycled Paper Clip Box,8.3708,1,0.2,1.9953
9101,US-2024-105179,2024-12-28,2025-01-03,Standard Class,MC-10426,Michael Carter,Corporate,United States,Columbus,Ohio,44321,East,OFF-PA-0000137,Office Supplies,Paper,Compact Copy Paper,64.0764,3,0.0,20.3331
5740,US-2023-103274,2023-09-27,2023-09-29,First Class,BW-10440,Brian Wells,Corporate,United States,Philadelphia,Pennsylvania,26363,East,TEC-AC-0000165,Technology,Accessories,Adjustable Mouse,147.7716,2,0.1,19.6408
1577,US-2021-100880,2021-11-08,2021-11-12,Second Class,PE-10624,Paula Evans,Consumer,United States,Richmond,Virginia,13197,South,OFF-BI-0000084,Office Supplies,Binders,Classic Ring Binder,46.0148,7,0.7,-23.9133
255,US-2021-100145,2021-03-10,2021-03-14,Standard Class,CB-10344,Carol Brooks,Corporate,United States,Detroit,Michigan,81281,Central,OFF-AP-0000063,Office Supplies,Appliances,Executive Microwave,127.558,2,0.3,-6.9505
3362,US-2022-101916,2022-09-18,2022-09-23,Standard Class,EG-10775,Elena Green,Consumer,United States,Boston,Massachusetts,59769,East,TEC-MA-0000187,Technology,Machines,Deluxe Laser Printer,757.112,2,0.2,-32.4487
4577,US-2023-102605,2023-03-24,2023-03-27,Second Class,JS-10446,Jason Stewart,Consumer,United States,Phoenix,Arizona,61686,West,OFF-AP-0000060,Office Supplies,Appliances,Compact Air Purifier,351.3183,3,0.0,54.1206
3188,US-2022-101811,2022-08-19,2022-08-25,Standard Class,EG-10636,Edward Gray,Corporate,United States,Boston,Massachusetts,49157,East,OFF-PA-0000131,Office Supplies,Paper,Standard Legal Pad,96.5294,3,0.1,29.6216
1894,US-2021-101061,2021-12-15,2021-12-19,Second Class,PC-10128,Paula Collins,Home Office,United States,Houston,Texas,54692,Central,FUR-CH-0000018,Furniture,Chairs,Deluxe Task Chair,700.6496,2,0.0,99.6561
7201,US-2024-104112,2024-04-19,2024-04-26,Standard Class,XH-10215,Xavier Hall,Corporate,United States,Boston,Massachusetts,36717,East,FUR-CH-0000024,Furniture,Chairs,Wireless Stacking Chair,1138.0343,3,0.0,130.4164
8817,US-2024-105026,2024-12-03,2024-12-05,First Class,SP-10634,Sandra Parker,Consumer,United States,Charlotte,North Carolina,70249,South,OFF-AR-0000070,Office Supplies,Art,Pro Marker Pack,154.692,3,0.0,31.3365
2821,US-2022-101593,2022-06-10,2022-06-16,Standard Class,AW-10146,Andrew Watson,Consumer,United States,San Francisco,California,27789,West,OFF-EN-0000092,Office Supplies,Envelopes,Heavy-Duty Catalog Envelope,22.3444,1,0.1,6.4822
4142,US-2022-102352,2022-12-23,2022-12-27,Standard Class,LW-10639,Laura Wells,Home Office,United States,San Francisco,California,51263,West,FUR-BO-0000008,Furniture,Bookcases,Pro Wall Shelf,582.9976,4,0.4,-201.4133
4283,US-2023-102435,2023-01-18,2023-01-20,First Class,JR-10682,Julia Russell,Corporate,United States,Miami,Florida,47567,South,TEC-MA-0000191,Technology,Machines,Recycled Laser Printer,7077.5847,3,0.0,261.8306
4323,US-2023-102458,2023-01-30,2023-02-04,Standard Class,JG-10056,Jane Green,Consumer,United States,Newark,New Jersey,57826,East,OFF-SU-0000160,Office Supplies,Supplies,Compact Tape Dispenser,158.9474,4,0.0,1.047
696,US-2021-100394,2021-06-12,2021-06-16,Standard Class,WL-10242,Wendy Long,Home Office,United States,San Francisco,California,24688,West,OFF-EN-0000101,Office Supplies,Envelopes,Adjustable Security Envelope,24.8773,1,0.0,8.1465
7339,US-2024-104203,2024-05-14,2024-05-19,Second Class,YG-10014,Yolanda Gray,Corporate,United States,Newark,New Jersey,49501,East,FUR-CH-0000013,Furniture,Chairs,Wireless Office Chair,274.7015,1,0.2,1.5189
4411,US-2023-102510,2023-02-22,2023-02-28,Standard Class,EP-10685,Edward Perry,Consumer,United States,Houston,Texas,43686,Central,OFF-LA-0000126,Office Supplies,Labels,Pro Address Label,105.329,7,0.2,25.4072
8849,US-2024-105041,2024-12-05,2024-12-09,Standard Class,AC-10573,Amy Carter,Corporate,United States,Boston,Massachusetts,24078,East,OFF-BI-0000090,Office Supplies,Binders,Advanced Ring Binder,29.8,2,0.4,0.5646
2723,US-2022-101533,2022-05-25,2022-05-28,First Class,JN-10609,Jack Nguyen,Consumer,United States,Detroit,Michigan,25599,Central,TEC-PH-0000203,Technology,Phones,Compact Smartphone,192.5975,1,0.0,30.1473
3002,US-2022-101702,2022-07-14,2022-07-16,First Class,OJ-10105,Olivia Jenkins,Home Office,United States,Portland,Oregon,68033,West,TEC-MA-0000194,Technology,Machines,Premium Laser Printer,849.9882,1,0.3,-155.1564
1852,US-2021-101034,2021-12-10,2021-12-12,First Class,FM-10454,Frank Murphy,Consumer,United States,Los Angeles,California,30307,West,OFF-AP-0000060,Office Supplies,Appliances,Compact Air Purifier,83.6143,4,0.7,-34.9225
8042,US-2024-104604,2024-09-03,2024-09-06,Second Class,FJ-10449,Frank Jenkins,Consumer,United States,Charlotte,North Carolina,75572,South,FUR-BO-0000007,Furniture,Bookcases,Deluxe Storage Cabinet,401.5365,2,0.4,-100.1844
6306,US-2023-103601,2023-12-04,2023-12-08,Standard Class,PS-10447,Patrick Sanders,Consumer,United States,Philadelphia,Pennsylvania,88739,East,OFF-ST-0000150,Office Supplies,Storage,Premium Archive Case,340.7545,3,0.1,42.9997
4372,US-2023-102489,2023-02-14,2023-02-18,Second Class,OA-10332,Olivia Adams,Consumer,United States,Los Angeles,California,99176,West,TEC-CO-0000176,Technology,Copiers,Adjustable Colour Copier,5119.5064,4,0.0,1107.2297
8578,US-2024-104902,2024-11-11,2024-11-12,Same Day,NS-10286,Nathan Simmons,Consumer,United States,Minneapolis,Minnesota,35039,Central,TEC-PH-0000203,Technology,Phones,Compact Smartphone,472.1021,3,0.2,38.6758
896,US-2021-100496,2021-07-24,2021-07-28,Standard Class,AC-10448,Adam Carter,Consumer,United States,Portland,Oregon,16979,West,TEC-PH-0000203,Technology,Phones,Compact Smartphone,1103.3699,6,0.3,-56.3622
4704,US-2023-102681,2023-04-13,2023-04-20,Standard Class,AM-10392,Adam Morgan,Corporate,United States,Portland,Oregon,26031,West,OFF-SU-0000157,Office Supplies,Supplies,Advanced Scissors Set,175.0752,4,0.0,14.4204
2049,US-2022-101159,2022-01-05,2022-01-12,Standard Class,SJ-10300,Susan Jenkins,Consumer,United States,Portland,Oregon,27370,West,OFF-PA-0000133,Office Supplies,Paper,Recycled Notebook,254.7352,7,0.1,52.4784
1316,US-2021-100733,2021-10-03,2021-10-08,Standard Class,TM-10235,Tina Martin,Corporate,United States,Seattle,Washington,46384,West,OFF-FA-0000113,Office Supplies,Fasteners,Executive Binder Clip Set,8.5395,1,0.2,1.6553
4196,US-2022-102380,2022-12-28,2022-12-31,Second Class,HR-10113,Henry Rivera,Consumer,United States,Boston,Massachusetts,77523,East,OFF-AP-0000064,Office Supplies,Appliances,Recycled Microwave,163.6298,3,0.7,-88.0587
5383,US-2023-103065,2023-08-09,2023-08-12,First Class,MM-10614,Marcus Mitchell,Corporate,United States,New York City,New York,55621,East,TEC-MA-0000191,Technology,Machines,Recycled Laser Printer,5999.6734,5,0.0,519.3951
8384,US-2024-104797,2024-10-19,2024-10-24,Standard Class,ME-10475,Marcus Evans,Consumer,United States,Columbus,Ohio,74316,East,OFF-EN-0000091,Office Supplies,Envelopes,Heavy-Duty Security Envelope,29.505,1,0.1,5.8242
5356,US-2023-103047,2023-08-03,2023-08-09,Standard Class,SC-10288,Sandra Campbell,Consumer,United States,Charlotte,North Carolina,63468,South,FUR-FU-0000033,Furniture,Furnishings,Pro Desk Lamp,33.1736,1,0.0,6.6522
8176,US-2024-104682,2024-09-21,2024-09-24,Second Class,IW-10205,Irene Ward,Corporate,United States,Columbus,Ohio,57863,East,OFF-SU-0000161,Office Supplies,Supplies,Classic Scissors Set,79.2564,2,0.2,-3.9429
2908,US-2022-101644,2022-06-25,2022-06-29,Standard Class,ZM-10054,Zoe Mitchell,Consumer,United States,New York City,New York,17570,East,FUR-TA-0000048,Furniture,Tables,Heavy-Duty Folding Table,872.5849,3,0.2,-158.9961
713,US-2021-100401,2021-06-15,2021-06-17,First Class,ZG-10071,Zachary Garcia,Consumer,United States,Philadelphia,Pennsylvania,47494,East,TEC-PH-0000203,Technology,Phones,Compact Smartphone,573.2503,3,0.2,-12.285
1095,US-2021-100607,2021-08-29,2021-09-04,Standard Class,CB-10195,Carol Baker,Corporate,United States,Columbus,Ohio,41034,East,OFF-LA-0000123,Office Supplies,Labels,Wireless Shipping Label,23.8024,2,0.1,6.8654
6878,US-2024-103923,2024-02-22,2024-02-26,Standard Class,XE-10159,Xavier Edwards,Home Office,United States,Charlotte,North Carolina,45927,South,FUR-CH-0000018,Furniture,Chairs,Deluxe Task Chair,282.5418,1,0.3,-62.4522
8184,US-2024-104687,2024-09-23,2024-09-28,Standard Class,AG-10476,Aaron Garcia,Consumer,United States,Portland,Oregon,65910,West,OFF-FA-0000114,Office Supplies,Fasteners,Compact Binder Clip Set,56.2639,4,0.1,13.0566
9118,US-2024-105190,2024-12-31,2025-01-06,Standard Class,ME-10709,Marcus Edwards,Corporate,United States,San Francisco,California,47654,West,OFF-AR-0000070,Office Supplies,Art,Pro Marker Pack,86.9961,2,0.1,18.5729
7084,US-2024-104039,2024-04-01,2024-04-08,Standard Class,SW-10349,Sandra Wells,Consumer,United States,Columbus,Ohio,47411,East,OFF-ST-0000150,Office Supplies,Storage,Premium Archive Case,531.7621,4,0.0,96.4718
4810,US-2023-102738,2023-04-27,2023-05-04,Standard Class,AS-10028,Andrew Scott,Corporate,United States,Seattle,Washington,93234,West,TEC-PH-0000203,Technology,Phones,Compact Smartphone,697.8682,3,0.0,134.9728
977,US-2021-100542,2021-08-04,2021-08-09,Standard Class,DR-10642,David Russell,Consumer,United States,Portland,Oregon,97929,West,OFF-AR-0000069,Office Supplies,Art,Classic Marker Pack,67.5747,3,0.2,11.5509
8409,US-2024-104812,2024-10-23,2024-10-28,Standard Class,XH-10737,Xavier Hughes,Consumer,United States,Nashville,Tennessee,20839,South,FUR-TA-0000041,Furniture,Tables,Pro Training Table,822.1937,1,0.0,20.4362
4343,US-2023-102471,2023-02-03,2023-02-06,Second Class,MG-10697,Maria Green,Consumer,United States,Atlanta,Georgia,48587,South,OFF-AR-0000076,Office Supplies,Art,Recycled Sketch Pad,77.1935,4,0.3,-6.3567
1226,US-2021-100687,2021-09-21,2021-09-26,Standard Class,KK-10047,Kevin Kelly,Corporate,United States,Los Angeles,California,61520,West,TEC-MA-0000188,Technology,Machines,Deluxe Scanner,689.8019,1,0.3,-112.6031
3863,US-2022-102199,2022-11-24,2022-11-27,First Class,ES-10719,Edward Stewart,Home Office,United States,Miami,Florida,36383,South,FUR-CH-0000018,Furniture,Chairs,Deluxe Task Chair,1880.9364,5,0.0,288.7825
5267,US-2023-102999,2023-07-18,2023-07-20,First Class,MB-10027,Marcus Bennett,Consumer,United States,Phoenix,Arizona,31306,West,OFF-BI-0000083,Office Supplies,Binders,Premium Clip Binder,21.6496,2,0.5,-2.8344
312,US-2021-100178,2021-03-25,2021-03-27,First Class,PC-10128,Paula Collins,Home Office,United States,Houston,Texas,54692,Central,OFF-AP-0000062,Office Supplies,Appliances,Heavy-Duty Microwave,291.6718,2,0.0,24.3477
5310,US-2023-103025,2023-07-27,2023-08-01,Standard Class,GC-10138,Grace Clark,Consumer,United States,San Francisco,California,97815,West,OFF-SU-0000153,Office Supplies,Supplies,Recycled Tape Dispenser,307.2281,5,0.0,7.9534
2912,US-2022-101646,2022-06-27,2022-07-04,Standard Class,XM-10366,Xavier Martin,Home Office,United States,Phoenix,Arizona,60765,West,FUR-CH-0000018,Furniture,Chairs,Deluxe Task Chair,1492.3391,4,0.0,293.4588
8900,US-2024-105068,2024-12-10,2024-12-12,First Class,HL-10427,Henry Lewis,Home Office,United States,Columbus,Ohio,23407,East,TEC-MA-0000194,Technology,Machines,Premium Laser Printer,1107.9057,2,0.5,-494.1961
6585,US-2023-103759,2023-12-28,2024-01-03,Standard Class,DG-10321,Daniel Green,Consumer,United States,Atlanta,Georgia,24183,South,OFF-AR-0000068,Office Supplies,Art,Recycled Sketch Pad,81.9636,2,0.0,17.2363
5418,US-2023-103081,2023-08-14,2023-08-18,Standard Class,ZB-10657,Zachary Brooks,Corporate,United States,San Francisco,California,23897,West,OFF-AP-0000064,Office Supplies,Appliances,Recycled Microwave,96.0801,1,0.5,-28.5062
8231,US-2024-104717,2024-09-30,2024-10-04,Standard Class,SC-10288,Sandra Campbell,Consumer,United States,Charlotte,North Carolina,63468,South,OFF-BI-0000081,Office Supplies,Binders,Premium Clip Binder,28.6076,1,0.0,7.0126
4099,US-2022-102327,2022-12-19,2022-12-26,Standard Class,JC-10792,Jack Carter,Corporate,United States,Boston,Massachusetts,76016,East,TEC-CO-0000179,Technology,Copiers,Classic Desktop Copier,4266.2517,7,0.3,38.97
2457,US-2022-101383,2022-03-30,2022-04-04,Standard Class,SL-10355,Susan Long,Corporate,United States,Minneapolis,Minnesota,48122,Central,TEC-MA-0000194,Technology,Machines,Premium Laser Printer,3374.9296,4,0.3,-702.6966
4453,US-2023-102535,2023-03-03,2023-03-07,Standard Class,OR-10396,Olivia Reed,Corporate,United States,Houston,Texas,48468,Central,OFF-ST-0000147,Office Supplies,Storage,Standard Storage Bin,979.4527,7,0.0,158.0328
2917,US-2022-101651,2022-06-29,2022-07-01,First Class,XH-10737,Xavier Hughes,Consumer,United States,Nashville,Tennessee,20839,South,OFF-BI-0000083,Office Supplies,Binders,Premium Clip Binder,22.4385,1,0.0,6.0832
3904,US-2022-102223,2022-11-28,2022-12-04,Standard Class,CP-10220,Chris Perry,Home Office,United States,Dallas,Texas,37686,Central,FUR-CH-0000023,Furniture,Chairs,Advanced Stacking Chair,715.3606,3,0.1,91.2353
4212,US-2022-102389,2022-12-30,2023-01-06,Standard Class,DE-10424,Diane Edwards,Home Office,United States,Philadelphia,Pennsylvania,44133,East,FUR-CH-0000022,Furniture,Chairs,Adjustable Stacking Chair,906.5778,3,0.0,180.4256
4169,US-2022-102366,2022-12-26,2022-12-29,First Class,KM-10738,Kevin Murphy,Home Office,United States,Phoenix,Arizona,75479,West,FUR-CH-0000018,Furniture,Chairs,Deluxe Task Chair,1223.6908,3,0.0,265.706
4273,US-2023-102428,2023-01-17,2023-01-22,Standard Class,QH-10464,Quinn Hughes,Corporate,United States,New York City,New York,37131,East,OFF-AR-0000073,Office Supplies,Art,Classic Pencil Set,61.2419,3,0.0,15.6307
2022,US-2022-101145,2022-01-03,2022-01-07,Standard Class,CJ-10199,Chris Jenkins,Consumer,United States,Seattle,Washington,86991,West,TEC-PH-0000206,Technology,Phones,Compact Desk Phone,612.4455,2,0.0,103.6491
309,US-2021-100176,2021-03-25,2021-03-29,Standard Class,QC-10590,Quinn Cooper,Consumer,United States,Houston,Texas,74750,Central,FUR-TA-0000040,Furniture,Tables,Premium Conference Table,1865.9088,4,0.0,-261.6573
7282,US-2024-104164,2024-05-02,2024-05-05,First Class,ZB-10657,Zachary Brooks,Corporate,United States,San Francisco,California,23897,West,OFF-FA-0000108,Office Supplies,Fasteners,Adjustable Binder Clip Set,18.7139,1,0.0,6.4352
9074,US-2024-105165,2024-12-26,2024-12-30,Standard Class,SG-10441,Sandra Gray,Consumer,United States,Richmond,Virginia,29601,South,FUR-CH-0000022,Furniture,Chairs,Adjustable Stacking Chair,1891.9194,6,0.0,265.7878
3908,US-2022-102225,2022-11-28,2022-12-03,Standard Class,LL-10211,Linda Lee,Corporate,United States,Los Angeles,California,69662,West,FUR-FU-0000038,Furniture,Furnishings,Premium Desk Lamp,104.5227,2,0.3,-5.8065
5476,US-2023-103113,2023-08-26,2023-08-31,Standard Class,AC-10785,Alice Campbell,Consumer,United States,Nashville,Tennessee,94567,South,FUR-FU-0000038,Furniture,Furnishings,Premium Desk Lamp,275.272,5,0.2,35.646
6328,US-2023-103612,2023-12-05,2023-12-09,Second Class,CG-10677,Carol Gray,Corporate,United States,Phoenix,Arizona,96211,West,TEC-PH-0000206,Technology,Phones,Compact Desk Phone,701.2764,4,0.0,255.3559
6615,US-2023-103775,2023-12-30,2024-01-04,Standard Class,YS-10722,Yolanda Stewart,Home Office,United States,Seattle,Washington,73332,West,OFF-ST-0000150,Office Supplies,Storage,Premium Archive Case,344.3888,2,0.0,17.2038
1990,US-2021-101122,2021-12-28,2022-01-04,Standard Class,EC-10204,Elena Cooper,Home Office,United States,Boston,Massachusetts,44664,East,OFF-ST-0000150,Office Supplies,Storage,Premium Archive Case,347.6967,3,0.0,31.524
8339,US-2024-104770,2024-10-12,2024-10-15,First Class,DG-10321,Daniel Green,Consumer,United States,Atlanta,Georgia,24183,South,OFF-EN-0000098,Office Supplies,Envelopes,Executive Security Envelope,49.3057,2,0.2,7.584
3611,US-2022-102060,2022-10-23,2022-10-28,Second Class,YC-10315,Yolanda Carter,Consumer,United States,Chicago,Illinois,13024,Central,OFF-SU-0000154,Office Supplies,Supplies,Deluxe Scissors Set,52.2066,1,0.0,4.8982
6883,US-2024-103925,2024-02-23,2024-02-28,Standard Class,DB-10308,Diane Brooks,Consumer,United States,Phoenix,Arizona,18581,West,FUR-CH-0000020,Furniture,Chairs,Deluxe Stacking Chair,527.8271,2,0.2,-25.6728
5353,US-2023-103045,2023-08-02,2023-08-08,Standard Class,AM-10763,Aaron Mitchell,Home Office,United States,New York City,New York,60816,East,OFF-AR-0000072,Office Supplies,Art,Classic Pencil Set,88.2073,4,0.0,23.8648
686,US-2021-100389,2021-06-10,2021-06-16,Standard Class,CE-10782,Carol Edwards,Consumer,United States,Portland,Oregon,93147,West,OFF-SU-0000154,Office Supplies,Supplies,Deluxe Scissors Set,77.5384,2,0.1,-2.6613
7967,US-2024-104565,2024-08-22,2024-08-27,Standard Class,XT-10698,Xavier Turner,Consumer,United States,Minneapolis,Minnesota,53942,Central,OFF-AP-0000056,Office Supplies,Appliances,Heavy-Duty Air Purifier,120.792,1,0.4,-12.1502
2982,US-2022-101692,2022-07-11,2022-07-18,Standard Class,DL-10766,Daniel Long,Corporate,United States,Chicago,Illinois,94541,Central,OFF-EN-0000096,Office Supplies,Envelopes,Compact Clasp Envelope,13.8055,1,0.2,2.4097
5164,US-2023-102934,2023-06-27,2023-06-27,Same Day,AF-10365,Aaron Fisher,Home Office,United States,San Francisco,California,28596,West,OFF-EN-0000093,Office Supplies,Envelopes,Adjustable Security Envelope,27.4276,1,0.0,10.7617
7304,US-2024-104180,2024-05-07,2024-05-11,Standard Class,MS-10336,Michael Sanders,Corporate,United States,Detroit,Michigan,78246,Central,TEC-PH-0000203,Technology,Phones,Compact Smartphone,145.4645,1,0.2,17.8205
3847,US-2022-102192,2022-11-23,2022-11-30,Standard Class,XM-10116,Xavier Morgan,Corporate,United States,Columbus,Ohio,33416,East,OFF-PA-0000137,Office Supplies,Paper,Compact Copy Paper,36.9096,1,0.0,11.0904
7426,US-2024-104257,2024-05-31,2024-06-04,Standard Class,YS-10243,Yolanda Scott,Consumer,United States,Chicago,Illinois,65812,Central,OFF-AP-0000063,Office Supplies,Appliances,Executive Microwave,525.6515,4,0.0,74.4879
6198,US-2023-103541,2023-11-21,2023-11-25,Second Class,TS-10120,Thomas Stewart,Corporate,United States,Charlotte,North Carolina,18984,South,TEC-PH-0000212,Technology,Phones,Recycled Conference Phone,383.6309,2,0.2,44.4142
5780,US-2023-103297,2023-10-02,2023-10-07,Standard Class,XH-10215,Xavier Hall,Corporate,United States,Boston,Massachusetts,36717,East,OFF-ST-0000143,Office Supplies,Storage,Recycled Filing Box,222.6673,2,0.0,-14.5608
5544,US-2023-103153,2023-09-04,2023-09-11,Standard Class,YE-10631,Yolanda Evans,Corporate,United States,Seattle,Washington,82764,West,OFF-AP-0000058,Office Supplies,Appliances,Heavy-Duty Microwave,128.1142,1,0.2,8.8831
8805,US-2024-105021,2024-12-02,2024-12-08,Standard Class,NK-10378,Nathan Kumar,Corporate,United States,Seattle,Washington,40841,West,FUR-CH-0000018,Furniture,Chairs,Deluxe Task Chair,403.5028,1,0.0,29.6728
7269,US-2024-104156,2024-05-01,2024-05-04,First Class,XH-10737,Xavier Hughes,Consumer,United States,Nashville,Tennessee,20839,South,OFF-PA-0000130,Office Supplies,Paper,Pro Notebook,98.041,3,0.0,34.3422
3577,US-2022-102040,2022-10-18,2022-10-20,First Class,JD-10632,Jack Diaz,Corporate,United States,Detroit,Michigan,70952,Central,OFF-AR-0000076,Office Supplies,Art,Recycled Sketch Pad,89.0195,2,0.0,25.0848
7979,US-2024-104574,2024-08-24,2024-08-29,Standard Class,CP-10220,Chris Perry,Home Office,United States,Dallas,Texas,37686,Central,FUR-FU-0000027,Furniture,Furnishings,Wireless Wall Clock,44.8974,1,0.0,10.3069
3523,US-2022-102013,2022-10-13,2022-10-19,Standard Class,PE-10624,Paula Evans,Consumer,United States,Richmond,Virginia,13197,South,OFF-AP-0000060,Office Supplies,Appliances,Compact Air Purifier,474.4247,5,0.0,140.4573
4287,US-2023-102437,2023-01-19,2023-01-25,Standard Class,SL-10577,Susan Lewis,Consumer,United States,Newark,New Jersey,45347,East,TEC-AC-0000163,Technology,Accessories,Classic Webcam,68.0765,1,0.1,11.581
4454,US-2023-102535,2023-03-03,2023-03-07,Standard Class,OR-10396,Olivia Reed,Corporate,United States,Houston,Texas,48468,Central,TEC-PH-0000210,Technology,Phones,Standard Desk Phone,224.6886,1,0.2,-8.2136
546,US-2021-100313,2021-05-14,2021-05-19,Second Class,CJ-10199,Chris Jenkins,Consumer,United States,Seattle,Washington,86991,West,TEC-MA-0000197,Technology,Machines,Recycled Scanner,2483.2526,4,0.0,-138.9868
8728,US-2024-104981,2024-11-26,2024-12-01,Second Class,CM-10393,Carol Murphy,Corporate,United States,Chicago,Illinois,91466,Central,OFF-PA-0000130,Office Supplies,Paper,Pro Notebook,27.7621,1,0.0,7.8947
8264,US-2024-104735,2024-10-04,2024-10-09,Standard Class,JW-10297,Jane Wells,Home Office,United States,Newark,New Jersey,14272,East,TEC-CO-0000178,Technology,Copiers,Adjustable Multifunction Copier,2779.8531,2,0.0,928.8742
3857,US-2022-102196,2022-11-23,2022-11-27,Standard Class,EW-10619,Elena Wright,Corporate,United States,Portland,Oregon,69830,West,FUR-TA-0000048,Furniture,Tables,Heavy-Duty Folding Table,481.7682,2,0.5,-214.0416
835,US-2021-100465,2021-07-12,2021-07-17,Standard Class,IP-10603,Irene Perry,Home Office,United States,Columbus,Ohio,64028,East,FUR-CH-0000022,Furniture,Chairs,Adjustable Stacking Chair,308.6089,1,0.0,43.1117
8730,US-2024-104983,2024-11-26,2024-12-01,Standard Class,KP-10536,Karen Perry,Consumer,United States,Phoenix,Arizona,68652,West,FUR-BO-0000005,Furniture,Bookcases,Recycled Storage Cabinet,235.0478,1,0.0,15.9458
7264,US-2024-104153,2024-04-30,2024-05-03,First Class,AM-10392,Adam Morgan,Corporate,United States,Portland,Oregon,26031,West,OFF-FA-0000112,Office Supplies,Fasteners,Compact Staple Pack,76.1786,7,0.2,14.5745
2652,US-2022-101497,2022-05-12,2022-05-14,First Class,SP-10530,Steven Parker,Consumer,United States,Newark,New Jersey,35907,East,FUR-CH-0000012,Furniture,Chairs,Wireless Task Chair,421.4198,1,0.1,45.8194
3556,US-2022-102025,2022-10-14,2022-10-21,Standard Class,JG-10056,Jane Green,Consumer,United States,Newark,New Jersey,57826,East,TEC-PH-0000207,Technology,Phones,Executive Desk Phone,1271.9942,3,0.1,129.0043
6492,US-2023-103706,2023-12-19,2023-12-22,First Class,WR-10338,Walter Rivera,Consumer,United States,Minneapolis,Minnesota,25495,Central,OFF-AR-0000070,Office Supplies,Art,Pro Marker Pack,111.7813,3,0.0,30.6994
8055,US-2024-104610,2024-09-05,2024-09-07,First Class,KC-10191,Karen Campbell,Corporate,United States,Minneapolis,Minnesota,40575,Central,OFF-ST-0000151,Office Supplies,Storage,Advanced Archive Case,91.0502,1,0.3,-10.5575
1841,US-2021-101026,2021-12-09,2021-12-13,Standard Class,AK-10093,Andrew Kumar,Consumer,United States,Miami,Florida,24721,South,FUR-FU-0000027,Furniture,Furnishings,Wireless Wall Clock,87.2997,2,0.1,26.1071
6779,US-2024-103862,2024-01-29,2024-02-04,Standard Class,JN-10265,Julia Nguyen,Home Office,United States,Charlotte,North Carolina,19046,South,OFF-BI-0000089,Office Supplies,Binders,Premium Clip Binder,60.971,2,0.2,16.6804
6145,US-2023-103512,2023-11-16,2023-11-21,Standard Class,PB-10489,Paula Baker,Corporate,United States,Detroit,Michigan,84291,Central,TEC-MA-0000194,Technology,Machines,Premium Laser Printer,1179.7841,1,0.0,46.0565
7955,US-2024-104558,2024-08-21,2024-08-28,Standard Class,AC-10641,Amy Chen,Home Office,United States,New York City,New York,45049,East,TEC-MA-0000196,Technology,Machines,Standard Scanner,937.923,1,0.0,57.9216
6476,US-2023-103697,2023-12-17,2023-12-17,Same Day,CA-10507,Chris Adams,Corporate,United States,Houston,Texas,99881,Central,FUR-FU-0000038,Furniture,Furnishings,Premium Desk Lamp,88.5397,1,0.1,14.3429
872,US-2021-100484,2021-07-19,2021-07-23,Standard Class,EP-10685,Edward Perry,Consumer,United States,Houston,Texas,43686,Central,TEC-PH-0000212,Technology,Phones,Recycled Conference Phone,346.6997,2,0.0,88.4886
4741,US-2023-102699,2023-04-17,2023-04-22,Second Class,HL-10427,Henry Lewis,Home Office,United States,Columbus,Ohio,23407,East,TEC-MA-0000194,Technology,Machines,Premium Laser Printer,3477.2131,4,0.2,-580.611
8127,US-2024-104651,2024-09-16,2024-09-20,Second Class,CK-10012,Chris Kumar,Corporate,United States,Columbus,Ohio,23007,East,TEC-PH-0000211,Technology,Phones,Heavy-Duty Desk Phone,886.2866,5,0.0,186.1471
2065,US-2022-101166,2022-01-09,2022-01-15,Standard Class,RC-10278,Robert Campbell,Consumer,United States,Nashville,Tennessee,28360,South,OFF-SU-0000154,Office Supplies,Supplies,Deluxe Scissors Set,304.4929,6,0.1,24.4875
6838,US-2024-103899,2024-02-12,2024-02-19,Standard Class,JH-10796,Jane Hughes,Consumer,United States,New York City,New York,60971,East,FUR-BO-0000002,Furniture,Bookcases,Advanced Storage Cabinet,920.3652,3,0.3,-216.554
6636,US-2024-103786,2024-01-01,2024-01-07,Standard Class,WE-10593,Wendy Evans,Consumer,United States,Portland,Oregon,58004,West,TEC-MA-0000196,Technology,Machines,Standard Scanner,568.2122,1,0.4,-190.752
2941,US-2022-101667,2022-07-04,2022-07-10,Standard Class,CE-10782,Carol Edwards,Consumer,United States,Portland,Oregon,93147,West,FUR-FU-0000029,Furniture,Furnishings,Adjustable Photo Frame,94.4087,2,0.2,4.537
5770,US-2023-103291,2023-10-01,2023-10-05,Standard Class,AS-10028,Andrew Scott,Corporate,United States,Seattle,Washington,93234,West,TEC-PH-0000204,Technology,Phones,Executive Smartphone,776.6067,5,0.0,181.1889
3403,US-2022-101941,2022-09-26,2022-09-30,Standard Class,MC-10011,Maria Collins,Consumer,United States,Miami,Florida,78265,South,FUR-BO-0000004,Furniture,Bookcases,Deluxe Storage Cabinet,1278.8372,5,0.2,-94.908
8494,US-2024-104857,2024-11-02,2024-11-02,Same Day,ED-10687,Edward Diaz,Home Office,United States,Los Angeles,California,57139,West,FUR-BO-0000002,Furniture,Bookcases,Advanced Storage Cabinet,314.6607,1,0.2,-30.4292
7724,US-2024-104433,2024-07-17,2024-07-24,Standard Class,JS-10231,Jane Sanders,Corporate,United States,Seattle,Washington,60028,West,FUR-BO-0000003,Furniture,Bookcases,Pro Storage Cabinet,217.4473,1,0.2,-24.9754
5451,US-2023-103100,2023-08-20,2023-08-26,Standard Class,EG-10537,Elena Garcia,Consumer,United States,Houston,Texas,65310,Central,TEC-CO-0000181,Technology,Copiers,Compact Multifunction Copier,8988.0243,6,0.0,2338.3285
8996,US-2024-105120,2024-12-19,2024-12-22,Second Class,KC-10670,Karen Chen,Consumer,United States,Seattle,Washington,66331,West,TEC-MA-0000191,Technology,Machines,Recycled Laser Printer,470.9583,1,0.4,-169.3287
3859,US-2022-102197,2022-11-23,2022-11-29,Standard Class,QS-10110,Quinn Scott,Home Office,United States,Richmond,Virginia,47499,South,OFF-AP-0000056,Office Supplies,Appliances,Heavy-Duty Air Purifier,407.351,4,0.3,-1.453
8853,US-2024-105043,2024-12-05,2024-12-05,Same Day,XN-10601,Xavier Nguyen,Corporate,United States,Seattle,Washington,96862,West,FUR-BO-0000004,Furniture,Bookcases,Deluxe Storage Cabinet,591.5333,3,0.4,-173.8414
7314,US-2024-104184,2024-05-08,2024-05-15,Standard Class,JE-10154,Julia Edwards,Consumer,United States,San Francisco,California,96805,West,FUR-FU-0000028,Furniture,Furnishings,Deluxe Photo Frame,160.3606,3,0.2,18.3562
1393,US-2021-100775,2021-10-12,2021-10-13,Same Day,FC-10563,Frank Carter,Home Office,United States,Nashville,Tennessee,57625,South,OFF-AP-0000065,Office Supplies,Appliances,Recycled Microwave,129.6331,1,0.0,23.955
4167,US-2022-102364,2022-12-26,2022-12-28,First Class,HL-10427,Henry Lewis,Home Office,United States,Columbus,Ohio,23407,East,FUR-TA-0000045,Furniture,Tables,Deluxe Conference Table,580.7981,3,0.7,-502.7687
1298,US-2021-100725,2021-10-01,2021-10-08,Standard Class,TA-10543,Tina Adams,Consumer,United States,Portland,Oregon,27574,West,OFF-EN-0000093,Office Supplies,Envelopes,Adjustable Security Envelope,71.3803,2,0.1,18.3384
1146,US-2021-100639,2021-09-06,2021-09-09,First Class,EC-10404,Elena Carter,Consumer,United States,New York City,New York,26696,East,OFF-BI-0000090,Office Supplies,Binders,Advanced Ring Binder,61.7108,4,0.2,14.5129
2379,US-2022-101344,2022-03-16,2022-03-22,Standard Class,BW-10518,Brian Watson,Home Office,United States,Los Angeles,California,41806,West,TEC-AC-0000165,Technology,Accessories,Adjustable Mouse,228.0297,3,0.3,-13.5267
5584,US-2023-103176,2023-09-06,2023-09-13,Standard Class,JM-10655,Jack Martin,Consumer,United States,New York City,New York,41512,East,TEC-PH-0000210,Technology,Phones,Standard Desk Phone,210.2583,1,0.0,45.2748
6268,US-2023-103578,2023-11-29,2023-12-05,Standard Class,JG-10100,Jason Green,Consumer,United States,Boston,Massachusetts,49604,East,TEC-PH-0000210,Technology,Phones,Standard Desk Phone,256.6137,1,0.0,34.0184
8425,US-2024-104820,2024-10-25,2024-10-30,Standard Class,AG-10251,Alice Green,Home Office,United States,Richmond,Virginia,83732,South,FUR-CH-0000023,Furniture,Chairs,Advanced Stacking Chair,816.8141,3,0.0,125.9106
1179,US-2021-100658,2021-09-13,2021-09-19,Standard Class,SK-10147,Susan Kelly,Corporate,United States,San Francisco,California,34608,West,FUR-BO-0000001,Furniture,Bookcases,Executive Shelf Unit,74.9672,1,0.5,-31.6167
1407,US-2021-100783,2021-10-13,2021-10-19,Standard Class,YC-10107,Yolanda Clark,Corporate,United States,Boston,Massachusetts,65769,East,OFF-LA-0000119,Office Supplies,Labels,Wireless File Folder Label,44.5485,3,0.0,13.6054
4531,US-2023-102582,2023-03-17,2023-03-21,Standard Class,DW-10380,David Wright,Consumer,United States,Charlotte,North Carolina,19540,South,TEC-CO-0000179,Technology,Copiers,Classic Desktop Copier,2092.8848,2,0.0,718.5365
1274,US-2021-100715,2021-09-29,2021-10-04,Standard Class,LH-10784,Linda Harris,Consumer,United States,Phoenix,Arizona,75746,West,OFF-AP-0000064,Office Supplies,Appliances,Recycled Microwave,412.7978,3,0.3,-44.6584
614,US-2021-100348,2021-05-28,2021-06-01,Second Class,KP-10462,Kevin Parker,Consumer,United States,Minneapolis,Minnesota,47014,Central,OFF-AP-0000056,Office Supplies,Appliances,Heavy-Duty Air Purifier,573.6705,5,0.4,-23.7891
6557,US-2023-103744,2023-12-26,2023-12-31,Standard Class,FS-10690,Frank Shah,Home Office,United States,Detroit,Michigan,58393,Central,TEC-PH-0000203,Technology,Phones,Compact Smartphone,451.8863,2,0.1,63.053
2960,US-2022-101680,2022-07-08,2022-07-12,Standard Class,ZD-10411,Zoe Diaz,Consumer,United States,Richmond,Virginia,64426,South,TEC-CO-0000178,Technology,Copiers,Adjustable Multifunction Copier,4312.4089,3,0.2,612.6393
6105,US-2023-103484,2023-11-10,2023-11-15,Standard Class,ZB-10657,Zachary Brooks,Corporate,United States,San Francisco,California,23897,West,FUR-CH-0000010,Furniture,Chairs,Recycled Stacking Chair,268.6436,1,0.0,41.7334
9018,US-2024-105131,2024-12-23,2024-12-30,Standard Class,KS-10602,Karen Shah,Corporate,United States,New York City,New York,73847,East,OFF-FA-0000113,Office Supplies,Fasteners,Executive Binder Clip Set,11.2212,1,0.0,3.91
2062,US-2022-101164,2022-01-07,2022-01-09,First Class,DC-10706,David Campbell,Corporate,United States,Seattle,Washington,27802,West,TEC-MA-0000194,Technology,Machines,Premium Laser Printer,1741.5738,2,0.2,-320.589
2439,US-2022-101377,2022-03-28,2022-03-28,Same Day,JB-10559,Julia Bennett,Corporate,United States,Richmond,Virginia,62326,South,OFF-AR-0000076,Office Supplies,Art,Recycled Sketch Pad,35.4625,1,0.0,8.9466
2810,US-2022-101585,2022-06-08,2022-06-12,Standard Class,XT-10698,Xavier Turner,Consumer,United States,Minneapolis,Minnesota,53942,Central,FUR-FU-0000026,Furniture,Furnishings,Wireless Desk Lamp,344.097,7,0.0,94.7396
3299,US-2022-101879,2022-09-07,2022-09-10,First Class,JK-10030,Julia Kelly,Home Office,United States,Columbus,Ohio,30931,East,TEC-AC-0000168,Technology,Accessories,Wireless Webcam,166.1723,1,0.1,36.5751
4231,US-2023-102403,2023-01-05,2023-01-12,Standard Class,AW-10088,Anna Wright,Corporate,United States,Atlanta,Georgia,95768,South,OFF-PA-0000133,Office Supplies,Paper,Recycled Notebook,76.9466,2,0.0,24.4332
1173,US-2021-100655,2021-09-11,2021-09-15,Standard Class,LG-10329,Laura Green,Corporate,United States,Houston,Texas,46234,Central,TEC-PH-0000201,Technology,Phones,Compact Smartphone,274.2325,1,0.0,81.2836
3217,US-2022-101829,2022-08-24,2022-08-26,First Class,MM-10564,Maria Murphy,Corporate,United States,Chicago,Illinois,36300,Central,FUR-CH-0000013,Furniture,Chairs,Wireless Office Chair,315.1488,1,0.2,-20.3079
6499,US-2023-103710,2023-12-20,2023-12-25,Standard Class,KC-10670,Karen Chen,Consumer,United States,Seattle,Washington,66331,West,OFF-AR-0000068,Office Supplies,Art,Recycled Sketch Pad,53.8615,2,0.0,12.5706
7123,US-2024-104067,2024-04-08,2024-04-13,Standard Class,VL-10461,Vivian Lee,Consumer,United States,Charlotte,North Carolina,48522,South,FUR-CH-0000014,Furniture,Chairs,Heavy-Duty Office Chair,1429.4258,4,0.2,32.3115
1736,US-2021-100969,2021-11-25,2021-12-01,Standard Class,ES-10302,Elena Scott,Consumer,United States,Houston,Texas,76156,Central,OFF-SU-0000161,Office Supplies,Supplies,Classic Scissors Set,209.7205,4,0.0,11.0764
68,US-2021-100037,2021-01-20,2021-01-25,Standard Class,MG-10660,Maria Gray,Corporate,United States,San Francisco,California,33446,West,OFF-AR-0000074,Office Supplies,Art,Pro Marker Pack,37.1368,2,0.0,8.2125
2453,US-2022-101382,2022-03-30,2022-03-30,Same Day,VR-10617,Vivian Reed,Corporate,United States,Charlotte,North Carolina,87960,South,FUR-CH-0000018,Furniture,Chairs,Deluxe Task Chair,239.4097,1,0.4,-33.816
8065,US-2024-104616,2024-09-06,2024-09-13,Standard Class,MM-10564,Maria Murphy,Corporate,United States,Chicago,Illinois,36300,Central,FUR-TA-0000048,Furniture,Tables,Heavy-Duty Folding Table,1454.6157,3,0.0,-35.2073
7044,US-2024-104015,2024-03-25,2024-04-01,Standard Class,VR-10649,Victor Russell,Consumer,United States,Portland,Oregon,35721,West,OFF-LA-0000123,Office Supplies,Labels,Wireless Shipping Label,24.9287,2,0.1,6.9856
3058,US-2022-101737,2022-07-27,2022-07-31,Second Class,QC-10590,Quinn Cooper,Consumer,United States,Houston,Texas,74750,Central,OFF-BI-0000090,Office Supplies,Binders,Advanced Ring Binder,32.3417,3,0.3,2.2046
8822,US-2024-105030,2024-12-03,2024-12-10,Standard Class,XK-10669,Xavier Kumar,Consumer,United States,San Francisco,California,56995,West,OFF-PA-0000129,Office Supplies,Paper,Recycled Copy Paper,52.1384,2,0.1,12.0186
957,US-2021-100527,2021-08-01,2021-08-05,Standard Class,MB-10070,Michael Brooks,Consumer,United States,Philadelphia,Pennsylvania,56447,East,FUR-TA-0000041,Furniture,Tables,Pro Training Table,454.8202,1,0.3,-135.802
1309,US-2021-100730,2021-10-02,2021-10-08,Standard Class,XE-10159,Xavier Edwards,Home Office,United States,Charlotte,North Carolina,45927,South,FUR-BO-0000005,Furniture,Bookcases,Recycled Storage Cabinet,95.3327,1,0.7,-58.4407
7451,US-2024-104271,2024-06-05,2024-06-11,Standard Class,DG-10009,Diane Garcia,Home Office,United States,Detroit,Michigan,42562,Central,OFF-EN-0000101,Office Supplies,Envelopes,Adjustable Security Envelope,75.8704,3,0.0,24.7877
3428,US-2022-101956,2022-09-28,2022-10-03,Standard Class,MA-10628,Michael Adams,Consumer,United States,Richmond,Virginia,87745,South,TEC-CO-0000183,Technology,Copiers,Pro Desktop Copier,2154.456,1,0.0,661.3692
1509,US-2021-100840,2021-10-29,2021-11-02,Second Class,DC-10304,Diane Campbell,Consumer,United States,Seattle,Washington,16897,West,TEC-PH-0000212,Technology,Phones,Recycled Conference Phone,463.9556,2,0.0,57.7634
1556,US-2021-100866,2021-11-05,2021-11-12,Standard Class,PB-10489,Paula Baker,Corporate,United States,Detroit,Michigan,84291,Central,OFF-ST-0000142,Office Supplies,Storage,Advanced Filing Box,153.4258,1,0.0,23.271
2378,US-2022-101343,2022-03-16,2022-03-21,Second Class,WC-10686,Walter Collins,Consumer,United States,Chicago,Illinois,56283,Central,TEC-PH-0000203,Technology,Phones,Compact Smartphone,1561.8828,6,0.0,251.6938
2604,US-2022-101469,2022-05-01,2022-05-06,Second Class,NN-10299,Nancy Nguyen,Consumer,United States,Boston,Massachusetts,66919,East,OFF-AP-0000063,Office Supplies,Appliances,Executive Microwave,44.103,1,0.7,-20.7631
1721,US-2021-100962,2021-11-23,2021-11-24,Same Day,VC-10644,Victor Campbell,Consumer,United States,Dallas,Texas,89664,Central,OFF-ST-0000150,Office Supplies,Storage,Premium Archive Case,146.0252,1,0.2,-7.0058
2859,US-2022-101615,2022-06-17,2022-06-23,Standard Class,SJ-10300,Susan Jenkins,Consumer,United States,Portland,Oregon,27370,West,OFF-LA-0000120,Office Supplies,Labels,Executive Address Label,23.4519,2,0.0,6.028
4801,US-2023-102735,2023-04-25,2023-05-02,Standard Class,BB-10193,Brian Bennett,Consumer,United States,Seattle,Washington,22580,West,OFF-ST-0000145,Office Supplies,Storage,Deluxe Storage Bin,257.3313,4,0.3,-35.1311
3661,US-2022-102090,2022-10-31,2022-11-04,Standard Class,RH-10733,Robert Hughes,Home Office,United States,San Francisco,California,34631,West,OFF-SU-0000154,Office Supplies,Supplies,Deluxe Scissors Set,133.0643,3,0.3,-21.0556
4895,US-2023-102787,2023-05-12,2023-05-15,Second Class,ME-10475,Marcus Evans,Consumer,United States,Columbus,Ohio,74316,East,FUR-TA-0000050,Furniture,Tables,Adjustable Training Table,1872.5389,4,0.0,-75.0633
6844,US-2024-103905,2024-02-14,2024-02-19,Standard Class,RH-10733,Robert Hughes,Home Office,United States,San Francisco,California,34631,West,FUR-FU-0000028,Furniture,Furnishings,Deluxe Photo Frame,139.0692,3,0.1,25.1486
8655,US-2024-104943,2024-11-18,2024-11-25,Standard Class,DP-10270,David Patel,Corporate,United States,Seattle,Washington,12546,West,TEC-AC-0000163,Technology,Accessories,Classic Webcam,277.4122,4,0.2,24.8615
1653,US-2021-100922,2021-11-16,2021-11-17,Same Day,SL-10577,Susan Lewis,Consumer,United States,Newark,New Jersey,45347,East,FUR-TA-0000047,Furniture,Tables,Pro Training Table,2439.1648,4,0.2,-365.7699
6390,US-2023-103645,2023-12-10,2023-12-17,Standard Class,AF-10325,Adam Foster,Consumer,United States,Nashville,Tennessee,93014,South,OFF-EN-0000091,Office Supplies,Envelopes,Heavy-Duty Security Envelope,20.2819,1,0.3,3.1585
942,US-2021-100520,2021-07-30,2021-08-06,Standard Class,DA-10197,Daniel Adams,Home Office,United States,New York City,New York,85838,East,OFF-PA-0000132,Office Supplies,Paper,Standard Legal Pad,98.4054,7,0.0,38.4908
4951,US-2023-102815,2023-05-23,2023-05-27,Second Class,XD-10779,Xavier Diaz,Corporate,United States,Los Angeles,California,98280,West,OFF-EN-0000091,Office Supplies,Envelopes,Heavy-Duty Security Envelope,191.7402,6,0.0,51.3153
2962,US-2022-101680,2022-07-08,2022-07-12,Standard Class,ZD-10411,Zoe Diaz,Consumer,United States,Richmond,Virginia,64426,South,FUR-CH-0000010,Furniture,Chairs,Recycled Stacking Chair,976.5501,4,0.1,101.6209
8588,US-2024-104909,2024-11-12,2024-11-17,Second Class,KC-10670,Karen Chen,Consumer,United States,Seattle,Washington,66331,West,TEC-PH-0000208,Technology,Phones,Deluxe Desk Phone,212.8902,1,0.0,30.8739
7280,US-2024-104163,2024-05-02,2024-05-07,Second Class,BW-10518,Brian Watson,Home Office,United States,Los Angeles,California,41806,West,OFF-EN-0000098,Office Supplies,Envelopes,Executive Security Envelope,35.1463,2,0.1,9.4702
2151,US-2022-101216,2022-01-29,2022-02-03,Second Class,WS-10237,Walter Scott,Consumer,United States,Newark,New Jersey,63222,East,OFF-EN-0000102,Office Supplies,Envelopes,Executive Catalog Envelope,20.6514,1,0.0,6.4726
1654,US-2021-100923,2021-11-16,2021-11-18,First Class,JC-10451,Julia Collins,Corporate,United States,Boston,Massachusetts,81421,East,OFF-AR-0000077,Office Supplies,Art,Classic Marker Pack,26.6814,1,0.2,2.6098
7012,US-2024-103998,2024-03-19,2024-03-23,Standard Class,WW-10400,Walter Wells,Home Office,United States,Dallas,Texas,99609,Central,OFF-SU-0000154,Office Supplies,Supplies,Deluxe Scissors Set,71.0014,1,0.0,5.6157
1573,US-2021-100878,2021-11-07,2021-11-11,Standard Class,YM-10689,Yolanda Martin,Corporate,United States,Seattle,Washington,73322,West,TEC-AC-0000167,Technology,Accessories,Standard Headset,521.7353,6,0.2,59.471
4914,US-2023-102797,2023-05-16,2023-05-23,Standard Class,RW-10717,Robert Wells,Corporate,United States,Philadelphia,Pennsylvania,84037,East,FUR-FU-0000025,Furniture,Furnishings,Recycled Photo Frame,165.8982,3,0.0,36.3871
8609,US-2024-104918,2024-11-15,2024-11-16,Same Day,MS-10474,Maria Sanders,Consumer,United States,Boston,Massachusetts,80477,East,OFF-AR-0000072,Office Supplies,Art,Classic Pencil Set,47.5205,2,0.0,13.4631
398,US-2021-100225,2021-04-16,2021-04-23,Standard Class,JM-10751,Jack Morgan,Home Office,United States,Miami,Florida,55811,South,FUR-FU-0000037,Furniture,Furnishings,Adjustable Photo Frame,76.4349,3,0.3,5.2981
643,US-2021-100363,2021-06-03,2021-06-03,Same Day,ES-10719,Edward Stewart,Home Office,United States,Miami,Florida,36383,South,OFF-AP-0000062,Office Supplies,Appliances,Heavy-Duty Microwave,131.5138,1,0.3,3.5039
6916,US-2024-103943,2024-03-01,2024-03-08,Standard Class,NW-10523,Nathan Watson,Consumer,United States,Phoenix,Arizona,71459,West,FUR-CH-0000020,Furniture,Chairs,Deluxe Stacking Chair,978.1176,3,0.1,25.7554
1987,US-2021-101121,2021-12-28,2022-01-04,Standard Class,OH-10397,Olivia Harris,Consumer,United States,Columbus,Ohio,13013,East,FUR-FU-0000037,Furniture,Furnishings,Adjustable Photo Frame,184.5141,4,0.0,51.1111
6875,US-2024-103922,2024-02-22,2024-02-25,First Class,KW-10383,Kevin Wright,Consumer,United States,Nashville,Tennessee,48077,South,FUR-FU-0000038,Furniture,Furnishings,Premium Desk Lamp,109.4949,1,0.0,28.2054
221,US-2021-100127,2021-03-03,2021-03-10,Standard Class,AN-10024,Anna Nguyen,Corporate,United States,Atlanta,Georgia,50850,South,OFF-ST-0000150,Office Supplies,Storage,Premium Archive Case,1024.4819,6,0.0,164.8426
4804,US-2023-102737,2023-04-26,2023-04-30,Standard Class,JG-10100,Jason Green,Consumer,United States,Boston,Massachusetts,49604,East,TEC-MA-0000197,Technology,Machines,Recycled Scanner,4956.9284,7,0.0,352.9803
8116,US-2024-104645,2024-09-13,2024-09-19,Standard Class,AR-10000,Andrew Ross,Consumer,United States,Boston,Massachusetts,87272,East,TEC-PH-0000203,Technology,Phones,Compact Smartphone,1191.7721,7,0.3,-37.0955
8072,US-2024-104621,2024-09-09,2024-09-12,Second Class,JS-10438,Julia Shah,Home Office,United States,San Francisco,California,83922,West,TEC-CO-0000182,Technology,Copiers,Advanced Multifunction Copier,5884.8913,5,0.0,1935.5905
5975,US-2023-103410,2023-10-28,2023-11-01,Standard Class,NS-10286,Nathan Simmons,Consumer,United States,Minneapolis,Minnesota,35039,Central,TEC-CO-0000179,Technology,Copiers,Classic Desktop Copier,792.7291,1,0.3,38.8152
8475,US-2024-104848,2024-10-31,2024-11-06,Standard Class,GG-10745,Grace Gray,Consumer,United States,Nashville,Tennessee,34194,South,OFF-AP-0000062,Office Supplies,Appliances,Heavy-Duty Microwave,243.8952,6,0.7,-134.241
4151,US-2022-102358,2022-12-24,2022-12-29,Standard Class,WH-10292,Walter Hall,Consumer,United States,Charlotte,North Carolina,78824,South,FUR-FU-0000033,Furniture,Furnishings,Pro Desk Lamp,46.4647,2,0.2,3.5338
6387,US-2023-103643,2023-12-10,2023-12-17,Standard Class,RS-10358,Robert Sanders,Corporate,United States,Minneapolis,Minnesota,96568,Central,OFF-BI-0000088,Office Supplies,Binders,Executive Ring Binder,101.1512,4,0.4,4.9198
764,US-2021-100428,2021-06-24,2021-06-30,Standard Class,MP-10568,Marcus Parker,Corporate,United States,Columbus,Ohio,68683,East,OFF-LA-0000120,Office Supplies,Labels,Executive Address Label,13.2399,1,0.0,5.4053
3170,US-2022-101801,2022-08-17,2022-08-23,Standard Class,AP-10661,Alice Perry,Consumer,United States,Richmond,Virginia,60711,South,TEC-MA-0000197,Technology,Machines,Recycled Scanner,556.5662,1,0.0,24.1473
3212,US-2022-101826,2022-08-24,2022-08-24,Same Day,CP-10220,Chris Perry,Home Office,United States,Dallas,Texas,37686,Central,OFF-SU-0000160,Office Supplies,Supplies,Compact Tape Dispenser,122.3575,2,0.1,0.6577
7227,US-2024-104129,2024-04-24,2024-04-27,Second Class,XL-10691,Xavier Long,Home Office,United States,Portland,Oregon,60618,West,OFF-ST-0000145,Office Supplies,Storage,Deluxe Storage Bin,378.0268,4,0.1,14.4412
5813,US-2023-103317,2023-10-05,2023-10-12,Standard Class,QC-10590,Quinn Cooper,Consumer,United States,Houston,Texas,74750,Central,TEC-MA-0000197,Technology,Machines,Recycled Scanner,1046.4355,3,0.4,-255.3775
2489,US-2022-101403,2022-04-05,2022-04-09,Second Class,AH-10065,Amy Harris,Corporate,United States,Atlanta,Georgia,54721,South,OFF-FA-0000105,Office Supplies,Fasteners,Recycled Paper Clip Box,58.2354,5,0.2,6.4637
8324,US-2024-104763,2024-10-11,2024-10-16,Second Class,ZL-10732,Zoe Long,Corporate,United States,Houston,Texas,48467,Central,OFF-PA-0000133,Office Supplies,Paper,Recycled Notebook,73.537,2,0.1,27.259
1521,US-2021-100847,2021-11-01,2021-11-03,First Class,BG-10140,Brian Green,Consumer,United States,Seattle,Washington,30333,West,OFF-AR-0000070,Office Supplies,Art,Pro Marker Pack,44.0582,1,0.0,6.9795
1178,US-2021-100658,2021-09-13,2021-09-19,Standard Class,SK-10147,Susan Kelly,Corporate,United States,San Francisco,California,34608,West,OFF-AP-0000056,Office Supplies,Appliances,Heavy-Duty Air Purifier,754.212,6,0.2,6.7813
1621,US-2021-100905,2021-11-12,2021-11-17,Second Class,RB-10350,Rachel Baker,Consumer,United States,Detroit,Michigan,25881,Central,FUR-CH-0000011,Furniture,Chairs,Pro Task Chair,317.0116,1,0.0,48.386
8868,US-2024-105052,2024-12-07,2024-12-13,Standard Class,BS-10305,Brian Simmons,Consumer,United States,Columbus,Ohio,10392,East,OFF-LA-0000123,Office Supplies,Labels,Wireless Shipping Label,65.1871,6,0.0,21.5663
3954,US-2022-102249,2022-12-01,2022-12-06,Second Class,LW-10758,Linda Watson,Home Office,United States,Atlanta,Georgia,49961,South,OFF-SU-0000161,Office Supplies,Supplies,Classic Scissors Set,182.4447,3,0.1,-0.7593
5559,US-2023-103161,2023-09-05,2023-09-09,Second Class,JB-10183,Jane Brooks,Corporate,United States,Detroit,Michigan,90373,Central,TEC-MA-0000190,Technology,Machines,Executive Laser Printer,4222.5155,7,0.2,103.234
6023,US-2023-103437,2023-11-01,2023-11-08,Standard Class,LL-10374,Laura Lee,Corporate,United States,Newark,New Jersey,93214,East,FUR-CH-0000019,Furniture,Chairs,Wireless Stacking Chair,2659.7315,6,0.0,534.5891
5100,US-2023-102894,2023-06-15,2023-06-18,Second Class,AP-10661,Alice Perry,Consumer,United States,Richmond,Virginia,60711,South,OFF-AR-0000072,Office Supplies,Art,Classic Pencil Set,122.811,5,0.1,26.9459
1039,US-2021-100575,2021-08-18,2021-08-22,Standard Class,OR-10396,Olivia Reed,Corporate,United States,Houston,Texas,48468,Central,OFF-FA-0000108,Office Supplies,Fasteners,Adjustable Binder Clip Set,36.7746,2,0.0,13.036
6131,US-2023-103502,2023-11-14,2023-11-19,Standard Class,PR-10565,Patrick Russell,Consumer,United States,Detroit,Michigan,88191,Central,OFF-AR-0000068,Office Supplies,Art,Recycled Sketch Pad,109.7717,4,0.1,17.1043
230,US-2021-100131,2021-03-04,2021-03-10,Standard Class,KP-10536,Karen Perry,Consumer,United States,Phoenix,Arizona,68652,West,FUR-FU-0000038,Furniture,Furnishings,Premium Desk Lamp,165.2121,2,0.0,40.2506
6709,US-2024-103819,2024-01-11,2024-01-14,Second Class,WR-10798,Walter Russell,Home Office,United States,Columbus,Ohio,25250,East,TEC-PH-0000207,Technology,Phones,Executive Desk Phone,543.3449,2,0.1,127.5525
3036,US-2022-101722,2022-07-22,2022-07-25,First Class,MB-10752,Maria Bennett,Consumer,United States,Atlanta,Georgia,48534,South,TEC-AC-0000170,Technology,Accessories,Advanced Webcam,123.3274,1,0.1,21.0294
148,US-2021-100084,2021-02-10,2021-02-14,Standard Class,OP-10131,Olivia Parker,Consumer,United States,Columbus,Ohio,65683,East,TEC-AC-0000163,Technology,Accessories,Classic Webcam,142.2306,2,0.1,19.5906
2246,US-2022-101270,2022-02-18,2022-02-25,Standard Class,WM-10094,Wendy Morgan,Consumer,United States,Newark,New Jersey,46040,East,OFF-FA-0000116,Office Supplies,Fasteners,Executive Paper Clip Box,19.1568,2,0.0,5.6085
3067,US-2022-101742,2022-07-28,2022-08-02,Standard Class,DP-10270,David Patel,Corporate,United States,Seattle,Washington,12546,West,FUR-TA-0000041,Furniture,Tables,Pro Training Table,468.6383,1,0.3,-132.4651
8940,US-2024-105088,2024-12-12,2024-12-17,Standard Class,GD-10168,Grace Diaz,Consumer,United States,Richmond,Virginia,83056,South,OFF-AR-0000070,Office Supplies,Art,Pro Marker Pack,251.7172,6,0.2,47.487
1962,US-2021-101104,2021-12-24,2021-12-29,Standard Class,MW-10085,Michael Ward,Home Office,United States,New York City,New York,27706,East,TEC-MA-0000197,Technology,Machines,Recycled Scanner,443.4072,1,0.5,-184.3996
387,US-2021-100219,2021-04-15,2021-04-19,Standard Class,JC-10786,Jane Clark,Consumer,United States,Charlotte,North Carolina,75351,South,TEC-MA-0000195,Technology,Machines,Classic Label Printer,1806.3361,2,0.0,5.6276
2598,US-2022-101465,2022-04-29,2022-05-05,Standard Class,KP-10373,Kevin Perry,Corporate,United States,Philadelphia,Pennsylvania,97698,East,OFF-AR-0000072,Office Supplies,Art,Classic Pencil Set,164.9453,5,0.0,44.9358
2765,US-2022-101557,2022-06-01,2022-06-05,Standard Class,KB-10769,Karen Bennett,Corporate,United States,Nashville,Tennessee,16970,South,FUR-FU-0000033,Furniture,Furnishings,Pro Desk Lamp,62.7333,2,0.0,16.0379
5495,US-2023-103120,2023-08-29,2023-09-04,Standard Class,VG-10581,Victor Green,Corporate,United States,Detroit,Michigan,15971,Central,FUR-CH-0000018,Furniture,Chairs,Deluxe Task Chair,790.308,2,0.0,120.4841
1718,US-2021-100960,2021-11-23,2021-11-29,Standard Class,XM-10366,Xavier Martin,Home Office,United States,Phoenix,Arizona,60765,West,TEC-AC-0000165,Technology,Accessories,Adjustable Mouse,104.6603,1,0.0,17.3314
1874,US-2021-101048,2021-12-13,2021-12-20,Standard Class,JC-10629,Jason Campbell,Consumer,United States,Boston,Massachusetts,11568,East,TEC-PH-0000199,Technology,Phones,Premium Desk Phone,879.1117,2,0.0,189.4153
8877,US-2024-105055,2024-12-08,2024-12-11,Second Class,JS-10231,Jane Sanders,Corporate,United States,Seattle,Washington,60028,West,TEC-PH-0000210,Technology,Phones,Standard Desk Phone,828.6564,3,0.0,181.4382
3804,US-2022-102166,2022-11-17,2022-11-21,Second Class,LS-10566,Linda Sanders,Corporate,United States,Detroit,Michigan,88969,Central,OFF-EN-0000103,Office Supplies,Envelopes,Adjustable Security Envelope,71.6459,3,0.2,15.0922
6067,US-2023-103462,2023-11-06,2023-11-10,Standard Class,GM-10230,Grace Mitchell,Home Office,United States,Richmond,Virginia,33185,South,FUR-CH-0000010,Furniture,Chairs,Recycled Stacking Chair,627.5951,3,0.3,22.7277
2565,US-2022-101445,2022-04-21,2022-04-26,Second Class,WC-10359,Wendy Collins,Consumer,United States,Atlanta,Georgia,32951,South,OFF-AR-0000079,Office Supplies,Art,Advanced Pencil Set,29.7218,1,0.0,7.5923
5156,US-2023-102927,2023-06-26,2023-06-30,Standard Class,LP-10555,Linda Perry,Corporate,United States,Columbus,Ohio,81441,East,FUR-FU-0000025,Furniture,Furnishings,Recycled Photo Frame,47.4256,1,0.0,12.0119
7063,US-2024-104027,2024-03-27,2024-03-31,Standard Class,FC-10266,Frank Collins,Consumer,United States,Dallas,Texas,89867,Central,OFF-SU-0000161,Office Supplies,Supplies,Classic Scissors Set,97.9821,2,0.1,-4.3268
1967,US-2021-101107,2021-12-25,2021-12-30,Second Class,SW-10726,Susan Watson,Consumer,United States,Boston,Massachusetts,43564,East,OFF-LA-0000119,Office Supplies,Labels,Wireless File Folder Label,107.8396,7,0.0,37.4215
8709,US-2024-104974,2024-11-25,2024-11-30,Standard Class,DB-10313,Daniel Bennett,Home Office,United States,Los Angeles,California,72649,West,FUR-CH-0000018,Furniture,Chairs,Deluxe Task Chair,1736.2872,5,0.0,262.3958
6141,US-2023-103509,2023-11-15,2023-11-18,First Class,JG-10003,Jason Gray,Home Office,United States,New York City,New York,52259,East,FUR-CH-0000021,Furniture,Chairs,Wireless Stacking Chair,377.2624,1,0.0,60.3961
332,US-2021-100189,2021-03-31,2021-04-03,First Class,EB-10734,Edward Bennett,Consumer,United States,Columbus,Ohio,87094,East,OFF-AR-0000077,Office Supplies,Art,Classic Marker Pack,98.7829,3,0.0,21.2843
5040,US-2023-102863,2023-06-07,2023-06-12,Standard Class,OR-10396,Olivia Reed,Corporate,United States,Houston,Texas,48468,Central,OFF-FA-0000108,Office Supplies,Fasteners,Adjustable Binder Clip Set,32.7038,2,0.1,9.2778
4516,US-2023-102573,2023-03-15,2023-03-18,First Class,LC-10596,Linda Campbell,Home Office,United States,Charlotte,North Carolina,96715,South,OFF-FA-0000110,Office Supplies,Fasteners,Deluxe Binder Clip Set,19.8107,2,0.3,1.4157
576,US-2021-100327,2021-05-20,2021-05-22,First Class,JF-10562,Jane Fisher,Corporate,United States,Portland,Oregon,85847,West,OFF-AR-0000077,Office Supplies,Art,Classic Marker Pack,158.1768,3,0.0,35.2986
6297,US-2023-103597,2023-12-03,2023-12-07,Standard Class,NB-10214,Nancy Baker,Consumer,United States,Houston,Texas,40511,Central,OFF-AP-0000056,Office Supplies,Appliances,Heavy-Duty Air Purifier,233.4456,2,0.2,16.5045
6278,US-2023-103584,2023-12-01,2023-12-04,Second Class,JR-10255,Jane Rivera,Consumer,United States,Newark,New Jersey,93424,East,OFF-AR-0000076,Office Supplies,Art,Recycled Sketch Pad,206.8603,4,0.0,56.9437
6256,US-2023-103572,2023-11-27,2023-12-01,Second Class,ZN-10597,Zoe Nguyen,Home Office,United States,Phoenix,Arizona,53396,West,TEC-CO-0000179,Technology,Copiers,Classic Desktop Copier,1069.299,1,0.0,278.9107
6797,US-2024-103871,2024-02-01,2024-02-03,First Class,SM-10432,Sandra Mitchell,Consumer,United States,Newark,New Jersey,88967,East,OFF-EN-0000093,Office Supplies,Envelopes,Adjustable Security Envelope,85.7169,3,0.1,21.5364
4759,US-2023-102707,2023-04-19,2023-04-24,Standard Class,SR-10662,Steven Ross,Consumer,United States,Minneapolis,Minnesota,74286,Central,OFF-AR-0000074,Office Supplies,Art,Pro Marker Pack,69.9066,3,0.1,16.3081
3818,US-2022-102174,2022-11-20,2022-11-25,Standard Class,MW-10445,Michael Wright,Consumer,United States,Miami,Florida,29356,South,TEC-CO-0000176,Technology,Copiers,Adjustable Colour Copier,1657.0035,2,0.1,486.0208
8701,US-2024-104970,2024-11-24,2024-11-29,Standard Class,WK-10232,Wendy Kumar,Consumer,United States,San Francisco,California,31302,West,OFF-AR-0000078,Office Supplies,Art,Recycled Marker Pack,25.5649,2,0.2,3.2132
8490,US-2024-104856,2024-11-02,2024-11-06,Standard Class,JC-10503,Jason Clark,Home Office,United States,Richmond,Virginia,43161,South,TEC-CO-0000182,Technology,Copiers,Advanced Multifunction Copier,1399.6544,1,0.0,496.201
8702,US-2024-104971,2024-11-24,2024-12-01,Standard Class,JM-10655,Jack Martin,Consumer,United States,New York City,New York,41512,East,FUR-FU-0000035,Furniture,Furnishings,Pro Desk Lamp,517.274,7,0.0,126.0787
7960,US-2024-104560,2024-08-21,2024-08-25,Standard Class,PW-10519,Patrick Ward,Consumer,United States,Houston,Texas,42157,Central,TEC-PH-0000200,Technology,Phones,Premium Desk Phone,625.1071,3,0.1,47.3146
5614,US-2023-103194,2023-09-11,2023-09-15,Standard Class,KP-10373,Kevin Perry,Corporate,United States,Philadelphia,Pennsylvania,97698,East,OFF-LA-0000127,Office Supplies,Labels,Deluxe Address Label,27.1681,1,0.0,9.5556
8899,US-2024-105067,2024-12-10,2024-12-14,Standard Class,PE-10624,Paula Evans,Consumer,United States,Richmond,Virginia,13197,South,FUR-CH-0000022,Furniture,Chairs,Adjustable Stacking Chair,871.6036,3,0.0,103.7843
1433,US-2021-100800,2021-10-18,2021-10-24,Standard Class,DA-10197,Daniel Adams,Home Office,United States,New York City,New York,85838,East,OFF-AP-0000065,Office Supplies,Appliances,Recycled Microwave,280.9852,4,0.3,-8.1455
7602,US-2024-104360,2024-06-28,2024-07-03,Standard Class,CR-10675,Chris Rivera,Consumer,United States,Los Angeles,California,26300,West,FUR-FU-0000036,Furniture,Furnishings,Standard Wall Clock,193.3249,5,0.1,32.221
2816,US-2022-101589,2022-06-09,2022-06-12,Second Class,KP-10462,Kevin Parker,Consumer,United States,Minneapolis,Minnesota,47014,Central,OFF-AP-0000060,Office Supplies,Appliances,Compact Air Purifier,159.8609,2,0.5,-42.7404
5895,US-2023-103365,2023-10-18,2023-10-25,Standard Class,AC-10573,Amy Carter,Corporate,United States,Boston,Massachusetts,24078,East,FUR-CH-0000016,Furniture,Chairs,Premium Office Chair,635.2254,2,0.0,80.4824
4489,US-2023-102557,2023-03-10,2023-03-16,Standard Class,CK-10558,Carol Kelly,Consumer,United States,Charlotte,North Carolina,94720,South,FUR-FU-0000029,Furniture,Furnishings,Adjustable Photo Frame,81.965,2,0.0,18.319
3862,US-2022-102198,2022-11-23,2022-11-23,Same Day,IW-10205,Irene Ward,Corporate,United States,Columbus,Ohio,57863,East,FUR-FU-0000038,Furniture,Furnishings,Premium Desk Lamp,273.6476,3,0.0,93.741
6644,US-2024-103790,2024-01-02,2024-01-05,Second Class,ZN-10597,Zoe Nguyen,Home Office,United States,Phoenix,Arizona,53396,West,FUR-FU-0000031,Furniture,Furnishings,Advanced Desk Lamp,351.7981,6,0.0,94.3406
7224,US-2024-104127,2024-04-23,2024-04-27,Second Class,ZF-10198,Zoe Fisher,Home Office,United States,New York City,New York,18163,East,OFF-ST-0000143,Office Supplies,Storage,Recycled Filing Box,158.7241,1,0.0,10.1077
5377,US-2023-103062,2023-08-08,2023-08-10,First Class,QH-10464,Quinn Hughes,Corporate,United States,New York City,New York,37131,East,OFF-PA-0000137,Office Supplies,Paper,Compact Copy Paper,61.2157,2,0.0,19.8803
344,US-2021-100195,2021-04-03,2021-04-10,Standard Class,JS-10438,Julia Shah,Home Office,United States,San Francisco,California,83922,West,TEC-AC-0000168,Technology,Accessories,Wireless Webcam,759.81,7,0.0,176.1382
6316,US-2023-103607,2023-12-04,2023-12-04,Same Day,CK-10558,Carol Kelly,Consumer,United States,Charlotte,North Carolina,94720,South,FUR-CH-0000015,Furniture,Chairs,Classic Office Chair,386.6631,1,0.1,31.8386
4153,US-2022-102359,2022-12-24,2022-12-27,Second Class,LP-10555,Linda Perry,Corporate,United States,Columbus,Ohio,81441,East,FUR-FU-0000038,Furniture,Furnishings,Premium Desk Lamp,412.5126,3,0.0,116.2726
6385,US-2023-103642,2023-12-09,2023-12-11,First Class,VC-10326,Vivian Chen,Corporate,United States,Dallas,Texas,97668,Central,OFF-FA-0000113,Office Supplies,Fasteners,Executive Binder Clip Set,22.1556,2,0.3,2.6271
7598,US-2024-104357,2024-06-28,2024-07-05,Standard Class,ED-10687,Edward Diaz,Home Office,United States,Los Angeles,California,57139,West,TEC-PH-0000211,Technology,Phones,Heavy-Duty Desk Phone,1067.8541,5,0.0,136.8495
7132,US-2024-104072,2024-04-09,2024-04-16,Standard Class,IM-10179,Irene Murphy,Home Office,United States,Nashville,Tennessee,93963,South,OFF-AP-0000060,Office Supplies,Appliances,Compact Air Purifier,199.2329,2,0.0,56.7871
962,US-2021-100530,2021-08-02,2021-08-09,Standard Class,WG-10066,Walter Green,Corporate,United States,Newark,New Jersey,96327,East,OFF-FA-0000111,Office Supplies,Fasteners,Classic Staple Pack,11.2246,1,0.3,0.1816
2243,US-2022-101269,2022-02-18,2022-02-23,Second Class,TC-10101,Thomas Cooper,Corporate,United States,Minneapolis,Minnesota,87455,Central,TEC-PH-0000200,Technology,Phones,Premium Desk Phone,1355.508,5,0.0,267.8506
4288,US-2023-102437,2023-01-19,2023-01-25,Standard Class,SL-10577,Susan Lewis,Consumer,United States,Newark,New Jersey,45347,East,OFF-FA-0000118,Office Supplies,Fasteners,Heavy-Duty Staple Pack,20.6014,3,0.1,4.4543
2186,US-2022-101234,2022-02-03,2022-02-10,Standard Class,KS-10602,Karen Shah,Corporate,United States,New York City,New York,73847,East,OFF-PA-0000133,Office Supplies,Paper,Recycled Notebook,240.2975,7,0.1,88.2474
7690,US-2024-104413,2024-07-14,2024-07-20,Standard Class,FF-10385,Frank Fisher,Corporate,United States,Los Angeles,California,93678,West,TEC-AC-0000168,Technology,Accessories,Wireless Webcam,171.6352,2,0.2,10.5227
4080,US-2022-102317,2022-12-16,2022-12-20,Standard Class,FH-10777,Frank Harris,Corporate,United States,Phoenix,Arizona,77978,West,TEC-MA-0000196,Technology,Machines,Standard Scanner,219.2341,1,0.7,-158.4818
6895,US-2024-103932,2024-02-27,2024-03-02,Second Class,MH-10496,Maria Harris,Corporate,United States,San Francisco,California,70649,West,OFF-AR-0000068,Office Supplies,Art,Recycled Sketch Pad,38.1663,2,0.3,3.5772
4498,US-2023-102563,2023-03-13,2023-03-19,Standard Class,WH-10292,Walter Hall,Consumer,United States,Charlotte,North Carolina,78824,South,FUR-FU-0000025,Furniture,Furnishings,Recycled Photo Frame,126.2091,2,0.0,24.6632
6382,US-2023-103640,2023-12-09,2023-12-13,Standard Class,NE-10340,Nathan Edwards,Consumer,United States,Newark,New Jersey,23899,East,OFF-BI-0000083,Office Supplies,Binders,Premium Clip Binder,157.7651,4,0.0,53.3359
676,US-2021-100385,2021-06-09,2021-06-11,First Class,FC-10563,Frank Carter,Home Office,United States,Nashville,Tennessee,57625,South,FUR-FU-0000032,Furniture,Furnishings,Pro Photo Frame,212.966,4,0.0,38.0428
5412,US-2023-103079,2023-08-14,2023-08-21,Standard Class,SG-10441,Sandra Gray,Consumer,United States,Richmond,Virginia,29601,South,OFF-AR-0000077,Office Supplies,Art,Classic Marker Pack,123.7563,3,0.0,26.6235
7663,US-2024-104396,2024-07-08,2024-07-13,Standard Class,ZN-10597,Zoe Nguyen,Home Office,United States,Phoenix,Arizona,53396,West,OFF-PA-0000131,Office Supplies,Paper,Standard Legal Pad,25.6908,1,0.1,7.1053
2081,US-2022-101175,2022-01-12,2022-01-14,First Class,AC-10641,Amy Chen,Home Office,United States,New York City,New York,45049,East,TEC-CO-0000177,Technology,Copiers,Recycled Multifunction Copier,3685.404,3,0.0,1023.6883
3872,US-2022-102203,2022-11-24,2022-11-30,Standard Class,SF-10749,Susan Foster,Corporate,United States,San Francisco,California,73551,West,FUR-FU-0000038,Furniture,Furnishings,Premium Desk Lamp,85.1117,1,0.0,28.5941
2653,US-2022-101498,2022-05-12,2022-05-17,Standard Class,AC-10615,Aaron Clark,Corporate,United States,Chicago,Illinois,52177,Central,TEC-MA-0000196,Technology,Machines,Standard Scanner,2396.6548,6,0.4,-558.7321
8232,US-2024-104717,2024-09-30,2024-10-04,Standard Class,SC-10288,Sandra Campbell,Consumer,United States,Charlotte,North Carolina,63468,South,FUR-BO-0000009,Furniture,Bookcases,Advanced Wall Shelf,1438.1809,5,0.0,146.4038
4698,US-2023-102678,2023-04-12,2023-04-15,Second Class,JE-10258,Jack Edwards,Consumer,United States,Houston,Texas,32960,Central,OFF-ST-0000141,Office Supplies,Storage,Classic Archive Case,222.1864,2,0.1,0.6249
5922,US-2023-103380,2023-10-21,2023-10-28,Standard Class,TK-10711,Thomas Kelly,Corporate,United States,Boston,Massachusetts,56923,East,FUR-TA-0000053,Furniture,Tables,Heavy-Duty Folding Table,933.7499,3,0.3,-332.2683
617,US-2021-100348,2021-05-28,2021-06-01,Second Class,KP-10462,Kevin Parker,Consumer,United States,Minneapolis,Minnesota,47014,Central,OFF-FA-0000116,Office Supplies,Fasteners,Executive Paper Clip Box,59.2381,6,0.2,12.2504
7577,US-2024-104344,2024-06-24,2024-07-01,Standard Class,XT-10698,Xavier Turner,Consumer,United States,Minneapolis,Minnesota,53942,Central,OFF-EN-0000095,Office Supplies,Envelopes,Classic Security Envelope,53.7841,4,0.2,11.1168
9030,US-2024-105137,2024-12-23,2024-12-29,Standard Class,XR-10306,Xavier Reed,Consumer,United States,Miami,Florida,22896,South,OFF-EN-0000095,Office Supplies,Envelopes,Classic Security Envelope,42.297,3,0.0,8.7105
92,US-2021-100050,2021-01-26,2021-01-30,Standard Class,ZM-10254,Zoe Martin,Corporate,United States,Atlanta,Georgia,36194,South,TEC-MA-0000197,Technology,Machines,Recycled Scanner,3794.8608,3,0.0,94.7402
4422,US-2023-102516,2023-02-24,2023-03-02,Standard Class,KK-10047,Kevin Kelly,Corporate,United States,Los Angeles,California,61520,West,OFF-AR-0000067,Office Supplies,Art,Adjustable Marker Pack,74.6325,2,0.0,19.159
4847,US-2023-102760,2023-05-03,2023-05-06,Second Class,XD-10779,Xavier Diaz,Corporate,United States,Los Angeles,California,98280,West,FUR-FU-0000034,Furniture,Furnishings,Executive Wall Clock,54.2112,1,0.3,-1.2193
3921,US-2022-102231,2022-11-28,2022-11-30,First Class,MT-10725,Marcus Turner,Consumer,United States,San Francisco,California,85447,West,OFF-AR-0000073,Office Supplies,Art,Classic Pencil Set,87.0072,6,0.0,18.3632
1217,US-2021-100680,2021-09-19,2021-09-24,Second Class,OP-10131,Olivia Parker,Consumer,United States,Columbus,Ohio,65683,East,TEC-CO-0000176,Technology,Copiers,Adjustable Colour Copier,764.6712,1,0.1,189.7703
6777,US-2024-103861,2024-01-29,2024-02-03,Standard Class,TT-10545,Thomas Turner,Consumer,United States,Charlotte,North Carolina,15186,South,FUR-BO-0000006,Furniture,Bookcases,Standard Storage Cabinet,914.1027,4,0.0,139.3287
3383,US-2022-101930,2022-09-22,2022-09-24,First Class,MD-10200,Michael Diaz,Consumer,United States,Chicago,Illinois,26318,Central,OFF-BI-0000088,Office Supplies,Binders,Executive Ring Binder,27.0097,1,0.4,-2.9136
6702,US-2024-103815,2024-01-10,2024-01-16,Standard Class,AG-10251,Alice Green,Home Office,United States,Richmond,Virginia,83732,South,OFF-AP-0000060,Office Supplies,Appliances,Compact Air Purifier,644.7447,6,0.3,-42.0142
6201,US-2023-103543,2023-11-21,2023-11-28,Standard Class,AH-10755,Aaron Hayes,Consumer,United States,Seattle,Washington,91388,West,TEC-CO-0000179,Technology,Copiers,Classic Desktop Copier,3353.76,3,0.1,914.8249
6987,US-2024-103986,2024-03-15,2024-03-16,Same Day,BH-10316,Brian Hughes,Consumer,United States,Columbus,Ohio,74840,East,FUR-FU-0000038,Furniture,Furnishings,Premium Desk Lamp,178.6545,2,0.0,56.0278
2024,US-2022-101147,2022-01-03,2022-01-08,Standard Class,XH-10215,Xavier Hall,Corporate,United States,Boston,Massachusetts,36717,East,TEC-MA-0000196,Technology,Machines,Standard Scanner,783.9906,1,0.0,10.7121
4703,US-2023-102680,2023-04-13,2023-04-18,Standard Class,NS-10286,Nathan Simmons,Consumer,United States,Minneapolis,Minnesota,35039,Central,TEC-AC-0000170,Technology,Accessories,Advanced Webcam,284.8341,3,0.1,57.1229
6204,US-2023-103543,2023-11-21,2023-11-28,Standard Class,AH-10755,Aaron Hayes,Consumer,United States,Seattle,Washington,91388,West,OFF-FA-0000112,Office Supplies,Fasteners,Compact Staple Pack,30.6055,2,0.1,6.6291
8794,US-2024-105017,2024-12-02,2024-12-09,Standard Class,PD-10599,Paula Diaz,Corporate,United States,Houston,Texas,77492,Central,FUR-FU-0000030,Furniture,Furnishings,Classic Desk Lamp,116.7567,3,0.0,18.3571
4621,US-2023-102630,2023-03-31,2023-04-07,Standard Class,WM-10094,Wendy Morgan,Consumer,United States,Newark,New Jersey,46040,East,FUR-FU-0000033,Furniture,Furnishings,Pro Desk Lamp,115.5622,5,0.0,17.7071
4061,US-2022-102308,2022-12-14,2022-12-19,Standard Class,FC-10563,Frank Carter,Home Office,United States,Nashville,Tennessee,57625,South,TEC-MA-0000196,Technology,Machines,Standard Scanner,373.8977,2,0.7,-264.7948
940,US-2021-100520,2021-07-30,2021-08-06,Standard Class,DA-10197,Daniel Adams,Home Office,United States,New York City,New York,85838,East,OFF-FA-0000118,Office Supplies,Fasteners,Heavy-Duty Staple Pack,6.3524,1,0.2,1.3431
5230,US-2023-102975,2023-07-10,2023-07-17,Standard Class,VC-10664,Victor Collins,Consumer,United States,Newark,New Jersey,61061,East,TEC-MA-0000196,Technology,Machines,Standard Scanner,2158.5174,3,0.4,-757.2388
6245,US-2023-103567,2023-11-27,2023-11-29,First Class,NE-10340,Nathan Edwards,Consumer,United States,Newark,New Jersey,23899,East,OFF-SU-0000159,Office Supplies,Supplies,Compact Tape Dispenser,191.8528,3,0.0,6.5466
1080,US-2021-100600,2021-08-25,2021-08-28,First Class,MD-10200,Michael Diaz,Consumer,United States,Chicago,Illinois,26318,Central,FUR-BO-0000008,Furniture,Bookcases,Pro Wall Shelf,499.7873,6,0.7,-331.3319
8997,US-2024-105121,2024-12-19,2024-12-26,Standard Class,CH-10224,Carol Hall,Consumer,United States,Atlanta,Georgia,22472,South,OFF-AP-0000056,Office Supplies,Appliances,Heavy-Duty Air Purifier,240.6615,2,0.3,-0.2541
2040,US-2022-101155,2022-01-05,2022-01-07,First Class,VW-10552,Vivian Wright,Corporate,United States,New York City,New York,87944,East,TEC-MA-0000196,Technology,Machines,Standard Scanner,761.7027,2,0.4,-236.5308
7704,US-2024-104421,2024-07-16,2024-07-22,Standard Class,LS-10178,Laura Shah,Corporate,United States,Richmond,Virginia,30154,South,OFF-FA-0000108,Office Supplies,Fasteners,Adjustable Binder Clip Set,20.9816,1,0.0,7.4761
6817,US-2024-103883,2024-02-05,2024-02-12,Standard Class,JS-10708,Jane Stewart,Consumer,United States,Minneapolis,Minnesota,74254,Central,OFF-EN-0000102,Office Supplies,Envelopes,Executive Catalog Envelope,105.1651,5,0.2,18.9519
90,US-2021-100049,2021-01-25,2021-01-29,Standard Class,PE-10624,Paula Evans,Consumer,United States,Richmond,Virginia,13197,South,OFF-ST-0000150,Office Supplies,Storage,Premium Archive Case,480.0054,4,0.0,57.4703
8137,US-2024-104657,2024-09-17,2024-09-19,First Class,CM-10393,Carol Murphy,Corporate,United States,Chicago,Illinois,91466,Central,OFF-BI-0000089,Office Supplies,Binders,Premium Clip Binder,60.1473,3,0.2,10.8375
5609,US-2023-103190,2023-09-08,2023-09-09,Same Day,NC-10696,Nancy Collins,Corporate,United States,Miami,Florida,97373,South,TEC-AC-0000171,Technology,Accessories,Advanced Webcam,279.329,4,0.0,96.1126
7912,US-2024-104536,2024-08-15,2024-08-15,Same Day,QT-10284,Quinn Turner,Corporate,United States,Detroit,Michigan,97280,Central,TEC-MA-0000197,Technology,Machines,Recycled Scanner,1192.3477,2,0.2,-130.851
3707,US-2022-102115,2022-11-04,2022-11-09,Standard Class,CS-10637,Carol Stewart,Consumer,United States,New York City,New York,84202,East,OFF-ST-0000143,Office Supplies,Storage,Recycled Filing Box,194.3499,2,0.0,25.3615
2746,US-2022-101545,2022-05-30,2022-06-04,Standard Class,PP-10647,Patrick Perry,Corporate,United States,Dallas,Texas,86162,Central,TEC-MA-0000197,Technology,Machines,Recycled Scanner,1219.6487,2,0.3,-295.2942
8782,US-2024-105009,2024-11-29,2024-12-04,Standard Class,LS-10546,Linda Scott,Home Office,United States,Miami,Florida,18850,South,FUR-CH-0000010,Furniture,Chairs,Recycled Stacking Chair,695.4034,5,0.2,0.8139
3515,US-2022-102007,2022-10-12,2022-10-16,Standard Class,NK-10378,Nathan Kumar,Corporate,United States,Seattle,Washington,40841,West,OFF-BI-0000089,Office Supplies,Binders,Premium Clip Binder,13.5357,1,0.2,2.5208
7909,US-2024-104535,2024-08-15,2024-08-17,First Class,XN-10601,Xavier Nguyen,Corporate,United States,Seattle,Washington,96862,West,TEC-MA-0000197,Technology,Machines,Recycled Scanner,5507.5505,6,0.3,-1189.8114
7467,US-2024-104280,2024-06-07,2024-06-12,Standard Class,KL-10718,Kevin Lewis,Home Office,United States,San Francisco,California,20113,West,OFF-EN-0000095,Office Supplies,Envelopes,Classic Security Envelope,41.4135,3,0.1,6.8245
3726,US-2022-102125,2022-11-08,2022-11-12,Standard Class,PR-10083,Patrick Reed,Corporate,United States,Minneapolis,Minnesota,61293,Central,OFF-PA-0000129,Office Supplies,Paper,Recycled Copy Paper,85.1328,3,0.0,27.3923
6655,US-2024-103794,2024-01-03,2024-01-08,Second Class,SL-10577,Susan Lewis,Consumer,United States,Newark,New Jersey,45347,East,OFF-ST-0000140,Office Supplies,Storage,Adjustable Archive Case,161.6159,1,0.2,-10.6265
859,US-2021-100478,2021-07-15,2021-07-20,Second Class,WM-10705,Wendy Mitchell,Consumer,United States,Phoenix,Arizona,78848,West,OFF-FA-0000108,Office Supplies,Fasteners,Adjustable Binder Clip Set,36.6945,2,0.0,13.9367
4305,US-2023-102449,2023-01-24,2023-01-29,Standard Class,BW-10518,Brian Watson,Home Office,United States,Los Angeles,California,41806,West,OFF-FA-0000111,Office Supplies,Fasteners,Classic Staple Pack,13.2593,1,0.0,4.1832
3792,US-2022-102161,2022-11-16,2022-11-19,Second Class,YE-10631,Yolanda Evans,Corporate,United States,Seattle,Washington,82764,West,OFF-FA-0000111,Office Supplies,Fasteners,Classic Staple Pack,78.3648,7,0.2,16.1931
1464,US-2021-100817,2021-10-23,2021-10-27,Standard Class,JD-10119,Jason Diaz,Consumer,United States,Boston,Massachusetts,25852,East,TEC-PH-0000210,Technology,Phones,Standard Desk Phone,451.0816,1,0.0,79.7167
1625,US-2021-100908,2021-11-12,2021-11-18,Standard Class,TC-10625,Thomas Clark,Home Office,United States,Boston,Massachusetts,86864,East,TEC-PH-0000211,Technology,Phones,Heavy-Duty Desk Phone,709.0445,3,0.0,151.0678
4207,US-2022-102385,2022-12-30,2023-01-02,Second Class,KL-10718,Kevin Lewis,Home Office,United States,San Francisco,California,20113,West,OFF-AP-0000056,Office Supplies,Appliances,Heavy-Duty Air Purifier,248.1148,2,0.2,7.3415
6236,US-2023-103563,2023-11-26,2023-12-01,Second Class,AS-10028,Andrew Scott,Corporate,United States,Seattle,Washington,93234,West,TEC-MA-0000185,Technology,Machines,Wireless Laser Printer,355.1612,1,0.5,-147.9966
2513,US-2022-101418,2022-04-10,2022-04-15,Standard Class,AW-10681,Adam Wright,Corporate,United States,Newark,New Jersey,82783,East,OFF-FA-0000116,Office Supplies,Fasteners,Executive Paper Clip Box,10.9571,1,0.0,3.2156
5237,US-2023-102979,2023-07-11,2023-07-17,Standard Class,KC-10191,Karen Campbell,Corporate,United States,Minneapolis,Minnesota,40575,Central,FUR-FU-0000039,Furniture,Furnishings,Adjustable Desk Lamp,256.112,5,0.0,56.4103
1142,US-2021-100636,2021-09-05,2021-09-09,Second Class,ZD-10411,Zoe Diaz,Consumer,United States,Richmond,Virginia,64426,South,OFF-BI-0000084,Office Supplies,Binders,Classic Ring Binder,197.8775,5,0.2,34.606
6789,US-2024-103868,2024-01-31,2024-02-02,First Class,VG-10581,Victor Green,Corporate,United States,Detroit,Michigan,15971,Central,OFF-LA-0000127,Office Supplies,Labels,Deluxe Address Label,89.5603,5,0.0,25.3301
1434,US-2021-100801,2021-10-18,2021-10-21,Second Class,AC-10573,Amy Carter,Corporate,United States,Boston,Massachusetts,24078,East,OFF-AP-0000060,Office Supplies,Appliances,Compact Air Purifier,94.2477,1,0.3,-7.8342
8271,US-2024-104739,2024-10-05,2024-10-12,Standard Class,YS-10722,Yolanda Stewart,Home Office,United States,Seattle,Washington,73332,West,TEC-MA-0000188,Technology,Machines,Deluxe Scanner,749.8845,2,0.5,-318.8694
7913,US-2024-104536,2024-08-15,2024-08-15,Same Day,QT-10284,Quinn Turner,Corporate,United States,Detroit,Michigan,97280,Central,FUR-FU-0000035,Furniture,Furnishings,Pro Desk Lamp,55.1685,1,0.0,9.2253
6988,US-2024-103987,2024-03-15,2024-03-20,Standard Class,JS-10438,Julia Shah,Home Office,United States,San Francisco,California,83922,West,FUR-FU-0000031,Furniture,Furnishings,Advanced Desk Lamp,162.3897,3,0.0,27.9254
289,US-2021-100164,2021-03-22,2021-03-27,Standard Class,KW-10383,Kevin Wright,Consumer,United States,Nashville,Tennessee,48077,South,OFF-BI-0000087,Office Supplies,Binders,Deluxe View Binder,60.7828,2,0.0,20.9219
2837,US-2022-101604,2022-06-14,2022-06-17,Second Class,ZD-10411,Zoe Diaz,Consumer,United States,Richmond,Virginia,64426,South,OFF-FA-0000111,Office Supplies,Fasteners,Classic Staple Pack,34.1979,2,0.1,8.4695
1601,US-2021-100893,2021-11-10,2021-11-13,First Class,XH-10215,Xavier Hall,Corporate,United States,Boston,Massachusetts,36717,East,OFF-AP-0000056,Office Supplies,Appliances,Heavy-Duty Air Purifier,701.028,4,0.0,158.8041
6113,US-2023-103489,2023-11-11,2023-11-18,Standard Class,CK-10012,Chris Kumar,Corporate,United States,Columbus,Ohio,23007,East,TEC-MA-0000187,Technology,Machines,Deluxe Laser Printer,348.1228,3,0.7,-197.9101
4524,US-2023-102578,2023-03-16,2023-03-23,Standard Class,KH-10529,Kevin Hall,Corporate,United States,Los Angeles,California,96562,West,OFF-EN-0000103,Office Supplies,Envelopes,Adjustable Security Envelope,131.5825,6,0.0,37.8784
4737,US-2023-102698,2023-04-17,2023-04-22,Standard Class,LH-10151,Laura Hayes,Home Office,United States,Columbus,Ohio,59694,East,OFF-PA-0000137,Office Supplies,Paper,Compact Copy Paper,87.6844,3,0.0,36.2334
1760,US-2021-100983,2021-11-29,2021-12-03,Second Class,GD-10168,Grace Diaz,Consumer,United States,Richmond,Virginia,83056,South,OFF-LA-0000121,Office Supplies,Labels,Heavy-Duty Address Label,60.7931,5,0.0,24.4727
2609,US-2022-101471,2022-05-01,2022-05-03,First Class,JD-10119,Jason Diaz,Consumer,United States,Boston,Massachusetts,25852,East,TEC-MA-0000188,Technology,Machines,Deluxe Scanner,1539.598,7,0.7,-1147.26
4702,US-2023-102680,2023-04-13,2023-04-18,Standard Class,NS-10286,Nathan Simmons,Consumer,United States,Minneapolis,Minnesota,35039,Central,FUR-TA-0000052,Furniture,Tables,Recycled Conference Table,1347.6256,3,0.3,-440.4501
2227,US-2022-101257,2022-02-12,2022-02-15,First Class,DE-10424,Diane Edwards,Home Office,United States,Philadelphia,Pennsylvania,44133,East,FUR-FU-0000031,Furniture,Furnishings,Advanced Desk Lamp,208.0192,4,0.0,55.9039
6708,US-2024-103818,2024-01-11,2024-01-17,Standard Class,AW-10320,Amy Watson,Corporate,United States,Portland,Oregon,12358,West,FUR-CH-0000020,Furniture,Chairs,Deluxe Stacking Chair,1116.9469,4,0.0,255.5941
7576,US-2024-104343,2024-06-23,2024-06-26,First Class,RW-10717,Robert Wells,Corporate,United States,Philadelphia,Pennsylvania,84037,East,OFF-LA-0000127,Office Supplies,Labels,Deluxe Address Label,99.6557,5,0.3,15.6264
5214,US-2023-102964,2023-07-07,2023-07-12,Standard Class,YG-10014,Yolanda Gray,Corporate,United States,Newark,New Jersey,49501,East,OFF-EN-0000092,Office Supplies,Envelopes,Heavy-Duty Catalog Envelope,18.8209,1,0.2,3.5265
3161,US-2022-101798,2022-08-16,2022-08-23,Standard Class,VG-10323,Vivian Garcia,Consumer,United States,Philadelphia,Pennsylvania,62662,East,OFF-PA-0000137,Office Supplies,Paper,Compact Copy Paper,97.1872,4,0.1,31.1209
6879,US-2024-103923,2024-02-22,2024-02-26,Standard Class,XE-10159,Xavier Edwards,Home Office,United States,Charlotte,North Carolina,45927,South,OFF-AR-0000068,Office Supplies,Art,Recycled Sketch Pad,114.1786,5,0.0,19.7024
6618,US-2023-103776,2023-12-30,2024-01-02,First Class,MW-10445,Michael Wright,Consumer,United States,Miami,Florida,29356,South,TEC-MA-0000198,Technology,Machines,Classic Label Printer,2818.8562,3,0.0,373.0881
8059,US-2024-104611,2024-09-05,2024-09-09,Standard Class,LL-10211,Linda Lee,Corporate,United States,Los Angeles,California,69662,West,FUR-FU-0000027,Furniture,Furnishings,Wireless Wall Clock,71.2495,3,0.3,-4.5458
3179,US-2022-101806,2022-08-18,2022-08-20,First Class,PS-10447,Patrick Sanders,Consumer,United States,Philadelphia,Pennsylvania,88739,East,FUR-TA-0000049,Furniture,Tables,Deluxe Training Table,1557.848,3,0.2,-470.1124
2214,US-2022-101248,2022-02-09,2022-02-16,Standard Class,SA-10643,Steven Adams,Corporate,United States,San Francisco,California,18856,West,OFF-LA-0000121,Office Supplies,Labels,Heavy-Duty Address Label,64.7998,6,0.1,15.9972
2979,US-2022-101689,2022-07-11,2022-07-11,Same Day,CC-10074,Carol Carter,Consumer,United States,Chicago,Illinois,31747,Central,OFF-FA-0000108,Office Supplies,Fasteners,Adjustable Binder Clip Set,85.435,6,0.3,16.0176
2594,US-2022-101463,2022-04-28,2022-05-03,Standard Class,AN-10024,Anna Nguyen,Corporate,United States,Atlanta,Georgia,50850,South,TEC-AC-0000168,Technology,Accessories,Wireless Webcam,136.8924,1,0.0,23.9649
2525,US-2022-101422,2022-04-12,2022-04-14,First Class,SG-10441,Sandra Gray,Consumer,United States,Richmond,Virginia,29601,South,TEC-PH-0000208,Technology,Phones,Deluxe Desk Phone,549.7172,4,0.2,34.51
482,US-2021-100276,2021-05-04,2021-05-07,First Class,DB-10308,Diane Brooks,Consumer,United States,Phoenix,Arizona,18581,West,FUR-BO-0000009,Furniture,Bookcases,Advanced Wall Shelf,175.6832,2,0.7,-110.1194
2713,US-2022-101527,2022-05-24,2022-05-25,Same Day,ER-10010,Elena Ross,Corporate,United States,Detroit,Michigan,50442,Central,TEC-CO-0000177,Technology,Copiers,Recycled Multifunction Copier,2024.3536,2,0.0,628.9462
8274,US-2024-104740,2024-10-05,2024-10-08,First Class,DC-10304,Diane Campbell,Consumer,United States,Seattle,Washington,16897,West,FUR-TA-0000048,Furniture,Tables,Heavy-Duty Folding Table,218.4565,1,0.3,-62.0857
2348,US-2022-101325,2022-03-09,2022-03-13,Standard Class,VC-10644,Victor Campbell,Consumer,United States,Dallas,Texas,89664,Central,FUR-BO-0000003,Furniture,Bookcases,Pro Storage Cabinet,429.6574,3,0.5,-185.2188
1716,US-2021-100959,2021-11-23,2021-11-27,Standard Class,SP-10634,Sandra Parker,Consumer,United States,Charlotte,North Carolina,70249,South,OFF-AR-0000067,Office Supplies,Art,Adjustable Marker Pack,92.3518,4,0.0,21.0028
4675,US-2023-102664,2023-04-07,2023-04-12,Standard Class,AF-10325,Adam Foster,Consumer,United States,Nashville,Tennessee,93014,South,OFF-BI-0000087,Office Supplies,Binders,Deluxe View Binder,43.0255,3,0.3,0.5802
3328,US-2022-101894,2022-09-12,2022-09-15,Second Class,JK-10674,Jane Kelly,Corporate,United States,Seattle,Washington,99410,West,OFF-AR-0000067,Office Supplies,Art,Adjustable Marker Pack,52.8325,2,0.2,7.0429
6724,US-2024-103827,2024-01-15,2024-01-16,Same Day,KP-10373,Kevin Perry,Corporate,United States,Philadelphia,Pennsylvania,97698,East,FUR-FU-0000031,Furniture,Furnishings,Advanced Desk Lamp,145.4826,2,0.0,42.3175
4909,US-2023-102794,2023-05-15,2023-05-17,First Class,AC-10794,Adam Collins,Consumer,United States,Portland,Oregon,91089,West,TEC-MA-0000194,Technology,Machines,Premium Laser Printer,1904.3008,3,0.2,-116.4889
4933,US-2023-102805,2023-05-19,2023-05-23,Standard Class,KP-10373,Kevin Perry,Corporate,United States,Philadelphia,Pennsylvania,97698,East,TEC-AC-0000170,Technology,Accessories,Advanced Webcam,774.7322,7,0.1,114.6562
8825,US-2024-105031,2024-12-03,2024-12-06,First Class,ES-10719,Edward Stewart,Home Office,United States,Miami,Florida,36383,South,OFF-ST-0000142,Office Supplies,Storage,Advanced Filing Box,408.6632,3,0.0,30.6232
7818,US-2024-104483,2024-08-02,2024-08-05,First Class,JC-10629,Jason Campbell,Consumer,United States,Boston,Massachusetts,11568,East,TEC-CO-0000173,Technology,Copiers,Executive Multifunction Copier,2321.7303,2,0.3,120.0017
6087,US-2023-103473,2023-11-08,2023-11-13,Second Class,KC-10670,Karen Chen,Consumer,United States,Seattle,Washington,66331,West,TEC-AC-0000167,Technology,Accessories,Standard Headset,868.5148,5,0.0,187.9824
5852,US-2023-103342,2023-10-12,2023-10-16,Standard Class,DW-10415,Diane Ward,Consumer,United States,Portland,Oregon,94573,West,OFF-PA-0000136,Office Supplies,Paper,Wireless Legal Pad,225.9975,7,0.3,13.078
2054,US-2022-101161,2022-01-06,2022-01-06,Same Day,VR-10649,Victor Russell,Consumer,United States,Portland,Oregon,35721,West,TEC-CO-0000183,Technology,Copiers,Pro Desktop Copier,4592.9519,3,0.0,1322.2459
5889,US-2023-103362,2023-10-18,2023-10-24,Standard Class,DS-10144,Daniel Shah,Consumer,United States,Dallas,Texas,41290,Central,FUR-CH-0000016,Furniture,Chairs,Premium Office Chair,846.1127,4,0.2,91.4066
3914,US-2022-102228,2022-11-28,2022-11-30,First Class,PD-10599,Paula Diaz,Corporate,United States,Houston,Texas,77492,Central,OFF-AP-0000066,Office Supplies,Appliances,Classic Air Purifier,138.6875,3,0.7,-68.43
1199,US-2021-100669,2021-09-15,2021-09-20,Standard Class,ZB-10657,Zachary Brooks,Corporate,United States,San Francisco,California,23897,West,OFF-FA-0000108,Office Supplies,Fasteners,Adjustable Binder Clip Set,39.3523,2,0.0,14.4979
2482,US-2022-101397,2022-04-02,2022-04-04,First Class,HL-10427,Henry Lewis,Home Office,United States,Columbus,Ohio,23407,East,FUR-CH-0000022,Furniture,Chairs,Adjustable Stacking Chair,303.9484,1,0.0,27.0515
4286,US-2023-102436,2023-01-19,2023-01-23,Standard Class,RW-10771,Robert Ward,Home Office,United States,Columbus,Ohio,40002,East,FUR-CH-0000015,Furniture,Chairs,Classic Office Chair,402.7588,1,0.0,74.1762
5108,US-2023-102898,2023-06-16,2023-06-21,Standard Class,CW-10097,Carol Ward,Consumer,United States,Seattle,Washington,75355,West,OFF-PA-0000132,Office Supplies,Paper,Standard Legal Pad,61.8729,4,0.0,25.4223
3101,US-2022-101763,2022-08-05,2022-08-07,First Class,MW-10295,Marcus Wells,Consumer,United States,Chicago,Illinois,75119,Central,TEC-MA-0000197,Technology,Machines,Recycled Scanner,700.4116,2,0.7,-507.6633
1989,US-2021-101122,2021-12-28,2022-01-04,Standard Class,EC-10204,Elena Cooper,Home Office,United States,Boston,Massachusetts,44664,East,OFF-ST-0000141,Office Supplies,Storage,Classic Archive Case,326.7643,2,0.0,29.0981
7659,US-2024-104393,2024-07-08,2024-07-11,First Class,ER-10068,Edward Russell,Consumer,United States,Detroit,Michigan,49454,Central,OFF-FA-0000113,Office Supplies,Fasteners,Executive Binder Clip Set,21.7064,2,0.0,7.8593
1184,US-2021-100660,2021-09-13,2021-09-19,Standard Class,JR-10513,Jane Russell,Consumer,United States,Miami,Florida,38412,South,FUR-FU-0000037,Furniture,Furnishings,Adjustable Photo Frame,28.5617,1,0.0,7.1972
4797,US-2023-102732,2023-04-25,2023-04-28,First Class,JR-10406,Jane Ross,Consumer,United States,Seattle,Washington,25468,West,OFF-FA-0000111,Office Supplies,Fasteners,Classic Staple Pack,24.5678,2,0.0,7.0759
8,US-2021-100005,2021-01-02,2021-01-06,Standard Class,ZJ-10161,Zachary Jenkins,Consumer,United States,Miami,Florida,57470,South,FUR-CH-0000010,Furniture,Chairs,Recycled Stacking Chair,220.8099,1,0.0,37.9368
2301,US-2022-101297,2022-02-28,2022-03-05,Standard Class,VL-10461,Vivian Lee,Consumer,United States,Charlotte,North Carolina,48522,South,OFF-AP-0000056,Office Supplies,Appliances,Heavy-Duty Air Purifier,407.9233,3,0.2,61.2653
3292,US-2022-101875,2022-09-07,2022-09-11,Standard Class,RM-10540,Robert Mitchell,Consumer,United States,Philadelphia,Pennsylvania,35986,East,OFF-AR-0000073,Office Supplies,Art,Classic Pencil Set,29.35,2,0.3,-0.1027
4594,US-2023-102616,2023-03-28,2023-03-31,Second Class,EC-10204,Elena Cooper,Home Office,United States,Boston,Massachusetts,44664,East,FUR-CH-0000010,Furniture,Chairs,Recycled Stacking Chair,170.4259,1,0.2,-10.2424
6711,US-2024-103819,2024-01-11,2024-01-14,Second Class,WR-10798,Walter Russell,Home Office,United States,Columbus,Ohio,25250,East,OFF-ST-0000141,Office Supplies,Storage,Classic Archive Case,795.7238,5,0.2,47.5955
5636,US-2023-103208,2023-09-14,2023-09-19,Standard Class,XR-10466,Xavier Ross,Corporate,United States,Minneapolis,Minnesota,20374,Central,FUR-TA-0000050,Furniture,Tables,Adjustable Training Table,621.3565,2,0.2,-105.6273
7849,US-2024-104501,2024-08-06,2024-08-10,Standard Class,LP-10185,Laura Perry,Consumer,United States,San Francisco,California,49525,West,FUR-BO-0000002,Furniture,Bookcases,Advanced Storage Cabinet,116.3828,1,0.7,-66.9005
2395,US-2022-101352,2022-03-20,2022-03-23,Second Class,EC-10082,Elena Collins,Corporate,United States,Phoenix,Arizona,87307,West,TEC-PH-0000208,Technology,Phones,Deluxe Desk Phone,162.2573,2,0.3,-4.1554
7891,US-2024-104527,2024-08-12,2024-08-19,Standard Class,OC-10527,Olivia Collins,Home Office,United States,Seattle,Washington,23102,West,TEC-PH-0000205,Technology,Phones,Advanced Smartphone,542.5117,3,0.2,31.3189
2079,US-2022-101174,2022-01-11,2022-01-15,Standard Class,VN-10656,Vivian Nguyen,Consumer,United States,New York City,New York,82163,East,OFF-AR-0000073,Office Supplies,Art,Classic Pencil Set,38.1825,2,0.0,9.5325
6243,US-2023-103566,2023-11-26,2023-12-02,Standard Class,SW-10726,Susan Watson,Consumer,United States,Boston,Massachusetts,43564,East,OFF-AR-0000078,Office Supplies,Art,Recycled Marker Pack,40.5481,3,0.0,10.5348
6302,US-2023-103599,2023-12-03,2023-12-06,First Class,AN-10024,Anna Nguyen,Corporate,United States,Atlanta,Georgia,50850,South,FUR-CH-0000018,Furniture,Chairs,Deluxe Task Chair,1024.9009,3,0.3,-139.3151
1075,US-2021-100596,2021-08-24,2021-08-28,Standard Class,RR-10018,Robert Rivera,Home Office,United States,Los Angeles,California,94312,West,OFF-BI-0000081,Office Supplies,Binders,Premium Clip Binder,63.1187,4,0.0,21.0719
4674,US-2023-102663,2023-04-07,2023-04-10,Second Class,AS-10524,Adam Stewart,Consumer,United States,Charlotte,North Carolina,89246,South,OFF-LA-0000126,Office Supplies,Labels,Pro Address Label,55.3571,4,0.2,16.9966
5298,US-2023-103019,2023-07-26,2023-07-30,Standard Class,CR-10184,Carol Reed,Consumer,United States,Newark,New Jersey,95782,East,TEC-PH-0000211,Technology,Phones,Heavy-Duty Desk Phone,857.3139,4,0.1,268.6939
3348,US-2022-101908,2022-09-15,2022-09-16,Same Day,JS-10778,Jason Sanders,Consumer,United States,Minneapolis,Minnesota,86504,Central,TEC-MA-0000188,Technology,Machines,Deluxe Scanner,634.0645,1,0.4,-197.4687
4875,US-2023-102775,2023-05-08,2023-05-10,First Class,AB-10569,Andrew Brooks,Corporate,United States,Dallas,Texas,37797,Central,OFF-AR-0000079,Office Supplies,Art,Advanced Pencil Set,42.557,2,0.2,2.7903
9015,US-2024-105129,2024-12-21,2024-12-27,Standard Class,PE-10624,Paula Evans,Consumer,United States,Richmond,Virginia,13197,South,TEC-AC-0000168,Technology,Accessories,Wireless Webcam,299.8859,3,0.0,80.7625
7324,US-2024-104193,2024-05-10,2024-05-16,Standard Class,DL-10766,Daniel Long,Corporate,United States,Chicago,Illinois,94541,Central,FUR-FU-0000035,Furniture,Furnishings,Pro Desk Lamp,168.6694,3,0.0,31.6986
1459,US-2021-100815,2021-10-22,2021-10-23,Same Day,EG-10049,Edward Garcia,Consumer,United States,Atlanta,Georgia,54472,South,OFF-AR-0000074,Office Supplies,Art,Pro Marker Pack,46.1759,3,0.0,8.7358
6059,US-2023-103458,2023-11-05,2023-11-06,Same Day,CC-10372,Chris Carter,Home Office,United States,Seattle,Washington,99912,West,OFF-AR-0000069,Office Supplies,Art,Classic Marker Pack,99.0366,3,0.1,28.1698
8201,US-2024-104698,2024-09-25,2024-10-02,Standard Class,EP-10685,Edward Perry,Consumer,United States,Houston,Texas,43686,Central,FUR-CH-0000018,Furniture,Chairs,Deluxe Task Chair,1042.5146,3,0.0,142.112
219,US-2021-100126,2021-03-03,2021-03-07,Second Class,JH-10072,Jason Hughes,Consumer,United States,Chicago,Illinois,85707,Central,OFF-BI-0000083,Office Supplies,Binders,Premium Clip Binder,44.9144,3,0.7,-19.2356
995,US-2021-100552,2021-08-09,2021-08-15,Standard Class,KB-10703,Kevin Baker,Consumer,United States,Phoenix,Arizona,33472,West,OFF-LA-0000119,Office Supplies,Labels,Wireless File Folder Label,18.5543,1,0.0,6.8949
8485,US-2024-104852,2024-11-01,2024-11-07,Standard Class,EG-10049,Edward Garcia,Consumer,United States,Atlanta,Georgia,54472,South,OFF-PA-0000137,Office Supplies,Paper,Compact Copy Paper,154.1932,6,0.0,70.5695
2295,US-2022-101295,2022-02-26,2022-02-28,First Class,KP-10462,Kevin Parker,Consumer,United States,Minneapolis,Minnesota,47014,Central,TEC-PH-0000208,Technology,Phones,Deluxe Desk Phone,812.7291,6,0.3,41.2057
814,US-2021-100457,2021-07-10,2021-07-15,Second Class,ZE-10767,Zachary Edwards,Corporate,United States,Columbus,Ohio,98621,East,FUR-TA-0000048,Furniture,Tables,Heavy-Duty Folding Table,762.6542,3,0.6,-548.9953
1930,US-2021-101083,2021-12-20,2021-12-23,Second Class,MW-10043,Marcus Wright,Consumer,United States,Chicago,Illinois,14904,Central,OFF-FA-0000113,Office Supplies,Fasteners,Executive Binder Clip Set,68.342,5,0.0,25.0909
3128,US-2022-101780,2022-08-10,2022-08-15,Standard Class,XD-10779,Xavier Diaz,Corporate,United States,Los Angeles,California,98280,West,TEC-MA-0000196,Technology,Machines,Standard Scanner,6550.2501,5,0.0,365.0916
474,US-2021-100273,2021-05-02,2021-05-06,Standard Class,AM-10337,Adam Martin,Home Office,United States,Boston,Massachusetts,82893,East,OFF-SU-0000158,Office Supplies,Supplies,Classic Tape Dispenser,103.2214,2,0.1,-5.1295
5733,US-2023-103270,2023-09-27,2023-10-04,Standard Class,PM-10578,Patrick Martin,Consumer,United States,Houston,Texas,89811,Central,TEC-MA-0000188,Technology,Machines,Deluxe Scanner,765.6209,1,0.4,-320.8196
4366,US-2023-102487,2023-02-14,2023-02-19,Second Class,IN-10347,Irene Nguyen,Corporate,United States,Boston,Massachusetts,65351,East,TEC-CO-0000179,Technology,Copiers,Classic Desktop Copier,592.2942,1,0.4,-49.788
5791,US-2023-103304,2023-10-04,2023-10-11,Standard Class,WH-10700,Walter Harris,Consumer,United States,Dallas,Texas,22713,Central,FUR-TA-0000050,Furniture,Tables,Adjustable Training Table,1848.3467,3,0.0,-117.5392
5900,US-2023-103368,2023-10-19,2023-10-25,Standard Class,ZB-10444,Zachary Bennett,Consumer,United States,New York City,New York,72076,East,OFF-FA-0000116,Office Supplies,Fasteners,Executive Paper Clip Box,62.8781,7,0.1,16.4973
104,US-2021-100057,2021-01-28,2021-02-02,Second Class,ZB-10657,Zachary Brooks,Corporate,United States,San Francisco,California,23897,West,FUR-BO-0000009,Furniture,Bookcases,Advanced Wall Shelf,462.6062,3,0.5,-203.8657
260,US-2021-100148,2021-03-11,2021-03-15,Standard Class,JR-10402,Jason Reed,Consumer,United States,Columbus,Ohio,85228,East,TEC-MA-0000196,Technology,Machines,Standard Scanner,721.0568,1,0.0,-75.8226
2769,US-2022-101559,2022-06-02,2022-06-04,First Class,JR-10255,Jane Rivera,Consumer,United States,Newark,New Jersey,93424,East,OFF-LA-0000119,Office Supplies,Labels,Wireless File Folder Label,18.129,1,0.0,4.2417
6521,US-2023-103722,2023-12-21,2023-12-26,Standard Class,AR-10000,Andrew Ross,Consumer,United States,Boston,Massachusetts,87272,East,FUR-CH-0000018,Furniture,Chairs,Deluxe Task Chair,1791.4417,5,0.1,270.0337
3376,US-2022-101924,2022-09-20,2022-09-21,Same Day,TS-10120,Thomas Stewart,Corporate,United States,Charlotte,North Carolina,18984,South,OFF-AR-0000068,Office Supplies,Art,Recycled Sketch Pad,23.9312,1,0.0,6.5368
6891,US-2024-103929,2024-02-26,2024-03-03,Standard Class,MK-10789,Michael Kelly,Consumer,United States,Minneapolis,Minnesota,20748,Central,TEC-PH-0000201,Technology,Phones,Compact Smartphone,581.8278,2,0.2,51.1623
3901,US-2022-102222,2022-11-28,2022-12-05,Standard Class,NH-10626,Nancy Hughes,Corporate,United States,Detroit,Michigan,61773,Central,FUR-BO-0000007,Furniture,Bookcases,Deluxe Storage Cabinet,720.2053,4,0.3,-137.4321
2248,US-2022-101270,2022-02-18,2022-02-25,Standard Class,WM-10094,Wendy Morgan,Consumer,United States,Newark,New Jersey,46040,East,TEC-CO-0000177,Technology,Copiers,Recycled Multifunction Copier,2123.2658,2,0.0,619.1518
8482,US-2024-104851,2024-11-01,2024-11-05,Standard Class,SH-10153,Steven Hayes,Corporate,United States,Miami,Florida,71318,South,FUR-BO-0000009,Furniture,Bookcases,Advanced Wall Shelf,465.6465,2,0.3,-62.2566
6182,US-2023-103530,2023-11-20,2023-11-26,Standard Class,NM-10797,Nancy Martin,Home Office,United States,Houston,Texas,49145,Central,TEC-PH-0000201,Technology,Phones,Compact Smartphone,224.8819,1,0.1,34.9304
7018,US-2024-104001,2024-03-19,2024-03-26,Standard Class,AW-10051,Amy Wright,Corporate,United States,Chicago,Illinois,37986,Central,FUR-CH-0000018,Furniture,Chairs,Deluxe Task Chair,592.677,2,0.2,-38.4322
5538,US-2023-103149,2023-09-02,2023-09-09,Standard Class,AR-10000,Andrew Ross,Consumer,United States,Boston,Massachusetts,87272,East,OFF-PA-0000132,Office Supplies,Paper,Standard Legal Pad,26.9638,2,0.1,7.7352
2918,US-2022-101652,2022-06-29,2022-07-01,First Class,DS-10144,Daniel Shah,Consumer,United States,Dallas,Texas,41290,Central,TEC-PH-0000211,Technology,Phones,Heavy-Duty Desk Phone,1161.9049,7,0.2,52.1084
1170,US-2021-100653,2021-09-10,2021-09-16,Standard Class,WC-10359,Wendy Collins,Consumer,United States,Atlanta,Georgia,32951,South,OFF-BI-0000088,Office Supplies,Binders,Executive Ring Binder,64.5325,3,0.5,-13.3985
1283,US-2021-100719,2021-09-30,2021-10-05,Second Class,AP-10360,Anna Perry,Consumer,United States,Phoenix,Arizona,88874,West,OFF-AR-0000077,Office Supplies,Art,Classic Marker Pack,263.2413,5,0.2,20.3682
6344,US-2023-103621,2023-12-06,2023-12-12,Standard Class,AS-10188,Amy Shah,Home Office,United States,Minneapolis,Minnesota,65325,Central,FUR-CH-0000017,Furniture,Chairs,Advanced Office Chair,584.7261,2,0.0,67.2303
729,US-2021-100408,2021-06-18,2021-06-22,Standard Class,JC-10503,Jason Clark,Home Office,United States,Richmond,Virginia,43161,South,OFF-AR-0000070,Office Supplies,Art,Pro Marker Pack,31.4713,1,0.0,8.0778
3250,US-2022-101852,2022-08-31,2022-09-07,Standard Class,DB-10598,Daniel Brooks,Corporate,United States,Chicago,Illinois,13360,Central,TEC-PH-0000208,Technology,Phones,Deluxe Desk Phone,145.2243,1,0.4,-23.8484
7505,US-2024-104299,2024-06-11,2024-06-17,Standard Class,PR-10083,Patrick Reed,Corporate,United States,Minneapolis,Minnesota,61293,Central,OFF-EN-0000092,Office Supplies,Envelopes,Heavy-Duty Catalog Envelope,11.7429,1,0.2,1.6932
1691,US-2021-100946,2021-11-19,2021-11-23,Second Class,HL-10456,Henry Lee,Corporate,United States,Boston,Massachusetts,92975,East,OFF-AR-0000079,Office Supplies,Art,Advanced Pencil Set,32.4145,1,0.1,7.9942
2993,US-2022-101697,2022-07-12,2022-07-16,Standard Class,WE-10386,Walter Edwards,Consumer,United States,Seattle,Washington,38338,West,OFF-LA-0000119,Office Supplies,Labels,Wireless File Folder Label,16.7227,1,0.0,4.4105
3669,US-2022-102093,2022-11-01,2022-11-04,First Class,JB-10183,Jane Brooks,Corporate,United States,Detroit,Michigan,90373,Central,OFF-BI-0000088,Office Supplies,Binders,Executive Ring Binder,77.2601,3,0.3,4.6475
3490,US-2022-101990,2022-10-05,2022-10-12,Standard Class,BW-10518,Brian Watson,Home Office,United States,Los Angeles,California,41806,West,FUR-FU-0000026,Furniture,Furnishings,Wireless Desk Lamp,172.0483,4,0.0,41.5838
5616,US-2023-103196,2023-09-11,2023-09-17,Standard Class,MP-10568,Marcus Parker,Corporate,United States,Columbus,Ohio,68683,East,OFF-EN-0000091,Office Supplies,Envelopes,Heavy-Duty Security Envelope,55.574,2,0.1,11.8631
3748,US-2022-102138,2022-11-11,2022-11-18,Standard Class,CE-10782,Carol Edwards,Consumer,United States,Portland,Oregon,93147,West,TEC-CO-0000181,Technology,Copiers,Compact Multifunction Copier,2158.551,1,0.0,470.0668
551,US-2021-100316,2021-05-16,2021-05-20,Standard Class,BF-10570,Brian Foster,Corporate,United States,Detroit,Michigan,81928,Central,FUR-FU-0000036,Furniture,Furnishings,Standard Wall Clock,133.8439,2,0.0,39.6465
7240,US-2024-104138,2024-04-26,2024-04-29,First Class,AE-10007,Adam Edwards,Corporate,United States,Phoenix,Arizona,35324,West,OFF-SU-0000153,Office Supplies,Supplies,Recycled Tape Dispenser,59.5627,2,0.3,-6.3447
6766,US-2024-103855,2024-01-28,2024-01-31,First Class,NR-10029,Nathan Ross,Consumer,United States,Phoenix,Arizona,58245,West,OFF-LA-0000119,Office Supplies,Labels,Wireless File Folder Label,30.5848,2,0.2,9.0739
8953,US-2024-105096,2024-12-14,2024-12-19,Standard Class,DG-10321,Daniel Green,Consumer,United States,Atlanta,Georgia,24183,South,OFF-AR-0000079,Office Supplies,Art,Advanced Pencil Set,69.0779,3,0.0,16.0973
1263,US-2021-100709,2021-09-28,2021-10-01,Second Class,AM-10763,Aaron Mitchell,Home Office,United States,New York City,New York,60816,East,TEC-MA-0000186,Technology,Machines,Executive Label Printer,4969.9957,5,0.0,618.3099
4653,US-2023-102648,2023-04-04,2023-04-09,Standard Class,KP-10462,Kevin Parker,Consumer,United States,Minneapolis,Minnesota,47014,Central,OFF-BI-0000090,Office Supplies,Binders,Advanced Ring Binder,177.9613,5,0.0,71.5665
5170,US-2023-102939,2023-06-29,2023-07-03,Standard Class,CC-10544,Chris Chen,Consumer,United States,Charlotte,North Carolina,86867,South,OFF-EN-0000104,Office Supplies,Envelopes,Deluxe Security Envelope,29.0679,1,0.0,13.6086
4652,US-2023-102648,2023-04-04,2023-04-09,Standard Class,KP-10462,Kevin Parker,Consumer,United States,Minneapolis,Minnesota,47014,Central,OFF-EN-0000096,Office Supplies,Envelopes,Compact Clasp Envelope,30.8329,2,0.0,9.5503
8755,US-2024-104995,2024-11-28,2024-12-05,Standard Class,XC-10455,Xavier Cooper,Home Office,United States,New York City,New York,42769,East,OFF-AR-0000068,Office Supplies,Art,Recycled Sketch Pad,91.2475,2,0.0,18.8001
6973,US-2024-103980,2024-03-14,2024-03-18,Standard Class,JC-10786,Jane Clark,Consumer,United States,Charlotte,North Carolina,75351,South,OFF-BI-0000087,Office Supplies,Binders,Deluxe View Binder,51.4861,3,0.2,7.5984
4780,US-2023-102720,2023-04-21,2023-04-27,Standard Class,AR-10000,Andrew Ross,Consumer,United States,Boston,Massachusetts,87272,East,TEC-MA-0000191,Technology,Machines,Recycled Laser Printer,8586.4501,6,0.0,327.8479
2041,US-2022-101156,2022-01-05,2022-01-11,Standard Class,MC-10509,Marcus Clark,Consumer,United States,Dallas,Texas,92909,Central,FUR-CH-0000021,Furniture,Chairs,Wireless Stacking Chair,631.853,2,0.0,106.1504
6467,US-2023-103693,2023-12-17,2023-12-24,Standard Class,MW-10250,Michael Watson,Corporate,United States,Newark,New Jersey,70065,East,OFF-AR-0000074,Office Supplies,Art,Pro Marker Pack,45.0011,2,0.0,8.7887
4198,US-2022-102380,2022-12-28,2022-12-31,Second Class,HR-10113,Henry Rivera,Consumer,United States,Boston,Massachusetts,77523,East,OFF-SU-0000161,Office Supplies,Supplies,Classic Scissors Set,78.2563,2,0.2,-6.7622
3466,US-2022-101975,2022-10-03,2022-10-07,Second Class,AE-10007,Adam Edwards,Corporate,United States,Phoenix,Arizona,35324,West,TEC-PH-0000209,Technology,Phones,Recycled Desk Phone,1124.973,4,0.3,-42.2627
8546,US-2024-104882,2024-11-07,2024-11-12,Standard Class,XN-10601,Xavier Nguyen,Corporate,United States,Seattle,Washington,96862,West,FUR-FU-0000027,Furniture,Furnishings,Wireless Wall Clock,163.8064,4,0.3,11.0997
6466,US-2023-103693,2023-12-17,2023-12-24,Standard Class,MW-10250,Michael Watson,Corporate,United States,Newark,New Jersey,70065,East,TEC-MA-0000197,Technology,Machines,Recycled Scanner,959.8306,1,0.0,29.7263
1647,US-2021-100919,2021-11-15,2021-11-20,Standard Class,WB-10322,Walter Baker,Corporate,United States,Phoenix,Arizona,13484,West,OFF-AP-0000056,Office Supplies,Appliances,Heavy-Duty Air Purifier,584.7531,6,0.5,-117.0747
5192,US-2023-102952,2023-07-03,2023-07-10,Standard Class,RR-10514,Robert Reed,Consumer,United States,Seattle,Washington,84612,West,OFF-AR-0000074,Office Supplies,Art,Pro Marker Pack,23.4668,1,0.0,5.9298
2724,US-2022-101534,2022-05-25,2022-05-31,Standard Class,ZN-10597,Zoe Nguyen,Home Office,United States,Phoenix,Arizona,53396,West,OFF-LA-0000126,Office Supplies,Labels,Pro Address Label,42.8987,3,0.2,8.1702
1650,US-2021-100921,2021-11-16,2021-11-21,Standard Class,OP-10364,Olivia Patel,Consumer,United States,Portland,Oregon,39229,West,TEC-AC-0000165,Technology,Accessories,Adjustable Mouse,100.9942,1,0.1,14.7561
6392,US-2023-103646,2023-12-10,2023-12-16,Standard Class,AS-10028,Andrew Scott,Corporate,United States,Seattle,Washington,93234,West,TEC-CO-0000178,Technology,Copiers,Adjustable Multifunction Copier,1349.2642,1,0.0,488.4043
1489,US-2021-100831,2021-10-27,2021-10-31,Standard Class,AS-10227,Andrew Stewart,Consumer,United States,Minneapolis,Minnesota,71668,Central,OFF-AR-0000077,Office Supplies,Art,Classic Marker Pack,57.7243,1,0.1,9.5299
6294,US-2023-103595,2023-12-03,2023-12-10,Standard Class,CS-10551,Carol Simmons,Home Office,United States,Phoenix,Arizona,57431,West,TEC-CO-0000174,Technology,Copiers,Advanced Multifunction Copier,2595.0158,3,0.1,814.2536
3756,US-2022-102142,2022-11-12,2022-11-15,First Class,KS-10417,Karen Scott,Consumer,United States,Phoenix,Arizona,16151,West,FUR-CH-0000019,Furniture,Chairs,Wireless Stacking Chair,1358.3966,4,0.1,68.9521
4014,US-2022-102286,2022-12-08,2022-12-13,Second Class,ZB-10657,Zachary Brooks,Corporate,United States,San Francisco,California,23897,West,OFF-FA-0000111,Office Supplies,Fasteners,Classic Staple Pack,15.4626,1,0.0,6.1879
8540,US-2024-104878,2024-11-06,2024-11-11,Standard Class,FC-10563,Frank Carter,Home Office,United States,Nashville,Tennessee,57625,South,FUR-TA-0000053,Furniture,Tables,Heavy-Duty Folding Table,1965.0009,6,0.2,-392.904
247,US-2021-100142,2021-03-09,2021-03-15,Standard Class,JK-10030,Julia Kelly,Home Office,United States,Columbus,Ohio,30931,East,OFF-AR-0000068,Office Supplies,Art,Recycled Sketch Pad,50.6095,2,0.0,15.8227
527,US-2021-100298,2021-05-10,2021-05-15,Standard Class,MG-10697,Maria Green,Consumer,United States,Atlanta,Georgia,48587,South,FUR-FU-0000034,Furniture,Furnishings,Executive Wall Clock,132.13,2,0.0,19.0708
5547,US-2023-103154,2023-09-04,2023-09-10,Standard Class,QF-10346,Quinn Foster,Consumer,United States,Los Angeles,California,55108,West,OFF-ST-0000150,Office Supplies,Storage,Premium Archive Case,193.1951,1,0.0,18.5737
5601,US-2023-103185,2023-09-08,2023-09-13,Standard Class,SL-10715,Steven Lee,Consumer,United States,Nashville,Tennessee,70518,South,OFF-AR-0000079,Office Supplies,Art,Advanced Pencil Set,101.1273,3,0.0,25.8261
3991,US-2022-102272,2022-12-06,2022-12-08,First Class,DG-10009,Diane Garcia,Home Office,United States,Detroit,Michigan,42562,Central,OFF-AR-0000068,Office Supplies,Art,Recycled Sketch Pad,32.907,1,0.1,4.4879
8941,US-2024-105089,2024-12-12,2024-12-17,Standard Class,OP-10364,Olivia Patel,Consumer,United States,Portland,Oregon,39229,West,OFF-AR-0000072,Office Supplies,Art,Classic Pencil Set,22.1171,1,0.2,2.1005
2238,US-2022-101266,2022-02-16,2022-02-22,Standard Class,QT-10284,Quinn Turner,Corporate,United States,Detroit,Michigan,97280,Central,TEC-AC-0000168,Technology,Accessories,Wireless Webcam,352.4423,3,0.0,47.5222
2570,US-2022-101447,2022-04-21,2022-04-26,Standard Class,YC-10315,Yolanda Carter,Consumer,United States,Chicago,Illinois,13024,Central,TEC-AC-0000170,Technology,Accessories,Advanced Webcam,335.3999,3,0.0,61.6399
6890,US-2024-103929,2024-02-26,2024-03-03,Standard Class,MK-10789,Michael Kelly,Consumer,United States,Minneapolis,Minnesota,20748,Central,FUR-TA-0000050,Furniture,Tables,Adjustable Training Table,1753.3707,5,0.2,-337.8445
7809,US-2024-104477,2024-07-30,2024-08-05,Standard Class,JE-10258,Jack Edwards,Consumer,United States,Houston,Texas,32960,Central,FUR-BO-0000007,Furniture,Bookcases,Deluxe Storage Cabinet,460.7664,2,0.3,-78.7251
8142,US-2024-104660,2024-09-17,2024-09-21,Standard Class,RH-10733,Robert Hughes,Home Office,United States,San Francisco,California,34631,West,OFF-ST-0000150,Office Supplies,Storage,Premium Archive Case,198.2946,2,0.1,-8.1517
6583,US-2023-103758,2023-12-27,2024-01-01,Standard Class,DB-10061,Diane Baker,Corporate,United States,Newark,New Jersey,14382,East,OFF-ST-0000141,Office Supplies,Storage,Classic Archive Case,444.2172,3,0.0,25.2717
3330,US-2022-101895,2022-09-12,2022-09-18,Standard Class,VE-10492,Victor Edwards,Consumer,United States,Charlotte,North Carolina,65932,South,TEC-PH-0000212,Technology,Phones,Recycled Conference Phone,450.2286,2,0.0,100.0133
4512,US-2023-102571,2023-03-14,2023-03-17,First Class,IN-10347,Irene Nguyen,Corporate,United States,Boston,Massachusetts,65351,East,FUR-CH-0000018,Furniture,Chairs,Deluxe Task Chair,315.3497,1,0.1,19.2103
517,US-2021-100294,2021-05-10,2021-05-17,Standard Class,IP-10531,Irene Parker,Consumer,United States,San Francisco,California,93648,West,FUR-FU-0000027,Furniture,Furnishings,Wireless Wall Clock,109.4908,2,0.0,33.4365
45,US-2021-100026,2021-01-12,2021-01-18,Standard Class,ZL-10732,Zoe Long,Corporate,United States,Houston,Texas,48467,Central,OFF-AP-0000059,Office Supplies,Appliances,Recycled Air Purifier,206.3628,5,0.6,-82.6395
8806,US-2024-105021,2024-12-02,2024-12-08,Standard Class,NK-10378,Nathan Kumar,Corporate,United States,Seattle,Washington,40841,West,FUR-TA-0000049,Furniture,Tables,Deluxe Training Table,2366.9888,4,0.0,-42.9501
7003,US-2024-103994,2024-03-19,2024-03-26,Standard Class,IG-10468,Irene Green,Consumer,United States,Miami,Florida,86090,South,OFF-ST-0000143,Office Supplies,Storage,Recycled Filing Box,647.7582,5,0.0,94.2758
4876,US-2023-102776,2023-05-08,2023-05-13,Standard Class,JF-10562,Jane Fisher,Corporate,United States,Portland,Oregon,85847,West,OFF-AP-0000062,Office Supplies,Appliances,Heavy-Duty Microwave,316.3525,2,0.0,72.4175
960,US-2021-100529,2021-08-02,2021-08-07,Standard Class,DR-10736,Diane Russell,Home Office,United States,New York City,New York,58729,East,TEC-PH-0000205,Technology,Phones,Advanced Smartphone,300.2765,2,0.2,8.2159
7864,US-2024-104511,2024-08-07,2024-08-13,Standard Class,XD-10779,Xavier Diaz,Corporate,United States,Los Angeles,California,98280,West,OFF-AR-0000079,Office Supplies,Art,Advanced Pencil Set,70.3637,2,0.0,11.6709
4262,US-2023-102423,2023-01-15,2023-01-22,Standard Class,KW-10383,Kevin Wright,Consumer,United States,Nashville,Tennessee,48077,South,OFF-SU-0000154,Office Supplies,Supplies,Deluxe Scissors Set,41.0215,1,0.0,0.4549
6413,US-2023-103661,2023-12-13,2023-12-17,Second Class,CB-10195,Carol Baker,Corporate,United States,Columbus,Ohio,41034,East,TEC-MA-0000196,Technology,Machines,Standard Scanner,859.2335,3,0.5,-420.6073
3589,US-2022-102048,2022-10-20,2022-10-27,Standard Class,PD-10599,Paula Diaz,Corporate,United States,Houston,Texas,77492,Central,FUR-TA-0000041,Furniture,Tables,Pro Training Table,789.0136,2,0.4,-300.0928
6250,US-2023-103569,2023-11-27,2023-12-01,Standard Class,MT-10725,Marcus Turner,Consumer,United States,San Francisco,California,85447,West,OFF-EN-0000102,Office Supplies,Envelopes,Executive Catalog Envelope,61.1186,2,0.0,23.2615
3831,US-2022-102182,2022-11-22,2022-11-25,Second Class,FC-10592,Frank Clark,Corporate,United States,Dallas,Texas,45618,Central,OFF-EN-0000102,Office Supplies,Envelopes,Executive Catalog Envelope,114.6085,6,0.0,31.67
3634,US-2022-102073,2022-10-26,2022-11-02,Standard Class,MK-10534,Michael Kumar,Corporate,United States,Chicago,Illinois,48405,Central,OFF-BI-0000084,Office Supplies,Binders,Classic Ring Binder,36.7075,2,0.4,1.5585
9117,US-2024-105189,2024-12-31,2025-01-07,Standard Class,LL-10790,Linda Long,Home Office,United States,Miami,Florida,88329,South,OFF-SU-0000154,Office Supplies,Supplies,Deluxe Scissors Set,75.5246,2,0.2,-8.6074
7649,US-2024-104388,2024-07-05,2024-07-11,Standard Class,FF-10385,Frank Fisher,Corporate,United States,Los Angeles,California,93678,West,OFF-AP-0000063,Office Supplies,Appliances,Executive Microwave,168.3617,2,0.3,-0.4139
5254,US-2023-102990,2023-07-15,2023-07-19,Standard Class,HC-10314,Henry Clark,Consumer,United States,Atlanta,Georgia,63528,South,OFF-AP-0000056,Office Supplies,Appliances,Heavy-Duty Air Purifier,220.2234,1,0.0,61.6134
193,US-2021-100110,2021-02-26,2021-03-05,Standard Class,EF-10663,Elena Foster,Corporate,United States,New York City,New York,42826,East,FUR-FU-0000033,Furniture,Furnishings,Pro Desk Lamp,116.8051,3,0.0,30.8165
6985,US-2024-103985,2024-03-15,2024-03-19,Second Class,RW-10717,Robert Wells,Corporate,United States,Philadelphia,Pennsylvania,84037,East,TEC-AC-0000164,Technology,Accessories,Recycled Headset,70.1295,1,0.3,0.2366
8312,US-2024-104758,2024-10-10,2024-10-12,First Class,OP-10364,Olivia Patel,Consumer,United States,Portland,Oregon,39229,West,TEC-AC-0000165,Technology,Accessories,Adjustable Mouse,354.5198,4,0.0,89.7313
4820,US-2023-102744,2023-04-28,2023-05-02,Second Class,CG-10117,Chris Garcia,Home Office,United States,Columbus,Ohio,70898,East,TEC-AC-0000164,Technology,Accessories,Recycled Headset,105.6888,1,0.0,21.2924
2141,US-2022-101208,2022-01-25,2022-01-28,First Class,TS-10120,Thomas Stewart,Corporate,United States,Charlotte,North Carolina,18984,South,FUR-BO-0000004,Furniture,Bookcases,Deluxe Storage Cabinet,160.8053,1,0.4,-62.5739
7061,US-2024-104026,2024-03-27,2024-03-30,Second Class,WB-10322,Walter Baker,Corporate,United States,Phoenix,Arizona,13484,West,OFF-LA-0000119,Office Supplies,Labels,Wireless File Folder Label,25.5921,1,0.0,8.1587
5907,US-2023-103373,2023-10-20,2023-10-26,Standard Class,JD-10632,Jack Diaz,Corporate,United States,Detroit,Michigan,70952,Central,OFF-ST-0000143,Office Supplies,Storage,Recycled Filing Box,669.0345,4,0.1,31.8529
8522,US-2024-104868,2024-11-04,2024-11-10,Standard Class,DB-10061,Diane Baker,Corporate,United States,Newark,New Jersey,14382,East,TEC-CO-0000180,Technology,Copiers,Standard Desktop Copier,1888.8369,1,0.0,573.5282
6956,US-2024-103970,2024-03-09,2024-03-14,Second Class,KS-10345,Karen Sanders,Consumer,United States,Philadelphia,Pennsylvania,82538,East,TEC-MA-0000192,Technology,Machines,Standard Label Printer,3426.5575,5,0.4,-870.7908
5066,US-2023-102877,2023-06-13,2023-06-18,Standard Class,DS-10272,David Scott,Consumer,United States,Dallas,Texas,67884,Central,OFF-FA-0000107,Office Supplies,Fasteners,Adjustable Binder Clip Set,22.4424,2,0.0,6.4312
9087,US-2024-105170,2024-12-27,2024-12-31,Second Class,MC-10630,Maria Carter,Home Office,United States,Seattle,Washington,74367,West,TEC-MA-0000198,Technology,Machines,Classic Label Printer,3076.1755,4,0.0,348.5768
4216,US-2023-102392,2023-01-01,2023-01-07,Standard Class,NG-10245,Nathan Garcia,Consumer,United States,Seattle,Washington,58897,West,TEC-PH-0000210,Technology,Phones,Standard Desk Phone,794.9542,3,0.2,60.5108
6223,US-2023-103552,2023-11-23,2023-11-23,Same Day,PP-10647,Patrick Perry,Corporate,United States,Dallas,Texas,86162,Central,OFF-SU-0000153,Office Supplies,Supplies,Recycled Tape Dispenser,72.6864,1,0.2,-7.3895
4868,US-2023-102771,2023-05-07,2023-05-12,Standard Class,DF-10149,Daniel Fisher,Corporate,United States,Los Angeles,California,49493,West,TEC-MA-0000197,Technology,Machines,Recycled Scanner,1320.4769,1,0.2,-151.8855
6050,US-2023-103451,2023-11-03,2023-11-07,Second Class,NM-10797,Nancy Martin,Home Office,United States,Houston,Texas,49145,Central,OFF-AP-0000056,Office Supplies,Appliances,Heavy-Duty Air Purifier,431.369,6,0.5,-97.5651
5465,US-2023-103108,2023-08-24,2023-08-31,Standard Class,KS-10352,Kevin Stewart,Corporate,United States,Dallas,Texas,31642,Central,TEC-MA-0000195,Technology,Machines,Classic Label Printer,170.6205,1,0.7999999999999999,-145.5228
6980,US-2024-103983,2024-03-14,2024-03-18,Standard Class,VW-10271,Vivian Watson,Consumer,United States,Richmond,Virginia,76515,South,OFF-PA-0000133,Office Supplies,Paper,Recycled Notebook,31.1966,1,0.2,4.5013
588,US-2021-100332,2021-05-21,2021-05-26,Standard Class,DL-10766,Daniel Long,Corporate,United States,Chicago,Illinois,94541,Central,TEC-PH-0000211,Technology,Phones,Heavy-Duty Desk Phone,257.8952,2,0.2,-6.8866
6658,US-2024-103796,2024-01-04,2024-01-09,Second Class,PT-10172,Patrick Turner,Corporate,United States,Phoenix,Arizona,61194,West,OFF-FA-0000118,Office Supplies,Fasteners,Heavy-Duty Staple Pack,9.4111,1,0.0,2.8777
1160,US-2021-100646,2021-09-08,2021-09-12,Standard Class,AS-10524,Adam Stewart,Consumer,United States,Charlotte,North Carolina,89246,South,FUR-FU-0000038,Furniture,Furnishings,Premium Desk Lamp,78.8104,1,0.1,10.5332
1396,US-2021-100776,2021-10-12,2021-10-15,Second Class,NB-10269,Nathan Brooks,Home Office,United States,Columbus,Ohio,20712,East,FUR-CH-0000018,Furniture,Chairs,Deluxe Task Chair,413.2108,1,0.0,66.7155
8670,US-2024-104953,2024-11-21,2024-11-24,First Class,AM-10392,Adam Morgan,Corporate,United States,Portland,Oregon,26031,West,OFF-FA-0000112,Office Supplies,Fasteners,Compact Staple Pack,76.4285,7,0.0,22.6716
3728,US-2022-102126,2022-11-09,2022-11-15,Standard Class,NS-10493,Nancy Stewart,Corporate,United States,Los Angeles,California,69258,West,FUR-BO-0000002,Furniture,Bookcases,Advanced Storage Cabinet,626.2129,2,0.0,73.177
129,US-2021-100071,2021-02-03,2021-02-07,Second Class,JW-10549,Jason Wells,Consumer,United States,Atlanta,Georgia,13311,South,TEC-AC-0000167,Technology,Accessories,Standard Headset,103.3526,1,0.1,16.0874
1759,US-2021-100982,2021-11-29,2021-12-06,Standard Class,NB-10143,Nathan Bennett,Corporate,United States,Miami,Florida,52209,South,FUR-CH-0000022,Furniture,Chairs,Adjustable Stacking Chair,2275.4902,6,0.0,267.5125
7692,US-2024-104414,2024-07-14,2024-07-16,First Class,FS-10690,Frank Shah,Home Office,United States,Detroit,Michigan,58393,Central,OFF-BI-0000090,Office Supplies,Binders,Advanced Ring Binder,25.5554,2,0.2,5.5397
6563,US-2023-103747,2023-12-26,2023-12-31,Standard Class,ZC-10285,Zoe Cooper,Corporate,United States,New York City,New York,68572,East,OFF-PA-0000139,Office Supplies,Paper,Classic Legal Pad,31.3747,1,0.0,9.6526
7510,US-2024-104303,2024-06-13,2024-06-18,Standard Class,GC-10138,Grace Clark,Consumer,United States,San Francisco,California,97815,West,TEC-MA-0000188,Technology,Machines,Deluxe Scanner,7521.094,5,0.0,964.8506
235,US-2021-100135,2021-03-05,2021-03-11,Standard Class,AC-10573,Amy Carter,Corporate,United States,Boston,Massachusetts,24078,East,OFF-SU-0000158,Office Supplies,Supplies,Classic Tape Dispenser,57.2928,1,0.0,0.4544
240,US-2021-100138,2021-03-07,2021-03-10,Second Class,SK-10147,Susan Kelly,Corporate,United States,San Francisco,California,34608,West,OFF-ST-0000143,Office Supplies,Storage,Recycled Filing Box,605.4371,3,0.0,45.2477
2409,US-2022-101360,2022-03-23,2022-03-30,Standard Class,JS-10446,Jason Stewart,Consumer,United States,Phoenix,Arizona,61686,West,TEC-CO-0000182,Technology,Copiers,Advanced Multifunction Copier,4099.9117,4,0.0,1359.4245
864,US-2021-100481,2021-07-16,2021-07-22,Standard Class,EG-10775,Elena Green,Consumer,United States,Boston,Massachusetts,59769,East,TEC-AC-0000165,Technology,Accessories,Adjustable Mouse,219.0201,2,0.0,47.6455
5425,US-2023-103085,2023-08-16,2023-08-22,Standard Class,GR-10585,Grace Reed,Consumer,United States,San Francisco,California,39627,West,TEC-MA-0000192,Technology,Machines,Standard Label Printer,756.4409,1,0.3,-99.8551
8976,US-2024-105109,2024-12-18,2024-12-20,First Class,KA-10431,Karen Adams,Consumer,United States,Columbus,Ohio,65626,East,FUR-CH-0000018,Furniture,Chairs,Deluxe Task Chair,809.3351,2,0.0,81.1127
2496,US-2022-101407,2022-04-06,2022-04-12,Standard Class,CR-10712,Chris Ross,Corporate,United States,Los Angeles,California,81136,West,FUR-FU-0000037,Furniture,Furnishings,Adjustable Photo Frame,280.0966,6,0.1,39.2206
4427,US-2023-102519,2023-02-26,2023-03-02,Standard Class,SL-10355,Susan Long,Corporate,United States,Minneapolis,Minnesota,48122,Central,OFF-BI-0000083,Office Supplies,Binders,Premium Clip Binder,33.4119,1,0.2,5.47
1821,US-2021-101015,2021-12-07,2021-12-10,First Class,ZB-10657,Zachary Brooks,Corporate,United States,San Francisco,California,23897,West,TEC-PH-0000203,Technology,Phones,Compact Smartphone,422.6854,2,0.1,51.7342
6918,US-2024-103945,2024-03-03,2024-03-08,Standard Class,RC-10538,Robert Collins,Consumer,United States,New York City,New York,16401,East,FUR-FU-0000033,Furniture,Furnishings,Pro Desk Lamp,40.172,1,0.0,11.2233
5513,US-2023-103132,2023-08-31,2023-09-04,Standard Class,SL-10577,Susan Lewis,Consumer,United States,Newark,New Jersey,45347,East,OFF-AP-0000055,Office Supplies,Appliances,Executive Air Purifier,115.4881,1,0.0,29.4501
4689,US-2023-102671,2023-04-10,2023-04-16,Standard Class,JC-10792,Jack Carter,Corporate,United States,Boston,Massachusetts,76016,East,OFF-FA-0000111,Office Supplies,Fasteners,Classic Staple Pack,15.111,1,0.0,4.1541
2983,US-2022-101693,2022-07-11,2022-07-18,Standard Class,JB-10559,Julia Bennett,Corporate,United States,Richmond,Virginia,62326,South,TEC-CO-0000174,Technology,Copiers,Advanced Multifunction Copier,1923.9918,2,0.0,478.8048
384,US-2021-100216,2021-04-14,2021-04-21,Standard Class,OJ-10105,Olivia Jenkins,Home Office,United States,Portland,Oregon,68033,West,TEC-MA-0000188,Technology,Machines,Deluxe Scanner,931.7803,2,0.4,-266.8811
3855,US-2022-102195,2022-11-23,2022-11-29,Standard Class,SE-10273,Sandra Evans,Corporate,United States,San Francisco,California,62903,West,OFF-AP-0000059,Office Supplies,Appliances,Recycled Air Purifier,100.9401,2,0.6,-40.5334
7642,US-2024-104383,2024-07-04,2024-07-08,Second Class,KL-10718,Kevin Lewis,Home Office,United States,San Francisco,California,20113,West,TEC-MA-0000193,Technology,Machines,Adjustable Label Printer,2773.8694,2,0.0,151.8508
7595,US-2024-104355,2024-06-27,2024-06-30,First Class,EG-10537,Elena Garcia,Consumer,United States,Houston,Texas,65310,Central,OFF-AR-0000072,Office Supplies,Art,Classic Pencil Set,54.7011,2,0.0,16.8533
3208,US-2022-101824,2022-08-23,2022-08-29,Standard Class,AN-10457,Alice Nguyen,Corporate,United States,Columbus,Ohio,10396,East,OFF-BI-0000090,Office Supplies,Binders,Advanced Ring Binder,49.6085,2,0.0,18.3217
3261,US-2022-101858,2022-09-03,2022-09-06,First Class,LL-10211,Linda Lee,Corporate,United States,Los Angeles,California,69662,West,TEC-MA-0000188,Technology,Machines,Deluxe Scanner,2274.9609,3,0.2,-208.2079
618,US-2021-100349,2021-05-28,2021-06-02,Standard Class,HP-10680,Henry Perry,Corporate,United States,Chicago,Illinois,18539,Central,FUR-TA-0000044,Furniture,Tables,Advanced Training Table,1739.4042,5,0.0,-75.1635
2829,US-2022-101599,2022-06-12,2022-06-16,Standard Class,YT-10765,Yolanda Turner,Consumer,United States,Detroit,Michigan,94232,Central,FUR-FU-0000029,Furniture,Furnishings,Adjustable Photo Frame,107.411,2,0.2,10.6825
1545,US-2021-100860,2021-11-04,2021-11-07,First Class,RC-10532,Robert Cooper,Corporate,United States,Miami,Florida,23322,South,OFF-AR-0000077,Office Supplies,Art,Classic Marker Pack,39.4585,1,0.0,13.607
75,US-2021-100041,2021-01-21,2021-01-24,Second Class,KP-10373,Kevin Perry,Corporate,United States,Philadelphia,Pennsylvania,97698,East,OFF-AR-0000073,Office Supplies,Art,Classic Pencil Set,28.6195,2,0.2,3.6527
508,US-2021-100290,2021-05-07,2021-05-14,Standard Class,AG-10620,Amy Gray,Consumer,United States,Boston,Massachusetts,88970,East,FUR-BO-0000004,Furniture,Bookcases,Deluxe Storage Cabinet,911.8946,4,0.5,-290.7053
6230,US-2023-103559,2023-11-24,2023-11-27,Second Class,CC-10544,Chris Chen,Consumer,United States,Charlotte,North Carolina,86867,South,TEC-AC-0000168,Technology,Accessories,Wireless Webcam,360.7286,3,0.1,45.2102
2168,US-2022-101226,2022-02-02,2022-02-02,Same Day,ML-10594,Michael Lee,Consumer,United States,Phoenix,Arizona,53698,West,OFF-BI-0000088,Office Supplies,Binders,Executive Ring Binder,81.3284,3,0.4,-1.2905
178,US-2021-100098,2021-02-18,2021-02-21,First Class,AG-10476,Aaron Garcia,Consumer,United States,Portland,Oregon,65910,West,FUR-CH-0000015,Furniture,Chairs,Classic Office Chair,331.7285,1,0.2,-34.4163
9014,US-2024-105128,2024-12-20,2024-12-25,Second Class,JC-10786,Jane Clark,Consumer,United States,Charlotte,North Carolina,75351,South,TEC-MA-0000185,Technology,Machines,Wireless Laser Printer,700.7955,2,0.3,-132.7897
3432,US-2022-101960,2022-09-28,2022-10-01,First Class,EG-10537,Elena Garcia,Consumer,United States,Houston,Texas,65310,Central,OFF-LA-0000125,Office Supplies,Labels,Executive Address Label,29.8376,2,0.1,8.7822
6978,US-2024-103982,2024-03-14,2024-03-17,First Class,ML-10612,Marcus Lewis,Corporate,United States,Los Angeles,California,50479,West,OFF-EN-0000093,Office Supplies,Envelopes,Adjustable Security Envelope,199.6888,5,0.1,49.1881
8429,US-2024-104823,2024-10-26,2024-10-31,Second Class,DR-10401,Daniel Reed,Consumer,United States,Phoenix,Arizona,72947,West,OFF-FA-0000106,Office Supplies,Fasteners,Premium Binder Clip Set,43.1892,3,0.1,12.5966
6955,US-2024-103970,2024-03-09,2024-03-14,Second Class,KS-10345,Karen Sanders,Consumer,United States,Philadelphia,Pennsylvania,82538,East,TEC-PH-0000200,Technology,Phones,Premium Desk Phone,276.6702,1,0.0,47.1002
8857,US-2024-105045,2024-12-05,2024-12-05,Same Day,CG-10117,Chris Garcia,Home Office,United States,Columbus,Ohio,70898,East,OFF-AR-0000077,Office Supplies,Art,Classic Marker Pack,39.6145,1,0.2,3.8084
5299,US-2023-103020,2023-07-26,2023-07-28,First Class,MW-10445,Michael Wright,Consumer,United States,Miami,Florida,29356,South,OFF-AP-0000064,Office Supplies,Appliances,Recycled Microwave,212.6502,2,0.2,8.4613
1243,US-2021-100699,2021-09-23,2021-09-27,Second Class,GC-10138,Grace Clark,Consumer,United States,San Francisco,California,97815,West,OFF-AP-0000055,Office Supplies,Appliances,Executive Air Purifier,826.6545,6,0.0,206.3302
4475,US-2023-102549,2023-03-09,2023-03-11,First Class,JF-10562,Jane Fisher,Corporate,United States,Portland,Oregon,85847,West,TEC-MA-0000197,Technology,Machines,Recycled Scanner,2438.5339,3,0.4,-620.8338
6272,US-2023-103579,2023-11-29,2023-12-03,Standard Class,ZP-10574,Zachary Perry,Home Office,United States,Los Angeles,California,66348,West,FUR-FU-0000039,Furniture,Furnishings,Adjustable Desk Lamp,45.6558,1,0.3,2.2294
8352,US-2024-104779,2024-10-17,2024-10-21,Standard Class,DA-10197,Daniel Adams,Home Office,United States,New York City,New York,85838,East,OFF-AP-0000063,Office Supplies,Appliances,Executive Microwave,174.9552,1,0.0,36.6803
8878,US-2024-105056,2024-12-08,2024-12-13,Standard Class,SE-10754,Steven Edwards,Home Office,United States,Los Angeles,California,66055,West,OFF-AP-0000065,Office Supplies,Appliances,Recycled Microwave,139.2143,4,0.7,-73.9839
4637,US-2023-102639,2023-04-01,2023-04-06,Standard Class,ZH-10339,Zoe Hughes,Corporate,United States,Phoenix,Arizona,23817,West,FUR-CH-0000023,Furniture,Chairs,Advanced Stacking Chair,893.174,3,0.1,93.4185
606,US-2021-100344,2021-05-27,2021-06-02,Standard Class,AW-10146,Andrew Watson,Consumer,United States,San Francisco,California,27789,West,OFF-PA-0000133,Office Supplies,Paper,Recycled Notebook,96.4191,3,0.2,16.4281
538,US-2021-100308,2021-05-13,2021-05-17,Second Class,RS-10635,Rachel Stewart,Consumer,United States,Phoenix,Arizona,86461,West,TEC-CO-0000173,Technology,Copiers,Executive Multifunction Copier,3765.5996,4,0.2,521.5887
892,US-2021-100495,2021-07-23,2021-07-26,Second Class,DG-10321,Daniel Green,Consumer,United States,Atlanta,Georgia,24183,South,FUR-BO-0000004,Furniture,Bookcases,Deluxe Storage Cabinet,716.3898,3,0.2,-94.997
3704,US-2022-102113,2022-11-04,2022-11-09,Standard Class,EB-10734,Edward Bennett,Consumer,United States,Columbus,Ohio,87094,East,OFF-LA-0000125,Office Supplies,Labels,Executive Address Label,12.6926,1,0.3,1.209
7065,US-2024-104027,2024-03-27,2024-03-31,Standard Class,FC-10266,Frank Collins,Consumer,United States,Dallas,Texas,89867,Central,FUR-BO-0000008,Furniture,Bookcases,Pro Wall Shelf,291.4193,2,0.4,-51.289
3012,US-2022-101710,2022-07-14,2022-07-20,Standard Class,WW-10400,Walter Wells,Home Office,United States,Dallas,Texas,99609,Central,FUR-CH-0000018,Furniture,Chairs,Deluxe Task Chair,1118.2788,3,0.0,78.5673
355,US-2021-100201,2021-04-06,2021-04-13,Standard Class,XT-10698,Xavier Turner,Consumer,United States,Minneapolis,Minnesota,53942,Central,OFF-AR-0000072,Office Supplies,Art,Classic Pencil Set,74.6862,2,0.0,16.5224
5901,US-2023-103369,2023-10-20,2023-10-22,First Class,NG-10245,Nathan Garcia,Consumer,United States,Seattle,Washington,58897,West,OFF-BI-0000083,Office Supplies,Binders,Premium Clip Binder,12.2919,1,0.7,-5.6852
5348,US-2023-103042,2023-08-01,2023-08-07,Standard Class,WG-10066,Walter Green,Corporate,United States,Newark,New Jersey,96327,East,TEC-CO-0000176,Technology,Copiers,Adjustable Colour Copier,3209.1935,3,0.0,749.4424
4035,US-2022-102297,2022-12-12,2022-12-18,Standard Class,TC-10101,Thomas Cooper,Corporate,United States,Minneapolis,Minnesota,87455,Central,OFF-AR-0000070,Office Supplies,Art,Pro Marker Pack,73.79,2,0.0,15.6596
4544,US-2023-102589,2023-03-18,2023-03-23,Standard Class,TS-10376,Thomas Simmons,Home Office,United States,Boston,Massachusetts,45631,East,OFF-ST-0000148,Office Supplies,Storage,Deluxe Storage Bin,147.2337,3,0.1,8.3569
1308,US-2021-100729,2021-10-01,2021-10-05,Standard Class,MB-10027,Marcus Bennett,Consumer,United States,Phoenix,Arizona,31306,West,OFF-AP-0000063,Office Supplies,Appliances,Executive Microwave,164.7028,3,0.4,-18.2355
1163,US-2021-100647,2021-09-08,2021-09-14,Standard Class,PS-10389,Patrick Scott,Consumer,United States,Miami,Florida,36373,South,FUR-BO-0000002,Furniture,Bookcases,Advanced Storage Cabinet,712.6773,2,0.2,-9.8542
3527,US-2022-102014,2022-10-13,2022-10-16,First Class,DG-10009,Diane Garcia,Home Office,United States,Detroit,Michigan,42562,Central,OFF-PA-0000136,Office Supplies,Paper,Wireless Legal Pad,174.7138,5,0.2,34.0284
3962,US-2022-102253,2022-12-01,2022-12-05,Standard Class,NS-10416,Nancy Sanders,Consumer,United States,Los Angeles,California,21214,West,OFF-ST-0000147,Office Supplies,Storage,Standard Storage Bin,582.8243,4,0.1,26.0069
1126,US-2021-100625,2021-09-03,2021-09-06,First Class,IW-10205,Irene Ward,Corporate,United States,Columbus,Ohio,57863,East,OFF-SU-0000154,Office Supplies,Supplies,Deluxe Scissors Set,108.3573,2,0.1,0.2835
6670,US-2024-103801,2024-01-06,2024-01-09,Second Class,FL-10020,Frank Lee,Home Office,United States,Detroit,Michigan,62299,Central,OFF-PA-0000130,Office Supplies,Paper,Pro Notebook,95.2215,3,0.0,33.5402
5013,US-2023-102848,2023-06-03,2023-06-08,Second Class,XM-10116,Xavier Morgan,Corporate,United States,Columbus,Ohio,33416,East,OFF-BI-0000084,Office Supplies,Binders,Classic Ring Binder,13.9517,1,0.3,1.3678
2607,US-2022-101470,2022-05-01,2022-05-05,Standard Class,QT-10284,Quinn Turner,Corporate,United States,Detroit,Michigan,97280,Central,OFF-ST-0000151,Office Supplies,Storage,Advanced Archive Case,668.9563,7,0.3,-107.8601
7169,US-2024-104095,2024-04-15,2024-04-22,Standard Class,SH-10414,Sandra Harris,Home Office,United States,Richmond,Virginia,59574,South,TEC-MA-0000188,Technology,Machines,Deluxe Scanner,3185.6429,3,0.2,-375.1318
8907,US-2024-105071,2024-12-10,2024-12-15,Second Class,NR-10180,Nancy Russell,Consumer,United States,Los Angeles,California,38876,West,TEC-PH-0000203,Technology,Phones,Compact Smartphone,761.5554,4,0.2,39.0129
3273,US-2022-101865,2022-09-06,2022-09-11,Standard Class,LH-10784,Linda Harris,Consumer,United States,Phoenix,Arizona,75746,West,OFF-PA-0000135,Office Supplies,Paper,Classic Notebook,114.9105,5,0.0,28.7818
1741,US-2021-100972,2021-11-26,2021-12-02,Standard Class,XE-10159,Xavier Edwards,Home Office,United States,Charlotte,North Carolina,45927,South,OFF-AR-0000074,Office Supplies,Art,Pro Marker Pack,41.2176,2,0.1,13.696
1756,US-2021-100980,2021-11-29,2021-12-02,Second Class,LH-10219,Laura Hughes,Home Office,United States,Phoenix,Arizona,40511,West,TEC-MA-0000194,Technology,Machines,Premium Laser Printer,768.608,1,0.0,13.9723
2943,US-2022-101669,2022-07-05,2022-07-12,Standard Class,XD-10779,Xavier Diaz,Corporate,United States,Los Angeles,California,98280,West,TEC-PH-0000204,Technology,Phones,Executive Smartphone,300.9422,2,0.2,-16.6923
5153,US-2023-102925,2023-06-25,2023-07-02,Standard Class,VG-10581,Victor Green,Corporate,United States,Detroit,Michigan,15971,Central,FUR-TA-0000048,Furniture,Tables,Heavy-Duty Folding Table,734.2174,2,0.3,-196.9298
6558,US-2023-103745,2023-12-26,2024-01-01,Standard Class,YG-10688,Yolanda Garcia,Home Office,United States,Portland,Oregon,27709,West,OFF-ST-0000151,Office Supplies,Storage,Advanced Archive Case,84.8087,1,0.2,2.2962
3926,US-2022-102236,2022-11-29,2022-12-03,Standard Class,OJ-10105,Olivia Jenkins,Home Office,United States,Portland,Oregon,68033,West,OFF-EN-0000103,Office Supplies,Envelopes,Adjustable Security Envelope,93.0589,3,0.0,31.904
2460,US-2022-101385,2022-03-31,2022-04-07,Standard Class,JS-10438,Julia Shah,Home Office,United States,San Francisco,California,83922,West,OFF-AP-0000062,Office Supplies,Appliances,Heavy-Duty Microwave,662.3964,7,0.4,-89.1766
4649,US-2023-102646,2023-04-04,2023-04-09,Standard Class,IW-10205,Irene Ward,Corporate,United States,Columbus,Ohio,57863,East,OFF-FA-0000115,Office Supplies,Fasteners,Pro Binder Clip Set,50.5419,6,0.1,11.9653
3228,US-2022-101838,2022-08-27,2022-09-01,Standard Class,AC-10556,Anna Collins,Consumer,United States,Boston,Massachusetts,24257,East,FUR-BO-0000009,Furniture,Bookcases,Advanced Wall Shelf,254.3309,1,0.0,6.0134
9115,US-2024-105188,2024-12-30,2025-01-04,Standard Class,ML-10594,Michael Lee,Consumer,United States,Phoenix,Arizona,53698,West,FUR-CH-0000018,Furniture,Chairs,Deluxe Task Chair,392.5896,1,0.1,38.9359
9001,US-2024-105123,2024-12-20,2024-12-27,Standard Class,OP-10131,Olivia Parker,Consumer,United States,Columbus,Ohio,65683,East,OFF-PA-0000133,Office Supplies,Paper,Recycled Notebook,129.7209,3,0.3,7.239
5064,US-2023-102876,2023-06-13,2023-06-20,Standard Class,GR-10221,Grace Rivera,Home Office,United States,Philadelphia,Pennsylvania,53743,East,OFF-EN-0000092,Office Supplies,Envelopes,Heavy-Duty Catalog Envelope,20.9718,1,0.0,7.0916
4488,US-2023-102557,2023-03-10,2023-03-16,Standard Class,CK-10558,Carol Kelly,Consumer,United States,Charlotte,North Carolina,94720,South,OFF-BI-0000086,Office Supplies,Binders,Adjustable Clip Binder,138.5093,3,0.0,38.1305
3502,US-2022-101998,2022-10-09,2022-10-15,Standard Class,MK-10789,Michael Kelly,Consumer,United States,Minneapolis,Minnesota,20748,Central,OFF-FA-0000111,Office Supplies,Fasteners,Classic Staple Pack,119.6623,7,0.0,37.0048
6135,US-2023-103505,2023-11-14,2023-11-18,Standard Class,QC-10590,Quinn Cooper,Consumer,United States,Houston,Texas,74750,Central,FUR-CH-0000018,Furniture,Chairs,Deluxe Task Chair,475.1772,1,0.0,77.0335
5437,US-2023-103093,2023-08-17,2023-08-21,Second Class,XP-10234,Xavier Patel,Corporate,United States,Miami,Florida,62876,South,OFF-PA-0000132,Office Supplies,Paper,Standard Legal Pad,16.3441,1,0.1,6.0874
5449,US-2023-103099,2023-08-20,2023-08-23,Second Class,KW-10383,Kevin Wright,Consumer,United States,Nashville,Tennessee,48077,South,TEC-PH-0000211,Technology,Phones,Heavy-Duty Desk Phone,1240.9168,5,0.1,122.6257
7717,US-2024-104430,2024-07-17,2024-07-19,First Class,JR-10255,Jane Rivera,Consumer,United States,Newark,New Jersey,93424,East,TEC-PH-0000210,Technology,Phones,Standard Desk Phone,885.7003,5,0.3,-57.506
4497,US-2023-102562,2023-03-13,2023-03-17,Standard Class,AC-10641,Amy Chen,Home Office,United States,New York City,New York,45049,East,OFF-SU-0000154,Office Supplies,Supplies,Deluxe Scissors Set,54.5896,2,0.2,-8.5559
8088,US-2024-104627,2024-09-10,2024-09-15,Second Class,KW-10383,Kevin Wright,Consumer,United States,Nashville,Tennessee,48077,South,OFF-FA-0000111,Office Supplies,Fasteners,Classic Staple Pack,35.5099,2,0.0,10.0578
3722,US-2022-102121,2022-11-07,2022-11-10,First Class,TT-10654,Tina Turner,Corporate,United States,Los Angeles,California,39227,West,OFF-AR-0000069,Office Supplies,Art,Classic Marker Pack,170.9045,6,0.0,40.7849
8748,US-2024-104992,2024-11-27,2024-12-02,Standard Class,VL-10461,Vivian Lee,Consumer,United States,Charlotte,North Carolina,48522,South,TEC-CO-0000181,Technology,Copiers,Compact Multifunction Copier,8684.8818,5,0.1,2035.5157
3666,US-2022-102092,2022-11-01,2022-11-07,Standard Class,LS-10566,Linda Sanders,Corporate,United States,Detroit,Michigan,88969,Central,OFF-EN-0000095,Office Supplies,Envelopes,Classic Security Envelope,49.9405,5,0.3,8.5654
1123,US-2021-100624,2021-09-03,2021-09-07,Standard Class,SE-10273,Sandra Evans,Corporate,United States,San Francisco,California,62903,West,OFF-FA-0000115,Office Supplies,Fasteners,Pro Binder Clip Set,28.9707,2,0.0,6.7512
5880,US-2023-103359,2023-10-17,2023-10-22,Second Class,NS-10286,Nathan Simmons,Consumer,United States,Minneapolis,Minnesota,35039,Central,OFF-PA-0000138,Office Supplies,Paper,Adjustable Copy Paper,72.1464,3,0.3,10.8954
1996,US-2021-101127,2021-12-30,2022-01-04,Standard Class,YL-10236,Yolanda Lewis,Consumer,United States,Detroit,Michigan,19107,Central,FUR-TA-0000041,Furniture,Tables,Pro Training Table,1963.5227,3,0.0,-92.5846
7077,US-2024-104034,2024-03-30,2024-04-05,Standard Class,RB-10350,Rachel Baker,Consumer,United States,Detroit,Michigan,25881,Central,TEC-PH-0000209,Technology,Phones,Recycled Desk Phone,350.3313,1,0.0,88.1455
947,US-2021-100522,2021-07-31,2021-08-07,Standard Class,JS-10446,Jason Stewart,Consumer,United States,Phoenix,Arizona,61686,West,OFF-FA-0000113,Office Supplies,Fasteners,Executive Binder Clip Set,55.21,4,0.1,12.1696
4946,US-2023-102812,2023-05-22,2023-05-27,Standard Class,TS-10218,Tina Simmons,Corporate,United States,Minneapolis,Minnesota,65118,Central,OFF-BI-0000089,Office Supplies,Binders,Premium Clip Binder,134.8702,4,0.2,25.1956
2020,US-2022-101143,2022-01-03,2022-01-05,First Class,FG-10516,Frank Gray,Consumer,United States,Houston,Texas,13675,Central,TEC-PH-0000211,Technology,Phones,Heavy-Duty Desk Phone,190.1375,1,0.0,37.1212
3692,US-2022-102107,2022-11-03,2022-11-06,First Class,AP-10553,Anna Patel,Corporate,United States,Los Angeles,California,20276,West,TEC-PH-0000207,Technology,Phones,Executive Desk Phone,1308.259,6,0.3,-158.4689
1994,US-2021-101126,2021-12-29,2022-01-02,Second Class,WL-10242,Wendy Long,Home Office,United States,San Francisco,California,24688,West,TEC-MA-0000195,Technology,Machines,Classic Label Printer,965.4697,1,0.0,125.7361
187,US-2021-100106,2021-02-25,2021-03-02,Standard Class,SP-10530,Steven Parker,Consumer,United States,Newark,New Jersey,35907,East,TEC-MA-0000195,Technology,Machines,Classic Label Printer,3016.9788,6,0.4,-672.1221
8086,US-2024-104626,2024-09-10,2024-09-12,First Class,NN-10434,Nathan Nguyen,Consumer,United States,Boston,Massachusetts,55283,East,TEC-CO-0000176,Technology,Copiers,Adjustable Colour Copier,5725.4032,5,0.0,1325.925
976,US-2021-100542,2021-08-04,2021-08-09,Standard Class,DR-10642,David Russell,Consumer,United States,Portland,Oregon,97929,West,OFF-AP-0000060,Office Supplies,Appliances,Compact Air Purifier,94.0421,2,0.5,-18.6672
392,US-2021-100222,2021-04-15,2021-04-22,Standard Class,VG-10581,Victor Green,Corporate,United States,Detroit,Michigan,15971,Central,OFF-AP-0000066,Office Supplies,Appliances,Classic Air Purifier,931.501,7,0.0,189.5132
3265,US-2022-101860,2022-09-05,2022-09-12,Standard Class,VH-10208,Victor Hughes,Consumer,United States,Miami,Florida,34330,South,OFF-ST-0000144,Office Supplies,Storage,Pro Filing Box,182.6418,2,0.0,19.8728
22,US-2021-100014,2021-01-07,2021-01-11,Standard Class,NW-10704,Nathan Wright,Corporate,United States,Minneapolis,Minnesota,58361,Central,FUR-FU-0000030,Furniture,Furnishings,Classic Desk Lamp,275.8971,4,0.0,60.1866
7353,US-2024-104211,2024-05-17,2024-05-23,Standard Class,SB-10591,Steven Bennett,Consumer,United States,Boston,Massachusetts,80938,East,OFF-PA-0000133,Office Supplies,Paper,Recycled Notebook,331.7673,6,0.0,128.7685
1437,US-2021-100801,2021-10-18,2021-10-21,Second Class,AC-10573,Amy Carter,Corporate,United States,Boston,Massachusetts,24078,East,OFF-AR-0000068,Office Supplies,Art,Recycled Sketch Pad,114.2962,4,0.0,31.2513
8430,US-2024-104824,2024-10-26,2024-11-01,Standard Class,NS-10286,Nathan Simmons,Consumer,United States,Minneapolis,Minnesota,35039,Central,OFF-FA-0000113,Office Supplies,Fasteners,Executive Binder Clip Set,60.3751,4,0.0,19.2209
7888,US-2024-104524,2024-08-12,2024-08-16,Standard Class,OM-10501,Olivia Martin,Consumer,United States,Phoenix,Arizona,36394,West,OFF-ST-0000151,Office Supplies,Storage,Advanced Archive Case,179.9256,2,0.3,-31.6086
6938,US-2024-103960,2024-03-06,2024-03-12,Standard Class,ZE-10398,Zoe Evans,Consumer,United States,Philadelphia,Pennsylvania,49421,East,OFF-ST-0000143,Office Supplies,Storage,Recycled Filing Box,856.3298,5,0.0,107.065
1807,US-2021-101008,2021-12-06,2021-12-10,Standard Class,FC-10563,Frank Carter,Home Office,United States,Nashville,Tennessee,57625,South,OFF-FA-0000113,Office Supplies,Fasteners,Executive Binder Clip Set,20.2477,2,0.0,7.4626
7113,US-2024-104060,2024-04-06,2024-04-11,Standard Class,NA-10309,Nathan Adams,Corporate,United States,Los Angeles,California,39753,West,FUR-BO-0000009,Furniture,Bookcases,Advanced Wall Shelf,553.6207,2,0.3,-126.4578
5136,US-2023-102915,2023-06-21,2023-06-26,Standard Class,JG-10100,Jason Green,Consumer,United States,Boston,Massachusetts,49604,East,FUR-TA-0000054,Furniture,Tables,Advanced Conference Table,2879.2444,4,0.0,-116.7113
7255,US-2024-104149,2024-04-29,2024-05-02,Second Class,JC-10451,Julia Collins,Corporate,United States,Boston,Massachusetts,81421,East,TEC-MA-0000185,Technology,Machines,Wireless Laser Printer,1068.022,2,0.3,-195.7171
8225,US-2024-104713,2024-09-28,2024-10-04,Standard Class,RC-10532,Robert Cooper,Corporate,United States,Miami,Florida,23322,South,TEC-AC-0000167,Technology,Accessories,Standard Headset,107.1499,1,0.2,8.4625
8684,US-2024-104958,2024-11-21,2024-11-27,Standard Class,CM-10393,Carol Murphy,Corporate,United States,Chicago,Illinois,91466,Central,OFF-FA-0000113,Office Supplies,Fasteners,Executive Binder Clip Set,32.9064,3,0.0,11.8731
4485,US-2023-102555,2023-03-10,2023-03-17,Standard Class,EB-10057,Edward Baker,Home Office,United States,Charlotte,North Carolina,50338,South,OFF-SU-0000160,Office Supplies,Supplies,Compact Tape Dispenser,130.5798,4,0.1,-2.0369
5483,US-2023-103115,2023-08-27,2023-08-27,Same Day,SM-10604,Sandra Martin,Consumer,United States,New York City,New York,32483,East,TEC-AC-0000163,Technology,Accessories,Classic Webcam,158.8049,3,0.3,-11.6046
1572,US-2021-100877,2021-11-07,2021-11-11,Standard Class,SC-10331,Steven Cooper,Corporate,United States,Phoenix,Arizona,42792,West,OFF-AP-0000056,Office Supplies,Appliances,Heavy-Duty Air Purifier,790.2219,4,0.0,136.045
3930,US-2022-102237,2022-11-30,2022-11-30,Same Day,AM-10392,Adam Morgan,Corporate,United States,Portland,Oregon,26031,West,TEC-MA-0000197,Technology,Machines,Recycled Scanner,2912.8292,4,0.4,-656.3491
6926,US-2024-103950,2024-03-04,2024-03-04,Same Day,QS-10110,Quinn Scott,Home Office,United States,Richmond,Virginia,47499,South,TEC-PH-0000211,Technology,Phones,Heavy-Duty Desk Phone,1484.4917,4,0.0,258.3861
1438,US-2021-100802,2021-10-19,2021-10-25,Standard Class,OP-10131,Olivia Parker,Consumer,United States,Columbus,Ohio,65683,East,FUR-CH-0000017,Furniture,Chairs,Advanced Office Chair,928.3977,2,0.1,75.6422
5185,US-2023-102948,2023-07-02,2023-07-06,Standard Class,FL-10020,Frank Lee,Home Office,United States,Detroit,Michigan,62299,Central,TEC-PH-0000206,Technology,Phones,Compact Desk Phone,173.8917,1,0.2,21.2317
6221,US-2023-103551,2023-11-23,2023-11-28,Standard Class,DJ-10486,Diane Jenkins,Corporate,United States,Boston,Massachusetts,98587,East,OFF-BI-0000080,Office Supplies,Binders,Pro View Binder,70.241,5,0.5,-1.657
7152,US-2024-104084,2024-04-11,2024-04-16,Standard Class,RC-10532,Robert Cooper,Corporate,United States,Miami,Florida,23322,South,FUR-FU-0000038,Furniture,Furnishings,Premium Desk Lamp,374.0487,3,0.0,84.5562
8617,US-2024-104923,2024-11-15,2024-11-21,Standard Class,ES-10719,Edward Stewart,Home Office,United States,Miami,Florida,36383,South,TEC-MA-0000194,Technology,Machines,Premium Laser Printer,1912.8427,3,0.3,-460.5832
1064,US-2021-100590,2021-08-23,2021-08-28,Standard Class,KC-10108,Karen Carter,Home Office,United States,Nashville,Tennessee,25871,South,TEC-PH-0000199,Technology,Phones,Premium Desk Phone,473.0934,1,0.0,85.107
3992,US-2022-102272,2022-12-06,2022-12-08,First Class,DG-10009,Diane Garcia,Home Office,United States,Detroit,Michigan,42562,Central,OFF-LA-0000122,Office Supplies,Labels,Classic File Folder Label,16.7889,1,0.0,7.6284
3522,US-2022-102012,2022-10-13,2022-10-20,Standard Class,BW-10440,Brian Wells,Corporate,United States,Philadelphia,Pennsylvania,26363,East,TEC-MA-0000187,Technology,Machines,Deluxe Laser Printer,202.4384,2,0.7999999999999999,-163.4712
8957,US-2024-105097,2024-12-15,2024-12-22,Standard Class,NM-10797,Nancy Martin,Home Office,United States,Houston,Texas,49145,Central,OFF-AR-0000069,Office Supplies,Art,Classic Marker Pack,62.7167,2,0.0,18.8028
6837,US-2024-103899,2024-02-12,2024-02-19,Standard Class,JH-10796,Jane Hughes,Consumer,United States,New York City,New York,60971,East,OFF-ST-0000148,Office Supplies,Storage,Deluxe Storage Bin,115.7013,1,0.0,23.712
5555,US-2023-103158,2023-09-04,2023-09-06,First Class,BC-10130,Brian Carter,Corporate,United States,Dallas,Texas,85393,Central,TEC-PH-0000212,Technology,Phones,Recycled Conference Phone,183.4219,1,0.0,38.2047
8715,US-2024-104975,2024-11-25,2024-11-29,Second Class,WC-10134,Wendy Carter,Consumer,United States,Los Angeles,California,85122,West,TEC-PH-0000207,Technology,Phones,Executive Desk Phone,478.7316,1,0.0,114.0298
4937,US-2023-102807,2023-05-19,2023-05-25,Standard Class,PB-10489,Paula Baker,Corporate,United States,Detroit,Michigan,84291,Central,FUR-CH-0000018,Furniture,Chairs,Deluxe Task Chair,434.7996,1,0.0,42.2501
3166,US-2022-101800,2022-08-16,2022-08-20,Standard Class,MM-10564,Maria Murphy,Corporate,United States,Chicago,Illinois,36300,Central,TEC-PH-0000204,Technology,Phones,Executive Smartphone,493.9439,2,0.0,107.1757
4893,US-2023-102786,2023-05-11,2023-05-17,Standard Class,LS-10566,Linda Sanders,Corporate,United States,Detroit,Michigan,88969,Central,OFF-AR-0000068,Office Supplies,Art,Recycled Sketch Pad,48.385,3,0.3,0.5019
2052,US-2022-101160,2022-01-06,2022-01-11,Standard Class,VC-10326,Vivian Chen,Corporate,United States,Dallas,Texas,97668,Central,TEC-CO-0000181,Technology,Copiers,Compact Multifunction Copier,7385.0685,5,0.0,2534.8599
3605,US-2022-102056,2022-10-22,2022-10-29,Standard Class,XG-10528,Xavier Garcia,Consumer,United States,Los Angeles,California,95910,West,TEC-CO-0000177,Technology,Copiers,Recycled Multifunction Copier,3433.3443,3,0.0,1019.9836
7664,US-2024-104397,2024-07-08,2024-07-13,Standard Class,WR-10798,Walter Russell,Home Office,United States,Columbus,Ohio,25250,East,OFF-SU-0000153,Office Supplies,Supplies,Recycled Tape Dispenser,46.125,1,0.0,7.4687
3602,US-2022-102055,2022-10-21,2022-10-24,Second Class,XM-10116,Xavier Morgan,Corporate,United States,Columbus,Ohio,33416,East,TEC-AC-0000163,Technology,Accessories,Classic Webcam,122.0072,2,0.2,18.0152
2042,US-2022-101156,2022-01-05,2022-01-11,Standard Class,MC-10509,Marcus Clark,Consumer,United States,Dallas,Texas,92909,Central,FUR-BO-0000007,Furniture,Bookcases,Deluxe Storage Cabinet,225.0599,1,0.3,-24.8213
3501,US-2022-101998,2022-10-09,2022-10-15,Standard Class,MK-10789,Michael Kelly,Consumer,United States,Minneapolis,Minnesota,20748,Central,OFF-AP-0000062,Office Supplies,Appliances,Heavy-Duty Microwave,111.4925,1,0.2,8.6212
5415,US-2023-103079,2023-08-14,2023-08-21,Standard Class,SG-10441,Sandra Gray,Consumer,United States,Richmond,Virginia,29601,South,FUR-FU-0000034,Furniture,Furnishings,Executive Wall Clock,57.8465,1,0.0,13.2697
3691,US-2022-102106,2022-11-03,2022-11-07,Second Class,AC-10672,Adam Chen,Consumer,United States,Philadelphia,Pennsylvania,87104,East,OFF-AR-0000073,Office Supplies,Art,Classic Pencil Set,30.7659,2,0.0,6.1734
131,US-2021-100073,2021-02-04,2021-02-09,Standard Class,CK-10558,Carol Kelly,Consumer,United States,Charlotte,North Carolina,94720,South,OFF-AP-0000066,Office Supplies,Appliances,Classic Air Purifier,536.8744,4,0.3,-17.0877
3604,US-2022-102056,2022-10-22,2022-10-29,Standard Class,XG-10528,Xavier Garcia,Consumer,United States,Los Angeles,California,95910,West,OFF-ST-0000143,Office Supplies,Storage,Recycled Filing Box,108.4491,1,0.0,10.0095
7922,US-2024-104541,2024-08-16,2024-08-23,Standard Class,ZP-10356,Zoe Patel,Home Office,United States,Los Angeles,California,23778,West,OFF-LA-0000125,Office Supplies,Labels,Executive Address Label,39.1106,2,0.0,13.6385
8987,US-2024-105116,2024-12-19,2024-12-26,Standard Class,KM-10738,Kevin Murphy,Home Office,United States,Phoenix,Arizona,75479,West,OFF-SU-0000158,Office Supplies,Supplies,Classic Tape Dispenser,52.0551,1,0.1,1.7549
37,US-2021-100020,2021-01-11,2021-01-14,First Class,XE-10159,Xavier Edwards,Home Office,United States,Charlotte,North Carolina,45927,South,FUR-TA-0000042,Furniture,Tables,Standard Training Table,854.1931,3,0.5,-399.1137
5529,US-2023-103144,2023-09-01,2023-09-05,Standard Class,FL-10020,Frank Lee,Home Office,United States,Detroit,Michigan,62299,Central,TEC-AC-0000168,Technology,Accessories,Wireless Webcam,337.6677,4,0.1,66.1236
3476,US-2022-101981,2022-10-04,2022-10-11,Standard Class,AE-10741,Alice Evans,Corporate,United States,Miami,Florida,44159,South,OFF-AR-0000072,Office Supplies,Art,Classic Pencil Set,22.5965,1,0.2,3.5963
2490,US-2022-101403,2022-04-05,2022-04-09,Second Class,AH-10065,Amy Harris,Corporate,United States,Atlanta,Georgia,54721,South,OFF-ST-0000149,Office Supplies,Storage,Compact Filing Box,91.9043,1,0.2,-7.4339
1476,US-2021-100824,2021-10-26,2021-11-01,Standard Class,DB-10598,Daniel Brooks,Corporate,United States,Chicago,Illinois,13360,Central,FUR-CH-0000018,Furniture,Chairs,Deluxe Task Chair,342.6663,1,0.1,57.4265
1684,US-2021-100942,2021-11-18,2021-11-20,First Class,BF-10570,Brian Foster,Corporate,United States,Detroit,Michigan,81928,Central,OFF-EN-0000093,Office Supplies,Envelopes,Adjustable Security Envelope,93.3318,3,0.2,14.7611
2740,US-2022-101542,2022-05-27,2022-06-02,Standard Class,ME-10256,Michael Evans,Consumer,United States,Boston,Massachusetts,82522,East,OFF-PA-0000138,Office Supplies,Paper,Adjustable Copy Paper,36.5957,1,0.0,14.9281
7099,US-2024-104051,2024-04-03,2024-04-10,Standard Class,RC-10532,Robert Cooper,Corporate,United States,Miami,Florida,23322,South,OFF-PA-0000135,Office Supplies,Paper,Classic Notebook,92.3466,3,0.0,30.8149
1952,US-2021-101098,2021-12-24,2021-12-30,Standard Class,SC-10238,Susan Clark,Corporate,United States,Los Angeles,California,43604,West,OFF-AP-0000062,Office Supplies,Appliances,Heavy-Duty Microwave,477.6778,3,0.0,73.9215
2312,US-2022-101305,2022-03-02,2022-03-08,Standard Class,VC-10326,Vivian Chen,Corporate,United States,Dallas,Texas,97668,Central,FUR-CH-0000010,Furniture,Chairs,Recycled Stacking Chair,351.3942,2,0.2,5.8341
5931,US-2023-103388,2023-10-24,2023-10-31,Standard Class,GR-10296,Grace Russell,Home Office,United States,Chicago,Illinois,38464,Central,TEC-PH-0000212,Technology,Phones,Recycled Conference Phone,357.0818,2,0.0,75.209
3532,US-2022-102016,2022-10-13,2022-10-17,Second Class,OJ-10105,Olivia Jenkins,Home Office,United States,Portland,Oregon,68033,West,OFF-PA-0000130,Office Supplies,Paper,Pro Notebook,59.0286,2,0.0,19.6187
5340,US-2023-103037,2023-07-29,2023-08-03,Standard Class,YB-10223,Yolanda Brooks,Corporate,United States,Columbus,Ohio,17224,East,OFF-PA-0000133,Office Supplies,Paper,Recycled Notebook,114.1524,3,0.2,19.8752
5626,US-2023-103202,2023-09-12,2023-09-16,Second Class,NB-10214,Nancy Baker,Consumer,United States,Houston,Texas,40511,Central,FUR-CH-0000011,Furniture,Chairs,Pro Task Chair,609.8552,2,0.0,64.4804
2210,US-2022-101247,2022-02-09,2022-02-11,First Class,JG-10100,Jason Green,Consumer,United States,Boston,Massachusetts,49604,East,TEC-PH-0000203,Technology,Phones,Compact Smartphone,1069.6484,4,0.0,184.3022
2540,US-2022-101431,2022-04-17,2022-04-21,Standard Class,XF-10587,Xavier Foster,Consumer,United States,Philadelphia,Pennsylvania,18732,East,FUR-FU-0000032,Furniture,Furnishings,Pro Photo Frame,126.0026,2,0.0,28.2853
6130,US-2023-103501,2023-11-13,2023-11-18,Standard Class,MW-10085,Michael Ward,Home Office,United States,New York City,New York,27706,East,OFF-SU-0000154,Office Supplies,Supplies,Deluxe Scissors Set,85.1608,2,0.1,4.378
2621,US-2022-101479,2022-05-03,2022-05-06,First Class,CB-10195,Carol Baker,Corporate,United States,Columbus,Ohio,41034,East,OFF-ST-0000150,Office Supplies,Storage,Premium Archive Case,128.5123,1,0.0,9.8328
3776,US-2022-102152,2022-11-15,2022-11-20,Second Class,DP-10270,David Patel,Corporate,United States,Seattle,Washington,12546,West,OFF-ST-0000147,Office Supplies,Storage,Standard Storage Bin,113.3548,1,0.2,-2.6819
823,US-2021-100460,2021-07-11,2021-07-14,Second Class,PP-10730,Patrick Parker,Consumer,United States,Boston,Massachusetts,86565,East,TEC-AC-0000165,Technology,Accessories,Adjustable Mouse,370.4065,3,0.0,56.7917
6900,US-2024-103934,2024-02-28,2024-03-04,Standard Class,SS-10781,Susan Sanders,Home Office,United States,Phoenix,Arizona,80524,West,TEC-AC-0000172,Technology,Accessories,Pro Keyboard,667.0899,6,0.0,190.4052
7345,US-2024-104207,2024-05-15,2024-05-21,Standard Class,ZB-10444,Zachary Bennett,Consumer,United States,New York City,New York,72076,East,TEC-CO-0000177,Technology,Copiers,Recycled Multifunction Copier,7068.684,6,0.1,1702.5307
4363,US-2023-102485,2023-02-12,2023-02-18,Standard Class,JW-10549,Jason Wells,Consumer,United States,Atlanta,Georgia,13311,South,TEC-CO-0000176,Technology,Copiers,Adjustable Colour Copier,5493.7014,5,0.0,1468.6238
4825,US-2023-102747,2023-04-29,2023-05-03,Second Class,SE-10754,Steven Edwards,Home Office,United States,Los Angeles,California,66055,West,FUR-TA-0000048,Furniture,Tables,Heavy-Duty Folding Table,732.0984,2,0.4,-299.3544
7,US-2021-100004,2021-01-02,2021-01-05,First Class,FC-10563,Frank Carter,Home Office,United States,Nashville,Tennessee,57625,South,OFF-EN-0000096,Office Supplies,Envelopes,Compact Clasp Envelope,34.0125,2,0.0,13.0595
4808,US-2023-102738,2023-04-27,2023-05-04,Standard Class,AS-10028,Andrew Scott,Corporate,United States,Seattle,Washington,93234,West,OFF-AR-0000074,Office Supplies,Art,Pro Marker Pack,57.781,3,0.2,9.8884
4598,US-2023-102619,2023-03-29,2023-04-05,Standard Class,SN-10387,Steven Nguyen,Corporate,United States,Newark,New Jersey,21161,East,OFF-AP-0000059,Office Supplies,Appliances,Recycled Air Purifier,680.868,5,0.0,130.5683
1198,US-2021-100668,2021-09-15,2021-09-19,Standard Class,SE-10754,Steven Edwards,Home Office,United States,Los Angeles,California,66055,West,TEC-CO-0000181,Technology,Copiers,Compact Multifunction Copier,3773.6607,3,0.0,943.5069
1166,US-2021-100650,2021-09-09,2021-09-16,Standard Class,CP-10220,Chris Perry,Home Office,United States,Dallas,Texas,37686,Central,TEC-CO-0000179,Technology,Copiers,Classic Desktop Copier,3045.3632,3,0.0,728.1888
7423,US-2024-104255,2024-05-29,2024-06-05,Standard Class,LL-10211,Linda Lee,Corporate,United States,Los Angeles,California,69662,West,TEC-PH-0000208,Technology,Phones,Deluxe Desk Phone,123.6058,1,0.0,23.1466
7154,US-2024-104085,2024-04-12,2024-04-19,Standard Class,XM-10366,Xavier Martin,Home Office,United States,Phoenix,Arizona,60765,West,OFF-AR-0000069,Office Supplies,Art,Classic Marker Pack,30.4662,1,0.0,6.1118
2696,US-2022-101520,2022-05-20,2022-05-24,Standard Class,SC-10793,Sandra Clark,Consumer,United States,Los Angeles,California,14567,West,OFF-AR-0000079,Office Supplies,Art,Advanced Pencil Set,114.709,6,0.2,12.7432
6021,US-2023-103436,2023-11-01,2023-11-03,First Class,NW-10704,Nathan Wright,Corporate,United States,Minneapolis,Minnesota,58361,Central,FUR-TA-0000049,Furniture,Tables,Deluxe Training Table,496.0185,3,0.6,-330.3728
8634,US-2024-104933,2024-11-17,2024-11-22,Standard Class,PD-10599,Paula Diaz,Corporate,United States,Houston,Texas,77492,Central,FUR-FU-0000034,Furniture,Furnishings,Executive Wall Clock,104.7394,2,0.0,18.236
6322,US-2023-103608,2023-12-04,2023-12-10,Standard Class,MF-10469,Marcus Fisher,Consumer,United States,Dallas,Texas,53281,Central,FUR-CH-0000010,Furniture,Chairs,Recycled Stacking Chair,183.7605,1,0.2,-3.4778
4446,US-2023-102531,2023-03-02,2023-03-09,Standard Class,BB-10317,Brian Baker,Corporate,United States,Nashville,Tennessee,38725,South,FUR-FU-0000028,Furniture,Furnishings,Deluxe Photo Frame,112.1684,2,0.0,36.0894
1322,US-2021-100737,2021-10-03,2021-10-09,Standard Class,JW-10297,Jane Wells,Home Office,United States,Newark,New Jersey,14272,East,FUR-FU-0000030,Furniture,Furnishings,Classic Desk Lamp,49.3074,1,0.0,14.0288
3706,US-2022-102114,2022-11-04,2022-11-09,Standard Class,NK-10378,Nathan Kumar,Corporate,United States,Seattle,Washington,40841,West,TEC-AC-0000168,Technology,Accessories,Wireless Webcam,388.4578,3,0.3,4.8642
8285,US-2024-104745,2024-10-07,2024-10-08,Same Day,JS-10446,Jason Stewart,Consumer,United States,Phoenix,Arizona,61686,West,FUR-CH-0000013,Furniture,Chairs,Wireless Office Chair,948.5883,3,0.0,111.6349
7764,US-2024-104454,2024-07-22,2024-07-27,Second Class,RR-10514,Robert Reed,Consumer,United States,Seattle,Washington,84612,West,FUR-CH-0000016,Furniture,Chairs,Premium Office Chair,599.9115,2,0.1,57.0228
1133,US-2021-100630,2021-09-05,2021-09-09,Second Class,TC-10625,Thomas Clark,Home Office,United States,Boston,Massachusetts,86864,East,OFF-EN-0000098,Office Supplies,Envelopes,Executive Security Envelope,74.164,4,0.2,4.9537
2572,US-2022-101448,2022-04-22,2022-04-29,Standard Class,OP-10364,Olivia Patel,Consumer,United States,Portland,Oregon,39229,West,OFF-AP-0000064,Office Supplies,Appliances,Recycled Microwave,342.553,2,0.0,40.9324
4398,US-2023-102502,2023-02-21,2023-02-24,First Class,VH-10137,Vivian Harris,Consumer,United States,New York City,New York,45235,East,TEC-CO-0000182,Technology,Copiers,Advanced Multifunction Copier,4521.9412,4,0.0,1044.1801
2521,US-2022-101420,2022-04-12,2022-04-18,Standard Class,ME-10709,Marcus Edwards,Corporate,United States,San Francisco,California,47654,West,OFF-SU-0000162,Office Supplies,Supplies,Recycled Tape Dispenser,52.5963,1,0.2,-4.8731
2785,US-2022-101571,2022-06-03,2022-06-06,Second Class,LS-10566,Linda Sanders,Corporate,United States,Detroit,Michigan,88969,Central,TEC-PH-0000209,Technology,Phones,Recycled Desk Phone,204.2041,1,0.3,5.0313
1500,US-2021-100836,2021-10-28,2021-10-29,Same Day,JG-10100,Jason Green,Consumer,United States,Boston,Massachusetts,49604,East,OFF-AR-0000073,Office Supplies,Art,Classic Pencil Set,65.7129,3,0.0,10.702
628,US-2021-100355,2021-06-01,2021-06-05,Second Class,MH-10129,Michael Hall,Consumer,United States,San Francisco,California,82985,West,TEC-PH-0000201,Technology,Phones,Compact Smartphone,253.8451,1,0.0,50.2844
752,US-2021-100422,2021-06-22,2021-06-27,Second Class,NS-10136,Nathan Shah,Consumer,United States,Charlotte,North Carolina,21424,South,OFF-AP-0000061,Office Supplies,Appliances,Advanced Shredder,130.3806,1,0.2,1.9637
1634,US-2021-100913,2021-11-14,2021-11-18,Standard Class,AC-10615,Aaron Clark,Corporate,United States,Chicago,Illinois,52177,Central,OFF-ST-0000144,Office Supplies,Storage,Pro Filing Box,107.6705,1,0.1,6.1947
6332,US-2023-103614,2023-12-05,2023-12-10,Second Class,AS-10028,Andrew Scott,Corporate,United States,Seattle,Washington,93234,West,OFF-AP-0000056,Office Supplies,Appliances,Heavy-Duty Air Purifier,286.6473,2,0.0,46.6298
8931,US-2024-105085,2024-12-12,2024-12-15,Second Class,SC-10035,Susan Carter,Consumer,United States,Seattle,Washington,69207,West,TEC-AC-0000165,Technology,Accessories,Adjustable Mouse,331.3426,5,0.1,45.8202
7700,US-2024-104417,2024-07-15,2024-07-20,Standard Class,YL-10236,Yolanda Lewis,Consumer,United States,Detroit,Michigan,19107,Central,TEC-PH-0000211,Technology,Phones,Heavy-Duty Desk Phone,396.1521,2,0.0,132.8306
7672,US-2024-104403,2024-07-11,2024-07-15,Second Class,JK-10674,Jane Kelly,Corporate,United States,Seattle,Washington,99410,West,OFF-ST-0000151,Office Supplies,Storage,Advanced Archive Case,182.2906,2,0.2,3.6186
574,US-2021-100327,2021-05-20,2021-05-22,First Class,JF-10562,Jane Fisher,Corporate,United States,Portland,Oregon,85847,West,FUR-BO-0000008,Furniture,Bookcases,Pro Wall Shelf,62.7661,1,0.7,-40.1845
413,US-2021-100232,2021-04-20,2021-04-23,First Class,FL-10541,Frank Lewis,Home Office,United States,Los Angeles,California,28893,West,FUR-CH-0000018,Furniture,Chairs,Deluxe Task Chair,568.9454,2,0.2,7.5133
8133,US-2024-104655,2024-09-16,2024-09-21,Second Class,LP-10555,Linda Perry,Corporate,United States,Columbus,Ohio,81441,East,FUR-CH-0000018,Furniture,Chairs,Deluxe Task Chair,926.4598,2,0.0,142.3042
343,US-2021-100194,2021-04-02,2021-04-09,Standard Class,ZD-10411,Zoe Diaz,Consumer,United States,Richmond,Virginia,64426,South,TEC-CO-0000182,Technology,Copiers,Advanced Multifunction Copier,4342.8917,3,0.1,777.835
1065,US-2021-100590,2021-08-23,2021-08-28,Standard Class,KC-10108,Karen Carter,Home Office,United States,Nashville,Tennessee,25871,South,FUR-TA-0000041,Furniture,Tables,Pro Training Table,1475.1104,3,0.3,-297.9434
1228,US-2021-100687,2021-09-21,2021-09-26,Standard Class,KK-10047,Kevin Kelly,Corporate,United States,Los Angeles,California,61520,West,OFF-PA-0000134,Office Supplies,Paper,Standard Notebook,36.5505,1,0.0,9.9672
2576,US-2022-101451,2022-04-24,2022-04-29,Second Class,RL-10409,Rachel Lee,Consumer,United States,Boston,Massachusetts,83394,East,OFF-SU-0000162,Office Supplies,Supplies,Recycled Tape Dispenser,345.4858,5,0.0,42.4699
6420,US-2023-103667,2023-12-13,2023-12-19,Standard Class,HD-10379,Henry Diaz,Corporate,United States,Phoenix,Arizona,88816,West,OFF-PA-0000136,Office Supplies,Paper,Wireless Legal Pad,134.1833,3,0.2,16.1102
137,US-2021-100077,2021-02-08,2021-02-11,Second Class,NB-10269,Nathan Brooks,Home Office,United States,Columbus,Ohio,20712,East,OFF-PA-0000137,Office Supplies,Paper,Compact Copy Paper,78.4136,4,0.2,10.95
3832,US-2022-102182,2022-11-22,2022-11-25,Second Class,FC-10592,Frank Clark,Corporate,United States,Dallas,Texas,45618,Central,TEC-PH-0000199,Technology,Phones,Premium Desk Phone,1122.8162,4,0.2,34.7279
4779,US-2023-102720,2023-04-21,2023-04-27,Standard Class,AR-10000,Andrew Ross,Consumer,United States,Boston,Massachusetts,87272,East,TEC-PH-0000210,Technology,Phones,Standard Desk Phone,1354.3989,6,0.1,175.252
2274,US-2022-101284,2022-02-23,2022-02-28,Second Class,KH-10334,Kevin Hayes,Corporate,United States,Columbus,Ohio,48909,East,FUR-CH-0000018,Furniture,Chairs,Deluxe Task Chair,674.8786,3,0.3,-50.7974
5087,US-2023-102888,2023-06-15,2023-06-19,Standard Class,AS-10092,Amy Stewart,Home Office,United States,Dallas,Texas,56589,Central,OFF-AP-0000060,Office Supplies,Appliances,Compact Air Purifier,144.1803,3,0.7,-70.9904
5184,US-2023-102947,2023-07-02,2023-07-04,First Class,YR-10506,Yolanda Ross,Consumer,United States,Philadelphia,Pennsylvania,99224,East,FUR-CH-0000016,Furniture,Chairs,Premium Office Chair,1142.2442,3,0.0,154.9046
6684,US-2024-103809,2024-01-08,2024-01-13,Standard Class,TT-10654,Tina Turner,Corporate,United States,Los Angeles,California,39227,West,TEC-PH-0000199,Technology,Phones,Premium Desk Phone,1049.1783,4,0.2,-22.8127
7133,US-2024-104073,2024-04-09,2024-04-13,Second Class,JF-10333,Jane Foster,Corporate,United States,Houston,Texas,81371,Central,OFF-AR-0000068,Office Supplies,Art,Recycled Sketch Pad,51.6965,2,0.0,12.7595
2506,US-2022-101413,2022-04-08,2022-04-12,Standard Class,CK-10012,Chris Kumar,Corporate,United States,Columbus,Ohio,23007,East,TEC-PH-0000206,Technology,Phones,Compact Desk Phone,458.5738,2,0.0,96.0126
4536,US-2023-102585,2023-03-17,2023-03-19,First Class,AB-10702,Amy Brooks,Corporate,United States,Nashville,Tennessee,48321,South,TEC-PH-0000203,Technology,Phones,Compact Smartphone,195.5833,1,0.0,18.8835
1541,US-2021-100856,2021-11-04,2021-11-04,Same Day,NN-10434,Nathan Nguyen,Consumer,United States,Boston,Massachusetts,55283,East,TEC-MA-0000191,Technology,Machines,Recycled Laser Printer,564.5368,1,0.5,-236.5322
3612,US-2022-102061,2022-10-24,2022-10-31,Standard Class,IP-10369,Irene Patel,Consumer,United States,Chicago,Illinois,68735,Central,TEC-PH-0000211,Technology,Phones,Heavy-Duty Desk Phone,185.8564,1,0.0,32.4855
8508,US-2024-104863,2024-11-04,2024-11-08,Standard Class,WK-10747,Walter Kumar,Consumer,United States,Detroit,Michigan,51768,Central,FUR-FU-0000027,Furniture,Furnishings,Wireless Wall Clock,44.1957,1,0.0,8.0884
4157,US-2022-102361,2022-12-24,2022-12-31,Standard Class,DG-10321,Daniel Green,Consumer,United States,Atlanta,Georgia,24183,South,FUR-CH-0000016,Furniture,Chairs,Premium Office Chair,1275.7463,3,0.0,139.8772
4873,US-2023-102775,2023-05-08,2023-05-10,First Class,AB-10569,Andrew Brooks,Corporate,United States,Dallas,Texas,37797,Central,TEC-AC-0000168,Technology,Accessories,Wireless Webcam,392.1743,4,0.0,61.0975
8939,US-2024-105088,2024-12-12,2024-12-17,Standard Class,GD-10168,Grace Diaz,Consumer,United States,Richmond,Virginia,83056,South,OFF-AP-0000062,Office Supplies,Appliances,Heavy-Duty Microwave,502.8501,5,0.2,4.354
7038,US-2024-104013,2024-03-25,2024-03-29,Standard Class,KS-10602,Karen Shah,Corporate,United States,New York City,New York,73847,East,TEC-PH-0000204,Technology,Phones,Executive Smartphone,584.7066,3,0.1,85.6121
4558,US-2023-102595,2023-03-20,2023-03-23,Second Class,ML-10612,Marcus Lewis,Corporate,United States,Los Angeles,California,50479,West,FUR-TA-0000044,Furniture,Tables,Advanced Training Table,420.3383,1,0.2,-54.4769
139,US-2021-100078,2021-02-08,2021-02-12,Standard Class,IM-10179,Irene Murphy,Home Office,United States,Nashville,Tennessee,93963,South,FUR-FU-0000031,Furniture,Furnishings,Advanced Desk Lamp,36.4996,1,0.1,6.4544
912,US-2021-100504,2021-07-27,2021-07-31,Second Class,LL-10790,Linda Long,Home Office,United States,Miami,Florida,88329,South,FUR-CH-0000010,Furniture,Chairs,Recycled Stacking Chair,436.6112,2,0.1,23.3721
46,US-2021-100027,2021-01-12,2021-01-13,Same Day,ML-10594,Michael Lee,Consumer,United States,Phoenix,Arizona,53698,West,OFF-AR-0000071,Office Supplies,Art,Recycled Pencil Set,123.7244,4,0.0,23.1257
4246,US-2023-102415,2023-01-10,2023-01-14,Standard Class,MW-10085,Michael Ward,Home Office,United States,New York City,New York,27706,East,OFF-FA-0000110,Office Supplies,Fasteners,Deluxe Binder Clip Set,41.6323,3,0.0,13.5469
5882,US-2023-103359,2023-10-17,2023-10-22,Second Class,NS-10286,Nathan Simmons,Consumer,United States,Minneapolis,Minnesota,35039,Central,OFF-LA-0000121,Office Supplies,Labels,Heavy-Duty Address Label,85.6944,7,0.0,28.838
7683,US-2024-104408,2024-07-12,2024-07-14,First Class,QC-10590,Quinn Cooper,Consumer,United States,Houston,Texas,74750,Central,TEC-CO-0000177,Technology,Copiers,Recycled Multifunction Copier,1315.8801,1,0.1,271.2242
8328,US-2024-104765,2024-10-11,2024-10-17,Standard Class,YT-10765,Yolanda Turner,Consumer,United States,Detroit,Michigan,94232,Central,OFF-AR-0000072,Office Supplies,Art,Classic Pencil Set,50.6808,3,0.0,14.1295
2206,US-2022-101244,2022-02-08,2022-02-15,Standard Class,EB-10734,Edward Bennett,Consumer,United States,Columbus,Ohio,87094,East,FUR-FU-0000030,Furniture,Furnishings,Classic Desk Lamp,54.9048,1,0.0,16.3373
8396,US-2024-104804,2024-10-22,2024-10-26,Standard Class,ME-10475,Marcus Evans,Consumer,United States,Columbus,Ohio,74316,East,OFF-PA-0000136,Office Supplies,Paper,Wireless Legal Pad,109.7038,4,0.2,16.0473
4902,US-2023-102791,2023-05-12,2023-05-19,Standard Class,OR-10418,Olivia Rivera,Consumer,United States,Portland,Oregon,58765,West,TEC-MA-0000194,Technology,Machines,Premium Laser Printer,976.7692,3,0.7,-626.6241
8012,US-2024-104589,2024-08-29,2024-09-02,Standard Class,MC-10426,Michael Carter,Corporate,United States,Columbus,Ohio,44321,East,TEC-PH-0000201,Technology,Phones,Compact Smartphone,204.3642,1,0.3,1.8879
3374,US-2022-101924,2022-09-20,2022-09-21,Same Day,TS-10120,Thomas Stewart,Corporate,United States,Charlotte,North Carolina,18984,South,TEC-PH-0000206,Technology,Phones,Compact Desk Phone,370.5663,2,0.0,76.7406
1006,US-2021-100556,2021-08-10,2021-08-12,First Class,EG-10537,Elena Garcia,Consumer,United States,Houston,Texas,65310,Central,OFF-PA-0000132,Office Supplies,Paper,Standard Legal Pad,59.5418,4,0.0,21.9746
2013,US-2021-101138,2021-12-31,2022-01-06,Standard Class,DW-10380,David Wright,Consumer,United States,Charlotte,North Carolina,19540,South,OFF-BI-0000084,Office Supplies,Binders,Classic Ring Binder,94.2769,4,0.2,24.7232
1496,US-2021-100833,2021-10-27,2021-10-30,First Class,CS-10127,Carol Shah,Consumer,United States,Philadelphia,Pennsylvania,51917,East,OFF-PA-0000137,Office Supplies,Paper,Compact Copy Paper,26.0128,1,0.0,9.2522
5615,US-2023-103195,2023-09-11,2023-09-16,Second Class,TR-10053,Tina Rivera,Consumer,United States,Boston,Massachusetts,52238,East,TEC-PH-0000208,Technology,Phones,Deluxe Desk Phone,884.6894,5,0.0,177.3154
4846,US-2023-102759,2023-05-03,2023-05-10,Standard Class,JC-10503,Jason Clark,Home Office,United States,Richmond,Virginia,43161,South,TEC-MA-0000196,Technology,Machines,Standard Scanner,1254.0589,2,0.2,-78.417
5671,US-2023-103235,2023-09-20,2023-09-24,Standard Class,BW-10518,Brian Watson,Home Office,United States,Los Angeles,California,41806,West,OFF-SU-0000158,Office Supplies,Supplies,Classic Tape Dispenser,50.7852,1,0.2,-0.9878
2957,US-2022-101678,2022-07-07,2022-07-14,Standard Class,AC-10713,Andrew Carter,Consumer,United States,Charlotte,North Carolina,76939,South,OFF-PA-0000133,Office Supplies,Paper,Recycled Notebook,158.1792,5,0.2,24.4412
7739,US-2024-104440,2024-07-19,2024-07-23,Standard Class,QC-10388,Quinn Chen,Corporate,United States,Charlotte,North Carolina,53249,South,FUR-FU-0000027,Furniture,Furnishings,Wireless Wall Clock,158.0582,5,0.2,28.2665
8287,US-2024-104745,2024-10-07,2024-10-08,Same Day,JS-10446,Jason Stewart,Consumer,United States,Phoenix,Arizona,61686,West,OFF-EN-0000095,Office Supplies,Envelopes,Classic Security Envelope,16.5827,1,0.1,4.6387
5054,US-2023-102870,2023-06-09,2023-06-14,Second Class,DG-10009,Diane Garcia,Home Office,United States,Detroit,Michigan,42562,Central,FUR-TA-0000048,Furniture,Tables,Heavy-Duty Folding Table,502.9926,1,0.0,-28.0597
326,US-2021-100184,2021-03-29,2021-04-02,Standard Class,PS-10447,Patrick Sanders,Consumer,United States,Philadelphia,Pennsylvania,88739,East,FUR-BO-0000004,Furniture,Bookcases,Deluxe Storage Cabinet,267.4611,1,0.0,28.3615
923,US-2021-100511,2021-07-28,2021-07-31,First Class,JA-10261,Jason Adams,Consumer,United States,Boston,Massachusetts,56105,East,OFF-EN-0000102,Office Supplies,Envelopes,Executive Catalog Envelope,25.18,1,0.2,6.8504
2129,US-2022-101200,2022-01-21,2022-01-27,Standard Class,AB-10702,Amy Brooks,Corporate,United States,Nashville,Tennessee,48321,South,TEC-PH-0000207,Technology,Phones,Executive Desk Phone,676.7002,2,0.2,39.5791
3696,US-2022-102109,2022-11-03,2022-11-08,Standard Class,MC-10011,Maria Collins,Consumer,United States,Miami,Florida,78265,South,OFF-PA-0000132,Office Supplies,Paper,Standard Legal Pad,64.1372,6,0.0,23.8408
7258,US-2024-104151,2024-04-30,2024-05-07,Standard Class,KS-10345,Karen Sanders,Consumer,United States,Philadelphia,Pennsylvania,82538,East,OFF-ST-0000140,Office Supplies,Storage,Adjustable Archive Case,903.4681,4,0.0,47.3904
3418,US-2022-101951,2022-09-27,2022-10-04,Standard Class,JC-10792,Jack Carter,Corporate,United States,Boston,Massachusetts,76016,East,FUR-FU-0000033,Furniture,Furnishings,Pro Desk Lamp,162.9636,4,0.1,35.2488
1692,US-2021-100946,2021-11-19,2021-11-23,Second Class,HL-10456,Henry Lee,Corporate,United States,Boston,Massachusetts,92975,East,TEC-MA-0000194,Technology,Machines,Premium Laser Printer,2331.4824,3,0.5,-1197.8892
5977,US-2023-103410,2023-10-28,2023-11-01,Standard Class,NS-10286,Nathan Simmons,Consumer,United States,Minneapolis,Minnesota,35039,Central,OFF-EN-0000092,Office Supplies,Envelopes,Heavy-Duty Catalog Envelope,24.5973,1,0.0,5.9799
4718,US-2023-102689,2023-04-15,2023-04-22,Standard Class,NR-10029,Nathan Ross,Consumer,United States,Phoenix,Arizona,58245,West,TEC-PH-0000207,Technology,Phones,Executive Desk Phone,1128.8261,3,0.0,159.4098
6623,US-2023-103779,2023-12-31,2024-01-07,Standard Class,HW-10490,Henry Ward,Consumer,United States,Los Angeles,California,93374,West,OFF-AP-0000056,Office Supplies,Appliances,Heavy-Duty Air Purifier,427.5379,2,0.0,60.7448
1272,US-2021-100714,2021-09-29,2021-10-05,Standard Class,OR-10367,Olivia Ross,Corporate,United States,Houston,Texas,58450,Central,FUR-CH-0000018,Furniture,Chairs,Deluxe Task Chair,1089.3576,3,0.0,90.4987
7398,US-2024-104243,2024-05-25,2024-06-01,Standard Class,YC-10315,Yolanda Carter,Consumer,United States,Chicago,Illinois,13024,Central,OFF-PA-0000133,Office Supplies,Paper,Recycled Notebook,282.7587,7,0.0,103.1866
1838,US-2021-101025,2021-12-09,2021-12-12,Second Class,SN-10387,Steven Nguyen,Corporate,United States,Newark,New Jersey,21161,East,OFF-SU-0000161,Office Supplies,Supplies,Classic Scissors Set,74.5509,2,0.2,-4.2893
5841,US-2023-103338,2023-10-11,2023-10-14,Second Class,PT-10172,Patrick Turner,Corporate,United States,Phoenix,Arizona,61194,West,OFF-AP-0000059,Office Supplies,Appliances,Recycled Air Purifier,42.637,1,0.7,-19.1451
8740,US-2024-104987,2024-11-27,2024-11-30,First Class,EA-10078,Elena Adams,Consumer,United States,Seattle,Washington,99376,West,TEC-PH-0000210,Technology,Phones,Standard Desk Phone,576.6701,2,0.0,107.3778
8286,US-2024-104745,2024-10-07,2024-10-08,Same Day,JS-10446,Jason Stewart,Consumer,United States,Phoenix,Arizona,61686,West,FUR-FU-0000032,Furniture,Furnishings,Pro Photo Frame,91.3879,2,0.2,9.8394
1917,US-2021-101075,2021-12-17,2021-12-23,Standard Class,DG-10321,Daniel Green,Consumer,United States,Atlanta,Georgia,24183,South,FUR-CH-0000023,Furniture,Chairs,Advanced Stacking Chair,961.1238,3,0.0,162.9967
9126,US-2024-105194,2024-12-31,2024-12-31,Same Day,NK-10368,Nathan Kelly,Consumer,United States,Detroit,Michigan,47236,Central,OFF-LA-0000119,Office Supplies,Labels,Wireless File Folder Label,78.8329,5,0.2,17.9011
6144,US-2023-103511,2023-11-16,2023-11-20,Standard Class,AM-10763,Aaron Mitchell,Home Office,United States,New York City,New York,60816,East,TEC-MA-0000185,Technology,Machines,Wireless Laser Printer,4008.8749,5,0.0,-211.9462
1520,US-2021-100846,2021-11-01,2021-11-03,First Class,CR-10675,Chris Rivera,Consumer,United States,Los Angeles,California,26300,West,OFF-ST-0000143,Office Supplies,Storage,Recycled Filing Box,169.6376,1,0.0,15.518
3231,US-2022-101840,2022-08-27,2022-08-28,Same Day,AS-10092,Amy Stewart,Home Office,United States,Dallas,Texas,56589,Central,OFF-ST-0000151,Office Supplies,Storage,Advanced Archive Case,275.5123,2,0.2,-25.119
8075,US-2024-104621,2024-09-09,2024-09-12,Second Class,JS-10438,Julia Shah,Home Office,United States,San Francisco,California,83922,West,OFF-FA-0000109,Office Supplies,Fasteners,Wireless Binder Clip Set,81.8712,3,0.0,30.0897
292,US-2021-100166,2021-03-23,2021-03-29,Standard Class,GR-10296,Grace Russell,Home Office,United States,Chicago,Illinois,38464,Central,OFF-ST-0000144,Office Supplies,Storage,Pro Filing Box,564.527,5,0.2,-72.3123
4511,US-2023-102570,2023-03-14,2023-03-16,First Class,JS-10481,Jack Scott,Consumer,United States,Nashville,Tennessee,66655,South,OFF-LA-0000124,Office Supplies,Labels,Recycled Shipping Label,40.2242,2,0.0,15.3661
6553,US-2023-103741,2023-12-26,2023-12-28,First Class,TC-10101,Thomas Cooper,Corporate,United States,Minneapolis,Minnesota,87455,Central,FUR-FU-0000034,Furniture,Furnishings,Executive Wall Clock,96.7988,2,0.0,27.3335
2466,US-2022-101387,2022-03-31,2022-04-07,Standard Class,VL-10461,Vivian Lee,Consumer,United States,Charlotte,North Carolina,48522,South,OFF-EN-0000101,Office Supplies,Envelopes,Adjustable Security Envelope,114.9549,5,0.3,16.5038
692,US-2021-100392,2021-06-11,2021-06-16,Standard Class,MC-10426,Michael Carter,Corporate,United States,Columbus,Ohio,44321,East,OFF-AR-0000069,Office Supplies,Art,Classic Marker Pack,165.6969,6,0.0,38.0487
5693,US-2023-103249,2023-09-22,2023-09-25,Second Class,MG-10697,Maria Green,Consumer,United States,Atlanta,Georgia,48587,South,TEC-AC-0000170,Technology,Accessories,Advanced Webcam,82.6914,1,0.0,16.4173
5147,US-2023-102922,2023-06-23,2023-06-30,Standard Class,EA-10078,Elena Adams,Consumer,United States,Seattle,Washington,99376,West,TEC-AC-0000165,Technology,Accessories,Adjustable Mouse,532.353,6,0.0,127.6157
3554,US-2022-102025,2022-10-14,2022-10-21,Standard Class,JG-10056,Jane Green,Consumer,United States,Newark,New Jersey,57826,East,OFF-EN-0000093,Office Supplies,Envelopes,Adjustable Security Envelope,31.0899,1,0.0,10.4357
7017,US-2024-104001,2024-03-19,2024-03-26,Standard Class,AW-10051,Amy Wright,Corporate,United States,Chicago,Illinois,37986,Central,FUR-CH-0000010,Furniture,Chairs,Recycled Stacking Chair,1888.8698,6,0.0,188.9488
4889,US-2023-102783,2023-05-11,2023-05-17,Standard Class,IP-10369,Irene Patel,Consumer,United States,Chicago,Illinois,68735,Central,OFF-AR-0000072,Office Supplies,Art,Classic Pencil Set,101.4214,4,0.0,15.5318
1991,US-2021-101123,2021-12-29,2022-01-02,Standard Class,QR-10511,Quinn Reed,Home Office,United States,Houston,Texas,69955,Central,TEC-MA-0000188,Technology,Machines,Deluxe Scanner,2657.4398,3,0.2,-310.761
4706,US-2023-102682,2023-04-13,2023-04-17,Standard Class,RC-10532,Robert Cooper,Corporate,United States,Miami,Florida,23322,South,TEC-AC-0000171,Technology,Accessories,Advanced Webcam,99.3731,1,0.0,13.8536
7027,US-2024-104006,2024-03-21,2024-03-25,Second Class,PS-10447,Patrick Sanders,Consumer,United States,Philadelphia,Pennsylvania,88739,East,FUR-CH-0000022,Furniture,Chairs,Adjustable Stacking Chair,304.6046,1,0.0,65.3292
2053,US-2022-101160,2022-01-06,2022-01-11,Standard Class,VC-10326,Vivian Chen,Corporate,United States,Dallas,Texas,97668,Central,OFF-ST-0000147,Office Supplies,Storage,Standard Storage Bin,363.3908,2,0.0,22.4125
5527,US-2023-103142,2023-09-01,2023-09-06,Standard Class,EJ-10124,Elena Jenkins,Consumer,United States,Philadelphia,Pennsylvania,51563,East,OFF-ST-0000144,Office Supplies,Storage,Pro Filing Box,185.1651,2,0.1,-5.441
2813,US-2022-101587,2022-06-09,2022-06-11,First Class,DR-10642,David Russell,Consumer,United States,Portland,Oregon,97929,West,TEC-PH-0000204,Technology,Phones,Executive Smartphone,182.5788,1,0.0,72.0084
8333,US-2024-104767,2024-10-11,2024-10-15,Standard Class,XC-10455,Xavier Cooper,Home Office,United States,New York City,New York,42769,East,TEC-PH-0000205,Technology,Phones,Advanced Smartphone,163.6819,1,0.0,39.7846
4529,US-2023-102581,2023-03-17,2023-03-21,Standard Class,AC-10713,Andrew Carter,Consumer,United States,Charlotte,North Carolina,76939,South,OFF-PA-0000137,Office Supplies,Paper,Compact Copy Paper,62.8545,2,0.0,24.4482
7188,US-2024-104105,2024-04-16,2024-04-23,Standard Class,MH-10496,Maria Harris,Corporate,United States,San Francisco,California,70649,West,OFF-AR-0000074,Office Supplies,Art,Pro Marker Pack,132.3507,6,0.4,-1.3516
5487,US-2023-103116,2023-08-28,2023-09-02,Second Class,PR-10083,Patrick Reed,Corporate,United States,Minneapolis,Minnesota,61293,Central,FUR-CH-0000018,Furniture,Chairs,Deluxe Task Chair,743.7743,2,0.1,147.7271
6639,US-2024-103788,2024-01-02,2024-01-07,Second Class,AH-10755,Aaron Hayes,Consumer,United States,Seattle,Washington,91388,West,FUR-FU-0000025,Furniture,Furnishings,Recycled Photo Frame,126.1254,2,0.0,18.6705
1333,US-2021-100743,2021-10-05,2021-10-10,Standard Class,AS-10408,Aaron Shah,Corporate,United States,Phoenix,Arizona,12743,West,OFF-BI-0000081,Office Supplies,Binders,Premium Clip Binder,42.4829,2,0.4,-0.7438
860,US-2021-100478,2021-07-15,2021-07-20,Second Class,WM-10705,Wendy Mitchell,Consumer,United States,Phoenix,Arizona,78848,West,TEC-MA-0000192,Technology,Machines,Standard Label Printer,1098.3895,1,0.0,-53.8548
670,US-2021-100380,2021-06-09,2021-06-13,Second Class,BW-10518,Brian Watson,Home Office,United States,Los Angeles,California,41806,West,FUR-CH-0000023,Furniture,Chairs,Advanced Stacking Chair,570.231,3,0.2,18.8562
514,US-2021-100292,2021-05-09,2021-05-12,First Class,OE-10735,Olivia Evans,Home Office,United States,Nashville,Tennessee,45700,South,TEC-MA-0000194,Technology,Machines,Premium Laser Printer,2763.8772,3,0.2,-265.7903
8786,US-2024-105011,2024-11-30,2024-12-05,Standard Class,CC-10544,Chris Chen,Consumer,United States,Charlotte,North Carolina,86867,South,TEC-MA-0000194,Technology,Machines,Premium Laser Printer,893.4305,1,0.2,-92.6041
4507,US-2023-102569,2023-03-14,2023-03-18,Standard Class,OM-10443,Olivia Murphy,Corporate,United States,Richmond,Virginia,39782,South,TEC-AC-0000165,Technology,Accessories,Adjustable Mouse,30.4646,1,0.3,1.9517
8542,US-2024-104879,2024-11-06,2024-11-11,Standard Class,JG-10003,Jason Gray,Home Office,United States,New York City,New York,52259,East,OFF-FA-0000118,Office Supplies,Fasteners,Heavy-Duty Staple Pack,23.8756,2,0.1,4.7382
603,US-2021-100342,2021-05-26,2021-05-31,Standard Class,JF-10562,Jane Fisher,Corporate,United States,Portland,Oregon,85847,West,FUR-BO-0000003,Furniture,Bookcases,Pro Storage Cabinet,298.8099,1,0.0,-6.1398
7834,US-2024-104493,2024-08-04,2024-08-08,Standard Class,ES-10719,Edward Stewart,Home Office,United States,Miami,Florida,36383,South,OFF-AP-0000066,Office Supplies,Appliances,Classic Air Purifier,206.3279,1,0.0,13.0413
9011,US-2024-105128,2024-12-20,2024-12-25,Second Class,JC-10786,Jane Clark,Consumer,United States,Charlotte,North Carolina,75351,South,TEC-MA-0000194,Technology,Machines,Premium Laser Printer,2898.3598,5,0.2,-265.0682
3302,US-2022-101880,2022-09-07,2022-09-08,Same Day,SJ-10300,Susan Jenkins,Consumer,United States,Portland,Oregon,27370,West,TEC-PH-0000200,Technology,Phones,Premium Desk Phone,569.5345,2,0.0,89.7885
5469,US-2023-103109,2023-08-25,2023-08-28,Second Class,VG-10323,Vivian Garcia,Consumer,United States,Philadelphia,Pennsylvania,62662,East,FUR-FU-0000038,Furniture,Furnishings,Premium Desk Lamp,84.8671,1,0.0,26.8629
1381,US-2021-100768,2021-10-12,2021-10-16,Standard Class,AE-10741,Alice Evans,Corporate,United States,Miami,Florida,44159,South,FUR-TA-0000048,Furniture,Tables,Heavy-Duty Folding Table,657.4245,2,0.3,-260.9514
1207,US-2021-100674,2021-09-16,2021-09-21,Standard Class,AM-10170,Adam Murphy,Corporate,United States,Atlanta,Georgia,67461,South,OFF-BI-0000083,Office Supplies,Binders,Premium Clip Binder,175.1745,5,0.3,-1.4138
2913,US-2022-101647,2022-06-28,2022-06-29,Same Day,MW-10085,Michael Ward,Home Office,United States,New York City,New York,27706,East,OFF-SU-0000153,Office Supplies,Supplies,Recycled Tape Dispenser,305.378,6,0.0,-12.7235
5680,US-2023-103243,2023-09-21,2023-09-24,First Class,JG-10056,Jane Green,Consumer,United States,Newark,New Jersey,57826,East,OFF-AR-0000078,Office Supplies,Art,Recycled Marker Pack,40.9583,2,0.0,10.5528
4094,US-2022-102325,2022-12-19,2022-12-24,Standard Class,JK-10341,Julia Kumar,Consumer,United States,Miami,Florida,20299,South,OFF-EN-0000093,Office Supplies,Envelopes,Adjustable Security Envelope,29.7506,1,0.1,7.8385
1127,US-2021-100625,2021-09-03,2021-09-06,First Class,IW-10205,Irene Ward,Corporate,United States,Columbus,Ohio,57863,East,FUR-FU-0000031,Furniture,Furnishings,Advanced Desk Lamp,42.0654,1,0.2,5.7963
7976,US-2024-104571,2024-08-23,2024-08-28,Standard Class,JB-10559,Julia Bennett,Corporate,United States,Richmond,Virginia,62326,South,TEC-MA-0000188,Technology,Machines,Deluxe Scanner,8799.949,6,0.0,554.6745
3631,US-2022-102072,2022-10-25,2022-10-29,Standard Class,MM-10564,Maria Murphy,Corporate,United States,Chicago,Illinois,36300,Central,OFF-PA-0000131,Office Supplies,Paper,Standard Legal Pad,58.2929,2,0.2,12.4527
6587,US-2023-103760,2023-12-28,2024-01-03,Standard Class,JW-10297,Jane Wells,Home Office,United States,Newark,New Jersey,14272,East,OFF-AR-0000071,Office Supplies,Art,Recycled Pencil Set,49.8979,2,0.1,11.8161
479,US-2021-100275,2021-05-03,2021-05-08,Standard Class,MC-10630,Maria Carter,Home Office,United States,Seattle,Washington,74367,West,OFF-ST-0000152,Office Supplies,Storage,Executive Storage Bin,370.2713,3,0.3,-33.3422
33,US-2021-100019,2021-01-10,2021-01-15,Standard Class,RW-10717,Robert Wells,Corporate,United States,Philadelphia,Pennsylvania,84037,East,FUR-CH-0000020,Furniture,Chairs,Deluxe Stacking Chair,269.2268,1,0.1,30.2162
5443,US-2023-103095,2023-08-18,2023-08-23,Second Class,VS-10174,Victor Scott,Corporate,United States,New York City,New York,78437,East,FUR-FU-0000037,Furniture,Furnishings,Adjustable Photo Frame,213.085,4,0.0,64.0112
2719,US-2022-101531,2022-05-24,2022-05-28,Standard Class,CH-10505,Chris Hall,Corporate,United States,Portland,Oregon,20105,West,OFF-AR-0000074,Office Supplies,Art,Pro Marker Pack,120.9559,4,0.0,28.5728
8039,US-2024-104603,2024-09-03,2024-09-08,Standard Class,MG-10697,Maria Green,Consumer,United States,Atlanta,Georgia,48587,South,FUR-TA-0000050,Furniture,Tables,Adjustable Training Table,643.593,6,0.7,-493.8648
3433,US-2022-101960,2022-09-28,2022-10-01,First Class,EG-10537,Elena Garcia,Consumer,United States,Houston,Texas,65310,Central,TEC-CO-0000179,Technology,Copiers,Classic Desktop Copier,6057.8027,5,0.1,708.2935
6581,US-2023-103756,2023-12-27,2024-01-01,Standard Class,SC-10586,Susan Campbell,Corporate,United States,Dallas,Texas,65086,Central,FUR-FU-0000025,Furniture,Furnishings,Recycled Photo Frame,53.1112,1,0.0,15.2879
8237,US-2024-104720,2024-10-01,2024-10-08,Standard Class,ZG-10547,Zoe Gray,Corporate,United States,Atlanta,Georgia,36884,South,OFF-AR-0000071,Office Supplies,Art,Recycled Pencil Set,32.7565,1,0.0,4.7433
8626,US-2024-104927,2024-11-16,2024-11-21,Standard Class,AK-10118,Andrew Kelly,Consumer,United States,Newark,New Jersey,94197,East,TEC-MA-0000185,Technology,Machines,Wireless Laser Printer,1452.881,3,0.2,-147.5821
3284,US-2022-101871,2022-09-06,2022-09-06,Same Day,JD-10632,Jack Diaz,Corporate,United States,Detroit,Michigan,70952,Central,OFF-LA-0000127,Office Supplies,Labels,Deluxe Address Label,21.1749,1,0.1,6.7892
7662,US-2024-104395,2024-07-08,2024-07-13,Standard Class,KP-10462,Kevin Parker,Consumer,United States,Minneapolis,Minnesota,47014,Central,TEC-MA-0000188,Technology,Machines,Deluxe Scanner,5242.3258,7,0.2,12.7753
8431,US-2024-104825,2024-10-27,2024-10-28,Same Day,CE-10782,Carol Edwards,Consumer,United States,Portland,Oregon,93147,West,OFF-ST-0000141,Office Supplies,Storage,Classic Archive Case,182.6625,1,0.0,25.1197
3876,US-2022-102205,2022-11-24,2022-11-30,Standard Class,ZW-10017,Zachary Wright,Consumer,United States,Miami,Florida,77373,South,OFF-SU-0000153,Office Supplies,Supplies,Recycled Tape Dispenser,122.367,3,0.2,-3.8605
3259,US-2022-101856,2022-09-02,2022-09-05,First Class,IL-10695,Irene Lewis,Consumer,United States,New York City,New York,16533,East,FUR-TA-0000048,Furniture,Tables,Heavy-Duty Folding Table,502.9245,1,0.0,-39.1953
6676,US-2024-103805,2024-01-07,2024-01-13,Standard Class,DW-10415,Diane Ward,Consumer,United States,Portland,Oregon,94573,West,FUR-FU-0000033,Furniture,Furnishings,Pro Desk Lamp,27.4705,1,0.1,4.9785
4644,US-2023-102643,2023-04-03,2023-04-09,Standard Class,CH-10776,Chris Harris,Corporate,United States,Charlotte,North Carolina,72100,South,OFF-AR-0000074,Office Supplies,Art,Pro Marker Pack,162.3664,7,0.1,37.5912
8407,US-2024-104811,2024-10-23,2024-10-30,Standard Class,DS-10533,Diane Shah,Consumer,United States,Chicago,Illinois,72841,Central,OFF-AR-0000075,Office Supplies,Art,Compact Marker Pack,194.6171,7,0.0,47.9628
8432,US-2024-104826,2024-10-27,2024-11-03,Standard Class,VC-10326,Vivian Chen,Corporate,United States,Dallas,Texas,97668,Central,OFF-FA-0000105,Office Supplies,Fasteners,Recycled Paper Clip Box,77.874,6,0.0,24.7517
438,US-2021-100249,2021-04-26,2021-04-30,Standard Class,AE-10741,Alice Evans,Corporate,United States,Miami,Florida,44159,South,FUR-FU-0000036,Furniture,Furnishings,Standard Wall Clock,72.0828,2,0.0,18.8816
4580,US-2023-102607,2023-03-26,2023-04-01,Standard Class,RR-10514,Robert Reed,Consumer,United States,Seattle,Washington,84612,West,TEC-CO-0000175,Technology,Copiers,Pro Multifunction Copier,8171.5311,5,0.0,2384.3669
5098,US-2023-102892,2023-06-15,2023-06-18,Second Class,QF-10346,Quinn Foster,Consumer,United States,Los Angeles,California,55108,West,TEC-MA-0000191,Technology,Machines,Recycled Laser Printer,819.9163,1,0.0,57.4019
7279,US-2024-104162,2024-05-02,2024-05-07,Standard Class,FF-10385,Frank Fisher,Corporate,United States,Los Angeles,California,93678,West,OFF-BI-0000080,Office Supplies,Binders,Pro View Binder,89.0778,3,0.0,20.7725
4981,US-2023-102830,2023-05-27,2023-06-01,Standard Class,KC-10115,Karen Cooper,Consumer,United States,Seattle,Washington,69045,West,FUR-FU-0000033,Furniture,Furnishings,Pro Desk Lamp,45.6641,2,0.2,3.0538
5748,US-2023-103278,2023-09-28,2023-10-01,Second Class,OP-10131,Olivia Parker,Consumer,United States,Columbus,Ohio,65683,East,TEC-MA-0000195,Technology,Machines,Classic Label Printer,1799.6224,3,0.3,-268.3116
5797,US-2023-103308,2023-10-04,2023-10-08,Standard Class,MF-10469,Marcus Fisher,Consumer,United States,Dallas,Texas,53281,Central,FUR-TA-0000042,Furniture,Tables,Standard Training Table,696.9426,2,0.3,-167.3723
5210,US-2023-102963,2023-07-06,2023-07-12,Standard Class,HL-10427,Henry Lewis,Home Office,United States,Columbus,Ohio,23407,East,OFF-AP-0000058,Office Supplies,Appliances,Heavy-Duty Microwave,772.5246,5,0.0,183.9882
325,US-2021-100183,2021-03-28,2021-03-31,Second Class,AK-10093,Andrew Kumar,Consumer,United States,Miami,Florida,24721,South,OFF-AR-0000075,Office Supplies,Art,Compact Marker Pack,24.6292,1,0.1,4.5228
2066,US-2022-101166,2022-01-09,2022-01-15,Standard Class,RC-10278,Robert Campbell,Consumer,United States,Nashville,Tennessee,28360,South,OFF-AP-0000064,Office Supplies,Appliances,Recycled Microwave,464.9095,3,0.2,35.8299
601,US-2021-100342,2021-05-26,2021-05-31,Standard Class,JF-10562,Jane Fisher,Corporate,United States,Portland,Oregon,85847,West,OFF-FA-0000118,Office Supplies,Fasteners,Heavy-Duty Staple Pack,15.3746,3,0.3,0.4054
5426,US-2023-103086,2023-08-16,2023-08-22,Standard Class,FC-10266,Frank Collins,Consumer,United States,Dallas,Texas,89867,Central,OFF-EN-0000096,Office Supplies,Envelopes,Compact Clasp Envelope,43.8812,3,0.0,17.3309
170,US-2021-100095,2021-02-16,2021-02-23,Standard Class,JW-10297,Jane Wells,Home Office,United States,Newark,New Jersey,14272,East,TEC-PH-0000212,Technology,Phones,Recycled Conference Phone,372.1104,3,0.3,15.3562
4837,US-2023-102754,2023-05-02,2023-05-07,Standard Class,EP-10685,Edward Perry,Consumer,United States,Houston,Texas,43686,Central,FUR-TA-0000048,Furniture,Tables,Heavy-Duty Folding Table,2226.7228,7,0.2,-243.9516
421,US-2021-100238,2021-04-21,2021-04-25,Standard Class,CP-10220,Chris Perry,Home Office,United States,Dallas,Texas,37686,Central,TEC-MA-0000195,Technology,Machines,Classic Label Printer,2572.9883,4,0.0,254.3522
6594,US-2023-103763,2023-12-28,2024-01-02,Second Class,JF-10562,Jane Fisher,Corporate,United States,Portland,Oregon,85847,West,FUR-BO-0000003,Furniture,Bookcases,Pro Storage Cabinet,167.9099,1,0.6,-81.2325
3702,US-2022-102112,2022-11-04,2022-11-10,Standard Class,AC-10573,Amy Carter,Corporate,United States,Boston,Massachusetts,24078,East,FUR-CH-0000024,Furniture,Chairs,Wireless Stacking Chair,2411.1572,7,0.1,394.3568
5143,US-2023-102919,2023-06-23,2023-06-28,Standard Class,MH-10433,Maria Hayes,Consumer,United States,Minneapolis,Minnesota,86549,Central,FUR-CH-0000016,Furniture,Chairs,Premium Office Chair,379.3331,1,0.1,53.3228
4867,US-2023-102771,2023-05-07,2023-05-12,Standard Class,DF-10149,Daniel Fisher,Corporate,United States,Los Angeles,California,49493,West,FUR-CH-0000022,Furniture,Chairs,Adjustable Stacking Chair,656.0172,2,0.0,119.8142
5032,US-2023-102859,2023-06-07,2023-06-10,First Class,DA-10197,Daniel Adams,Home Office,United States,New York City,New York,85838,East,OFF-SU-0000162,Office Supplies,Supplies,Recycled Tape Dispenser,48.1171,1,0.0,4.6669
4705,US-2023-102682,2023-04-13,2023-04-17,Standard Class,RC-10532,Robert Cooper,Corporate,United States,Miami,Florida,23322,South,OFF-AR-0000069,Office Supplies,Art,Classic Marker Pack,50.1178,2,0.0,8.3898
7119,US-2024-104065,2024-04-08,2024-04-15,Standard Class,CE-10782,Carol Edwards,Consumer,United States,Portland,Oregon,93147,West,OFF-PA-0000133,Office Supplies,Paper,Recycled Notebook,197.594,5,0.0,65.3732
8752,US-2024-104994,2024-11-27,2024-12-01,Standard Class,SC-10621,Susan Collins,Consumer,United States,Dallas,Texas,23455,Central,TEC-MA-0000190,Technology,Machines,Executive Laser Printer,5622.271,4,0.0,-253.7998
7085,US-2024-104040,2024-04-02,2024-04-04,First Class,JD-10176,Julia Diaz,Home Office,United States,Seattle,Washington,10051,West,OFF-FA-0000115,Office Supplies,Fasteners,Pro Binder Clip Set,66.1442,7,0.0,19.4284
8498,US-2024-104860,2024-11-03,2024-11-05,First Class,CE-10782,Carol Edwards,Consumer,United States,Portland,Oregon,93147,West,OFF-EN-0000093,Office Supplies,Envelopes,Adjustable Security Envelope,22.7638,1,0.3,1.401
575,US-2021-100327,2021-05-20,2021-05-22,First Class,JF-10562,Jane Fisher,Corporate,United States,Portland,Oregon,85847,West,OFF-SU-0000153,Office Supplies,Supplies,Recycled Tape Dispenser,153.4913,3,0.1,6.3071
3571,US-2022-102037,2022-10-17,2022-10-19,First Class,DC-10706,David Campbell,Corporate,United States,Seattle,Washington,27802,West,OFF-AP-0000055,Office Supplies,Appliances,Executive Air Purifier,388.7091,5,0.4,-44.3414
2671,US-2022-101507,2022-05-17,2022-05-23,Standard Class,WM-10705,Wendy Mitchell,Consumer,United States,Phoenix,Arizona,78848,West,TEC-CO-0000178,Technology,Copiers,Adjustable Multifunction Copier,4230.5534,2,0.0,1380.6663
6608,US-2023-103770,2023-12-29,2023-12-31,First Class,NN-10434,Nathan Nguyen,Consumer,United States,Boston,Massachusetts,55283,East,TEC-PH-0000212,Technology,Phones,Recycled Conference Phone,393.0266,2,0.0,68.802
449,US-2021-100257,2021-04-27,2021-04-29,First Class,EW-10073,Edward Ward,Consumer,United States,Seattle,Washington,51468,West,OFF-PA-0000133,Office Supplies,Paper,Recycled Notebook,83.2574,2,0.2,18.1735
6669,US-2024-103801,2024-01-06,2024-01-09,Second Class,FL-10020,Frank Lee,Home Office,United States,Detroit,Michigan,62299,Central,OFF-PA-0000133,Office Supplies,Paper,Recycled Notebook,178.5301,4,0.0,62.2335
7004,US-2024-103994,2024-03-19,2024-03-26,Standard Class,IG-10468,Irene Green,Consumer,United States,Miami,Florida,86090,South,FUR-CH-0000017,Furniture,Chairs,Advanced Office Chair,2195.1007,7,0.1,183.5536
3883,US-2022-102210,2022-11-25,2022-11-30,Standard Class,QR-10511,Quinn Reed,Home Office,United States,Houston,Texas,69955,Central,FUR-CH-0000020,Furniture,Chairs,Deluxe Stacking Chair,2660.4135,7,0.0,388.2331
434,US-2021-100247,2021-04-25,2021-04-29,Standard Class,TH-10646,Tina Harris,Consumer,United States,Philadelphia,Pennsylvania,41941,East,FUR-TA-0000050,Furniture,Tables,Adjustable Training Table,863.9007,4,0.4,-290.3155
4290,US-2023-102439,2023-01-20,2023-01-26,Standard Class,WK-10747,Walter Kumar,Consumer,United States,Detroit,Michigan,51768,Central,FUR-BO-0000007,Furniture,Bookcases,Deluxe Storage Cabinet,642.9218,3,0.2,-69.6134
1959,US-2021-101102,2021-12-24,2021-12-26,First Class,JD-10119,Jason Diaz,Consumer,United States,Boston,Massachusetts,25852,East,TEC-MA-0000195,Technology,Machines,Classic Label Printer,2211.3126,3,0.2,-298.2659
7309,US-2024-104181,2024-05-07,2024-05-12,Standard Class,EG-10636,Edward Gray,Corporate,United States,Boston,Massachusetts,49157,East,OFF-AR-0000071,Office Supplies,Art,Recycled Pencil Set,105.942,3,0.0,19.9755
7047,US-2024-104016,2024-03-25,2024-03-29,Second Class,GS-10192,Grace Shah,Corporate,United States,Newark,New Jersey,95766,East,OFF-AR-0000077,Office Supplies,Art,Classic Marker Pack,265.2165,7,0.2,17.4481
8692,US-2024-104965,2024-11-22,2024-11-27,Standard Class,SL-10355,Susan Long,Corporate,United States,Minneapolis,Minnesota,48122,Central,FUR-TA-0000051,Furniture,Tables,Heavy-Duty Training Table,451.1051,1,0.3,-149.5586
4663,US-2023-102655,2023-04-05,2023-04-07,First Class,QR-10511,Quinn Reed,Home Office,United States,Houston,Texas,69955,Central,OFF-AP-0000063,Office Supplies,Appliances,Executive Microwave,68.0371,1,0.3,-2.1179
2606,US-2022-101470,2022-05-01,2022-05-05,Standard Class,QT-10284,Quinn Turner,Corporate,United States,Detroit,Michigan,97280,Central,FUR-CH-0000013,Furniture,Chairs,Wireless Office Chair,337.2206,1,0.0,39.6962
8022,US-2024-104595,2024-08-30,2024-09-02,Second Class,TG-10488,Tina Green,Consumer,United States,New York City,New York,99533,East,OFF-PA-0000136,Office Supplies,Paper,Wireless Legal Pad,37.9004,1,0.1,8.7913
8228,US-2024-104715,2024-09-29,2024-10-06,Standard Class,JM-10391,Julia Martin,Corporate,United States,Phoenix,Arizona,50561,West,TEC-PH-0000206,Technology,Phones,Compact Desk Phone,611.5099,3,0.0,129.7681
3133,US-2022-101784,2022-08-11,2022-08-15,Standard Class,ED-10687,Edward Diaz,Home Office,United States,Los Angeles,California,57139,West,OFF-FA-0000113,Office Supplies,Fasteners,Executive Binder Clip Set,17.1688,2,0.2,3.1181
6920,US-2024-103947,2024-03-04,2024-03-09,Standard Class,IG-10468,Irene Green,Consumer,United States,Miami,Florida,86090,South,FUR-CH-0000020,Furniture,Chairs,Deluxe Stacking Chair,692.0905,3,0.2,4.5818
3819,US-2022-102174,2022-11-20,2022-11-25,Standard Class,MW-10445,Michael Wright,Consumer,United States,Miami,Florida,29356,South,OFF-ST-0000150,Office Supplies,Storage,Premium Archive Case,796.3772,7,0.1,26.4832
5677,US-2023-103240,2023-09-21,2023-09-25,Standard Class,DM-10588,Daniel Martin,Consumer,United States,Richmond,Virginia,68713,South,OFF-ST-0000141,Office Supplies,Storage,Classic Archive Case,388.2012,2,0.0,47.7645
8261,US-2024-104732,2024-10-03,2024-10-07,Second Class,ZP-10574,Zachary Perry,Home Office,United States,Los Angeles,California,66348,West,OFF-AR-0000074,Office Supplies,Art,Pro Marker Pack,80.3133,3,0.0,24.5355
8697,US-2024-104968,2024-11-24,2024-11-29,Standard Class,DG-10321,Daniel Green,Consumer,United States,Atlanta,Georgia,24183,South,TEC-CO-0000177,Technology,Copiers,Recycled Multifunction Copier,3364.4553,3,0.0,997.7234
7944,US-2024-104553,2024-08-20,2024-08-26,Standard Class,NW-10704,Nathan Wright,Corporate,United States,Minneapolis,Minnesota,58361,Central,OFF-EN-0000101,Office Supplies,Envelopes,Adjustable Security Envelope,38.6745,2,0.2,8.8917
7470,US-2024-104281,2024-06-07,2024-06-13,Standard Class,RW-10717,Robert Wells,Corporate,United States,Philadelphia,Pennsylvania,84037,East,OFF-EN-0000094,Office Supplies,Envelopes,Wireless Catalog Envelope,22.4148,1,0.0,5.8914
5749,US-2023-103279,2023-09-28,2023-10-01,First Class,BW-10440,Brian Wells,Corporate,United States,Philadelphia,Pennsylvania,26363,East,OFF-AR-0000074,Office Supplies,Art,Pro Marker Pack,22.6328,1,0.0,4.168
7800,US-2024-104473,2024-07-27,2024-07-30,Second Class,JG-10056,Jane Green,Consumer,United States,Newark,New Jersey,57826,East,OFF-AP-0000059,Office Supplies,Appliances,Recycled Air Purifier,479.4486,3,0.2,38.5344
4010,US-2022-102283,2022-12-08,2022-12-09,Same Day,JK-10341,Julia Kumar,Consumer,United States,Miami,Florida,20299,South,TEC-MA-0000185,Technology,Machines,Wireless Laser Printer,1273.176,3,0.4,-359.6025
2976,US-2022-101688,2022-07-10,2022-07-12,First Class,GK-10312,Grace Kelly,Corporate,United States,Nashville,Tennessee,59770,South,TEC-MA-0000194,Technology,Machines,Premium Laser Printer,1372.6182,1,0.0,43.6337
5151,US-2023-102924,2023-06-24,2023-06-27,First Class,LW-10758,Linda Watson,Home Office,United States,Atlanta,Georgia,49961,South,TEC-MA-0000197,Technology,Machines,Recycled Scanner,178.0586,1,0.7,-123.6665
3683,US-2022-102101,2022-11-02,2022-11-04,First Class,AM-10392,Adam Morgan,Corporate,United States,Portland,Oregon,26031,West,TEC-PH-0000201,Technology,Phones,Compact Smartphone,650.1369,2,0.0,110.7573
2578,US-2022-101452,2022-04-25,2022-05-01,Standard Class,QR-10511,Quinn Reed,Home Office,United States,Houston,Texas,69955,Central,TEC-MA-0000197,Technology,Machines,Recycled Scanner,5158.1841,5,0.0,137.813
4268,US-2023-102426,2023-01-16,2023-01-20,Second Class,CG-10677,Carol Gray,Corporate,United States,Phoenix,Arizona,96211,West,OFF-AP-0000060,Office Supplies,Appliances,Compact Air Purifier,292.6931,2,0.0,62.3517
2589,US-2022-101460,2022-04-27,2022-04-30,First Class,EK-10246,Edward Kelly,Consumer,United States,Phoenix,Arizona,65589,West,FUR-FU-0000038,Furniture,Furnishings,Premium Desk Lamp,89.6923,1,0.0,27.25
5271,US-2023-103001,2023-07-18,2023-07-23,Second Class,PD-10599,Paula Diaz,Corporate,United States,Houston,Texas,77492,Central,TEC-AC-0000163,Technology,Accessories,Classic Webcam,113.7637,1,0.0,21.8672
1099,US-2021-100610,2021-08-31,2021-09-07,Standard Class,FS-10690,Frank Shah,Home Office,United States,Detroit,Michigan,58393,Central,FUR-BO-0000001,Furniture,Bookcases,Executive Shelf Unit,110.8579,1,0.3,-17.4944
3086,US-2022-101756,2022-08-02,2022-08-07,Standard Class,HD-10379,Henry Diaz,Corporate,United States,Phoenix,Arizona,88816,West,OFF-AR-0000076,Office Supplies,Art,Recycled Sketch Pad,144.4437,3,0.1,46.8655
7868,US-2024-104514,2024-08-08,2024-08-12,Standard Class,JS-10481,Jack Scott,Consumer,United States,Nashville,Tennessee,66655,South,OFF-SU-0000155,Office Supplies,Supplies,Adjustable Scissors Set,34.344,1,0.0,3.2515
3676,US-2022-102097,2022-11-02,2022-11-07,Second Class,XE-10159,Xavier Edwards,Home Office,United States,Charlotte,North Carolina,45927,South,TEC-MA-0000197,Technology,Machines,Recycled Scanner,4790.854,5,0.0,1.4081
5865,US-2023-103350,2023-10-14,2023-10-21,Standard Class,KE-10671,Karen Edwards,Consumer,United States,Richmond,Virginia,96610,South,TEC-MA-0000188,Technology,Machines,Deluxe Scanner,1694.9066,2,0.5,-615.9277
86,US-2021-100046,2021-01-23,2021-01-28,Second Class,JD-10632,Jack Diaz,Corporate,United States,Detroit,Michigan,70952,Central,TEC-MA-0000190,Technology,Machines,Executive Laser Printer,1082.6837,2,0.6,-622.9684
4593,US-2023-102615,2023-03-28,2023-04-01,Standard Class,AC-10672,Adam Chen,Consumer,United States,Philadelphia,Pennsylvania,87104,East,TEC-CO-0000179,Technology,Copiers,Classic Desktop Copier,2663.239,2,0.1,286.4398
1815,US-2021-101012,2021-12-06,2021-12-11,Standard Class,KH-10529,Kevin Hall,Corporate,United States,Los Angeles,California,96562,West,FUR-FU-0000038,Furniture,Furnishings,Premium Desk Lamp,285.1587,3,0.0,59.4333
8663,US-2024-104948,2024-11-20,2024-11-27,Standard Class,RK-10354,Robert Kumar,Consumer,United States,Portland,Oregon,18509,West,TEC-PH-0000206,Technology,Phones,Compact Desk Phone,194.0092,1,0.0,41.3158
4425,US-2023-102518,2023-02-24,2023-02-27,First Class,SC-10693,Steven Chen,Consumer,United States,Miami,Florida,92217,South,TEC-CO-0000181,Technology,Copiers,Compact Multifunction Copier,4896.1782,3,0.1,1264.7036
116,US-2021-100064,2021-01-30,2021-01-30,Same Day,KC-10310,Kevin Cooper,Home Office,United States,Dallas,Texas,53515,Central,FUR-CH-0000010,Furniture,Chairs,Recycled Stacking Chair,451.2027,2,0.0,65.786
7144,US-2024-104082,2024-04-11,2024-04-14,First Class,GR-10221,Grace Rivera,Home Office,United States,Philadelphia,Pennsylvania,53743,East,TEC-PH-0000212,Technology,Phones,Recycled Conference Phone,148.1217,1,0.1,10.1111
8492,US-2024-104857,2024-11-02,2024-11-02,Same Day,ED-10687,Edward Diaz,Home Office,United States,Los Angeles,California,57139,West,TEC-AC-0000165,Technology,Accessories,Adjustable Mouse,799.1839,6,0.0,193.1967
8048,US-2024-104607,2024-09-03,2024-09-07,Standard Class,ME-10475,Marcus Evans,Consumer,United States,Columbus,Ohio,74316,East,OFF-BI-0000087,Office Supplies,Binders,Deluxe View Binder,219.6123,5,0.0,81.0486
8399,US-2024-104807,2024-10-22,2024-10-25,First Class,AB-10702,Amy Brooks,Corporate,United States,Nashville,Tennessee,48321,South,OFF-PA-0000131,Office Supplies,Paper,Standard Legal Pad,33.8886,1,0.0,8.7505
3060,US-2022-101738,2022-07-27,2022-08-03,Standard Class,JW-10044,Jack Wright,Corporate,United States,Boston,Massachusetts,80566,East,TEC-MA-0000187,Technology,Machines,Deluxe Laser Printer,165.6382,2,0.7999999999999999,-138.6223
5294,US-2023-103016,2023-07-25,2023-07-27,First Class,AS-10028,Andrew Scott,Corporate,United States,Seattle,Washington,93234,West,OFF-ST-0000150,Office Supplies,Storage,Premium Archive Case,132.854,1,0.0,12.1945
4152,US-2022-102358,2022-12-24,2022-12-29,Standard Class,WH-10292,Walter Hall,Consumer,United States,Charlotte,North Carolina,78824,South,OFF-PA-0000133,Office Supplies,Paper,Recycled Notebook,40.9748,1,0.0,11.1148
5175,US-2023-102941,2023-06-29,2023-07-04,Standard Class,CH-10224,Carol Hall,Consumer,United States,Atlanta,Georgia,22472,South,OFF-FA-0000110,Office Supplies,Fasteners,Deluxe Binder Clip Set,12.1327,1,0.0,3.094
6123,US-2023-103495,2023-11-13,2023-11-16,Second Class,EG-10049,Edward Garcia,Consumer,United States,Atlanta,Georgia,54472,South,OFF-AR-0000067,Office Supplies,Art,Adjustable Marker Pack,167.1066,5,0.0,58.233
3345,US-2022-101907,2022-09-15,2022-09-22,Standard Class,BB-10317,Brian Baker,Corporate,United States,Nashville,Tennessee,38725,South,TEC-MA-0000196,Technology,Machines,Standard Scanner,199.1956,1,0.5,-79.4279
6657,US-2024-103795,2024-01-04,2024-01-06,First Class,ZS-10041,Zoe Sanders,Consumer,United States,San Francisco,California,86445,West,OFF-ST-0000147,Office Supplies,Storage,Standard Storage Bin,131.5335,1,0.0,16.3508
7495,US-2024-104295,2024-06-10,2024-06-17,Standard Class,EP-10685,Edward Perry,Consumer,United States,Houston,Texas,43686,Central,FUR-CH-0000017,Furniture,Chairs,Advanced Office Chair,315.5618,1,0.0,83.2313
9068,US-2024-105162,2024-12-26,2024-12-28,First Class,DH-10048,Daniel Hughes,Corporate,United States,Chicago,Illinois,42458,Central,FUR-CH-0000018,Furniture,Chairs,Deluxe Task Chair,1291.7263,4,0.0,205.0889
7884,US-2024-104522,2024-08-11,2024-08-15,Standard Class,PT-10031,Paula Turner,Consumer,United States,Columbus,Ohio,39552,East,FUR-CH-0000016,Furniture,Chairs,Premium Office Chair,1247.1306,5,0.2,76.2617
8589,US-2024-104910,2024-11-12,2024-11-12,Same Day,VL-10461,Vivian Lee,Consumer,United States,Charlotte,North Carolina,48522,South,OFF-AP-0000064,Office Supplies,Appliances,Recycled Microwave,171.1773,1,0.0,37.5847
1042,US-2021-100576,2021-08-18,2021-08-23,Standard Class,IW-10205,Irene Ward,Corporate,United States,Columbus,Ohio,57863,East,OFF-BI-0000083,Office Supplies,Binders,Premium Clip Binder,27.8447,2,0.5,-3.5636
2741,US-2022-101542,2022-05-27,2022-06-02,Standard Class,ME-10256,Michael Evans,Consumer,United States,Boston,Massachusetts,82522,East,OFF-BI-0000082,Office Supplies,Binders,Adjustable Ring Binder,75.1915,2,0.0,23.094
6446,US-2023-103680,2023-12-14,2023-12-16,First Class,TS-10120,Thomas Stewart,Corporate,United States,Charlotte,North Carolina,18984,South,OFF-FA-0000108,Office Supplies,Fasteners,Adjustable Binder Clip Set,63.8403,3,0.0,15.9978
6005,US-2023-103429,2023-10-31,2023-11-03,First Class,BB-10193,Brian Bennett,Consumer,United States,Seattle,Washington,22580,West,OFF-ST-0000147,Office Supplies,Storage,Standard Storage Bin,158.7627,1,0.0,21.159
8765,US-2024-105001,2024-11-28,2024-12-03,Standard Class,AC-10641,Amy Chen,Home Office,United States,New York City,New York,45049,East,TEC-MA-0000197,Technology,Machines,Recycled Scanner,1061.4874,3,0.5,-336.4166
2297,US-2022-101296,2022-02-28,2022-03-06,Standard Class,SB-10591,Steven Bennett,Consumer,United States,Boston,Massachusetts,80938,East,TEC-MA-0000193,Technology,Machines,Adjustable Label Printer,2319.2729,3,0.4,-607.3498
6700,US-2024-103814,2024-01-09,2024-01-12,Second Class,JC-10629,Jason Campbell,Consumer,United States,Boston,Massachusetts,11568,East,FUR-TA-0000048,Furniture,Tables,Heavy-Duty Folding Table,1002.8074,7,0.7,-748.6594
1511,US-2021-100840,2021-10-29,2021-11-02,Second Class,DC-10304,Diane Campbell,Consumer,United States,Seattle,Washington,16897,West,OFF-EN-0000095,Office Supplies,Envelopes,Classic Security Envelope,19.9529,1,0.0,6.9714
7526,US-2024-104313,2024-06-18,2024-06-21,Second Class,JD-10632,Jack Diaz,Corporate,United States,Detroit,Michigan,70952,Central,FUR-CH-0000020,Furniture,Chairs,Deluxe Stacking Chair,1092.4774,3,0.0,351.0678
5038,US-2023-102861,2023-06-07,2023-06-12,Standard Class,LL-10211,Linda Lee,Corporate,United States,Los Angeles,California,69662,West,TEC-MA-0000191,Technology,Machines,Recycled Laser Printer,11352.5915,7,0.0,577.0423
7954,US-2024-104558,2024-08-21,2024-08-28,Standard Class,AC-10641,Amy Chen,Home Office,United States,New York City,New York,45049,East,FUR-TA-0000041,Furniture,Tables,Pro Training Table,820.7028,2,0.2,-235.6457
6807,US-2024-103878,2024-02-02,2024-02-03,Same Day,WB-10783,Walter Bennett,Consumer,United States,Miami,Florida,99512,South,OFF-AP-0000056,Office Supplies,Appliances,Heavy-Duty Air Purifier,99.9228,1,0.2,13.2282
1546,US-2021-100860,2021-11-04,2021-11-07,First Class,RC-10532,Robert Cooper,Corporate,United States,Miami,Florida,23322,South,TEC-PH-0000210,Technology,Phones,Standard Desk Phone,448.6987,2,0.0,96.6188
1323,US-2021-100738,2021-10-04,2021-10-08,Standard Class,AN-10024,Anna Nguyen,Corporate,United States,Atlanta,Georgia,50850,South,OFF-PA-0000131,Office Supplies,Paper,Standard Legal Pad,25.6796,1,0.3,3.8379
715,US-2021-100402,2021-06-16,2021-06-21,Standard Class,OJ-10105,Olivia Jenkins,Home Office,United States,Portland,Oregon,68033,West,OFF-AP-0000055,Office Supplies,Appliances,Executive Air Purifier,215.4527,2,0.2,-5.007
3440,US-2022-101962,2022-09-29,2022-10-04,Second Class,KB-10769,Karen Bennett,Corporate,United States,Nashville,Tennessee,16970,South,TEC-PH-0000210,Technology,Phones,Standard Desk Phone,224.886,1,0.0,52.6117
5818,US-2023-103319,2023-10-05,2023-10-09,Standard Class,ZG-10547,Zoe Gray,Corporate,United States,Atlanta,Georgia,36884,South,FUR-CH-0000022,Furniture,Chairs,Adjustable Stacking Chair,448.1523,2,0.0,50.5739
8080,US-2024-104623,2024-09-09,2024-09-11,First Class,CK-10012,Chris Kumar,Corporate,United States,Columbus,Ohio,23007,East,FUR-CH-0000011,Furniture,Chairs,Pro Task Chair,478.5253,2,0.3,-44.2963
8046,US-2024-104607,2024-09-03,2024-09-07,Standard Class,ME-10475,Marcus Evans,Consumer,United States,Columbus,Ohio,74316,East,FUR-BO-0000004,Furniture,Bookcases,Deluxe Storage Cabinet,725.7065,2,0.0,19.9463
3077,US-2022-101749,2022-07-30,2022-08-06,Standard Class,SG-10441,Sandra Gray,Consumer,United States,Richmond,Virginia,29601,South,OFF-FA-0000113,Office Supplies,Fasteners,Executive Binder Clip Set,28.8615,3,0.3,3.3742
3354,US-2022-101911,2022-09-16,2022-09-19,Second Class,AB-10569,Andrew Brooks,Corporate,United States,Dallas,Texas,37797,Central,OFF-AR-0000067,Office Supplies,Art,Adjustable Marker Pack,38.9893,1,0.0,5.3445
2828,US-2022-101598,2022-06-11,2022-06-17,Standard Class,CW-10097,Carol Ward,Consumer,United States,Seattle,Washington,75355,West,TEC-CO-0000177,Technology,Copiers,Recycled Multifunction Copier,3532.3119,3,0.0,1110.0449
1186,US-2021-100661,2021-09-13,2021-09-16,First Class,MH-10433,Maria Hayes,Consumer,United States,Minneapolis,Minnesota,86549,Central,FUR-TA-0000048,Furniture,Tables,Heavy-Duty Folding Table,1968.9512,7,0.4,-660.3459
779,US-2021-100439,2021-06-30,2021-07-06,Standard Class,MK-10534,Michael Kumar,Corporate,United States,Chicago,Illinois,48405,Central,OFF-EN-0000104,Office Supplies,Envelopes,Deluxe Security Envelope,33.2736,1,0.0,11.4385
3834,US-2022-102183,2022-11-22,2022-11-27,Standard Class,JR-10255,Jane Rivera,Consumer,United States,Newark,New Jersey,93424,East,OFF-PA-0000137,Office Supplies,Paper,Compact Copy Paper,72.5315,3,0.1,23.0409
2990,US-2022-101695,2022-07-12,2022-07-15,First Class,SH-10036,Susan Hall,Home Office,United States,San Francisco,California,24184,West,OFF-FA-0000110,Office Supplies,Fasteners,Deluxe Binder Clip Set,14.2262,1,0.0,4.3965
2585,US-2022-101459,2022-04-27,2022-05-01,Second Class,GC-10795,Grace Carter,Consumer,United States,Boston,Massachusetts,59387,East,FUR-FU-0000035,Furniture,Furnishings,Pro Desk Lamp,355.8983,5,0.1,87.2724
4355,US-2023-102480,2023-02-09,2023-02-15,Standard Class,PR-10083,Patrick Reed,Corporate,United States,Minneapolis,Minnesota,61293,Central,FUR-FU-0000038,Furniture,Furnishings,Premium Desk Lamp,378.4797,5,0.0,107.7091
2145,US-2022-101211,2022-01-26,2022-01-30,Standard Class,OA-10332,Olivia Adams,Consumer,United States,Los Angeles,California,99176,West,OFF-ST-0000147,Office Supplies,Storage,Standard Storage Bin,343.8038,3,0.0,8.9671
3869,US-2022-102201,2022-11-24,2022-11-30,Standard Class,CS-10127,Carol Shah,Consumer,United States,Philadelphia,Pennsylvania,51917,East,OFF-EN-0000095,Office Supplies,Envelopes,Classic Security Envelope,18.5677,1,0.0,7.3853
4435,US-2023-102523,2023-02-27,2023-03-04,Standard Class,BS-10774,Brian Scott,Consumer,United States,Seattle,Washington,56153,West,OFF-LA-0000119,Office Supplies,Labels,Wireless File Folder Label,71.9512,4,0.0,29.0014
2039,US-2022-101155,2022-01-05,2022-01-07,First Class,VW-10552,Vivian Wright,Corporate,United States,New York City,New York,87944,East,OFF-ST-0000147,Office Supplies,Storage,Standard Storage Bin,838.1585,5,0.0,121.2116
5839,US-2023-103337,2023-10-11,2023-10-15,Standard Class,EN-10045,Edward Nguyen,Consumer,United States,Miami,Florida,23359,South,FUR-FU-0000027,Furniture,Furnishings,Wireless Wall Clock,79.8779,2,0.0,19.5864
6127,US-2023-103499,2023-11-13,2023-11-16,Second Class,SM-10604,Sandra Martin,Consumer,United States,New York City,New York,32483,East,TEC-MA-0000196,Technology,Machines,Standard Scanner,1574.993,5,0.5,-534.2541
8793,US-2024-105016,2024-12-02,2024-12-07,Standard Class,EF-10348,Edward Fisher,Consumer,United States,New York City,New York,85195,East,OFF-AP-0000060,Office Supplies,Appliances,Compact Air Purifier,193.3253,2,0.0,35.5846
8548,US-2024-104883,2024-11-07,2024-11-13,Standard Class,AW-10723,Aaron Wright,Consumer,United States,Houston,Texas,15866,Central,FUR-TA-0000051,Furniture,Tables,Heavy-Duty Training Table,1159.5968,2,0.0,-40.1199
703,US-2021-100397,2021-06-14,2021-06-18,Second Class,JK-10341,Julia Kumar,Consumer,United States,Miami,Florida,20299,South,TEC-PH-0000204,Technology,Phones,Executive Smartphone,896.4845,3,0.0,151.3979
1234,US-2021-100692,2021-09-22,2021-09-24,First Class,NE-10340,Nathan Edwards,Consumer,United States,Newark,New Jersey,23899,East,TEC-MA-0000192,Technology,Machines,Standard Label Printer,1195.7558,1,0.0,51.3244
902,US-2021-100499,2021-07-26,2021-08-02,Standard Class,RC-10538,Robert Collins,Consumer,United States,New York City,New York,16401,East,OFF-AP-0000062,Office Supplies,Appliances,Heavy-Duty Microwave,226.3513,1,0.0,39.8991
8654,US-2024-104942,2024-11-18,2024-11-25,Standard Class,MW-10250,Michael Watson,Corporate,United States,Newark,New Jersey,70065,East,OFF-SU-0000158,Office Supplies,Supplies,Classic Tape Dispenser,140.9705,3,0.2,4.5311
6638,US-2024-103788,2024-01-02,2024-01-07,Second Class,AH-10755,Aaron Hayes,Consumer,United States,Seattle,Washington,91388,West,FUR-FU-0000038,Furniture,Furnishings,Premium Desk Lamp,149.5094,2,0.0,22.4281
3082,US-2022-101753,2022-08-01,2022-08-07,Standard Class,LW-10758,Linda Watson,Home Office,United States,Atlanta,Georgia,49961,South,FUR-CH-0000024,Furniture,Chairs,Wireless Stacking Chair,744.1598,3,0.0,117.997
5591,US-2023-103180,2023-09-07,2023-09-10,First Class,DB-10061,Diane Baker,Corporate,United States,Newark,New Jersey,14382,East,OFF-BI-0000083,Office Supplies,Binders,Premium Clip Binder,32.3049,1,0.3,0.4384
6085,US-2023-103473,2023-11-08,2023-11-13,Second Class,KC-10670,Karen Chen,Consumer,United States,Seattle,Washington,66331,West,TEC-CO-0000178,Technology,Copiers,Adjustable Multifunction Copier,1053.2177,1,0.0,434.1073
5388,US-2023-103067,2023-08-09,2023-08-15,Standard Class,TB-10222,Tina Brooks,Consumer,United States,New York City,New York,26263,East,FUR-BO-0000002,Furniture,Bookcases,Advanced Storage Cabinet,1472.9407,5,0.3,-198.0525
1629,US-2021-100911,2021-11-13,2021-11-14,Same Day,OR-10418,Olivia Rivera,Consumer,United States,Portland,Oregon,58765,West,TEC-MA-0000195,Technology,Machines,Classic Label Printer,1140.4368,2,0.2,-76.7417
5105,US-2023-102896,2023-06-16,2023-06-22,Standard Class,DW-10415,Diane Ward,Consumer,United States,Portland,Oregon,94573,West,OFF-FA-0000111,Office Supplies,Fasteners,Classic Staple Pack,38.199,2,0.0,11.1927
26,US-2021-100016,2021-01-09,2021-01-14,Second Class,MC-10509,Marcus Clark,Consumer,United States,Dallas,Texas,92909,Central,TEC-AC-0000170,Technology,Accessories,Advanced Webcam,93.0743,1,0.0,22.3335
8441,US-2024-104830,2024-10-28,2024-11-02,Second Class,OM-10443,Olivia Murphy,Corporate,United States,Richmond,Virginia,39782,South,TEC-PH-0000201,Technology,Phones,Compact Smartphone,510.7202,2,0.3,26.4001
6162,US-2023-103518,2023-11-17,2023-11-20,First Class,JP-10679,Julia Parker,Consumer,United States,Phoenix,Arizona,48011,West,OFF-LA-0000127,Office Supplies,Labels,Deluxe Address Label,77.2263,4,0.0,24.4797
5313,US-2023-103026,2023-07-27,2023-08-02,Standard Class,RW-10717,Robert Wells,Corporate,United States,Philadelphia,Pennsylvania,84037,East,TEC-AC-0000165,Technology,Accessories,Adjustable Mouse,140.6615,3,0.2,24.4692
8465,US-2024-104844,2024-10-31,2024-11-07,Standard Class,DN-10141,Daniel Nguyen,Consumer,United States,Houston,Texas,49127,Central,OFF-BI-0000087,Office Supplies,Binders,Deluxe View Binder,99.7784,4,0.0,35.1177
3168,US-2022-101800,2022-08-16,2022-08-20,Standard Class,MM-10564,Maria Murphy,Corporate,United States,Chicago,Illinois,36300,Central,TEC-PH-0000206,Technology,Phones,Compact Desk Phone,255.7397,1,0.0,31.2891
4659,US-2023-102651,2023-04-04,2023-04-08,Second Class,SJ-10300,Susan Jenkins,Consumer,United States,Portland,Oregon,27370,West,TEC-MA-0000197,Technology,Machines,Recycled Scanner,3378.2207,4,0.0,193.5059
1544,US-2021-100859,2021-11-04,2021-11-11,Standard Class,MS-10268,Marcus Scott,Home Office,United States,Seattle,Washington,76584,West,OFF-SU-0000158,Office Supplies,Supplies,Classic Tape Dispenser,82.3243,1,0.0,7.271
2306,US-2022-101301,2022-03-02,2022-03-05,First Class,AH-10021,Andrew Harris,Corporate,United States,Los Angeles,California,53972,West,OFF-AP-0000065,Office Supplies,Appliances,Recycled Microwave,428.8288,5,0.2,67.8592
9073,US-2024-105165,2024-12-26,2024-12-30,Standard Class,SG-10441,Sandra Gray,Consumer,United States,Richmond,Virginia,29601,South,TEC-MA-0000191,Technology,Machines,Recycled Laser Printer,1499.2664,3,0.5,-559.733
8440,US-2024-104829,2024-10-28,2024-11-03,Standard Class,AS-10324,Aaron Stewart,Home Office,United States,Phoenix,Arizona,86963,West,TEC-CO-0000178,Technology,Copiers,Adjustable Multifunction Copier,3248.8525,2,0.0,912.4946
838,US-2021-100467,2021-07-12,2021-07-17,Second Class,JW-10044,Jack Wright,Corporate,United States,Boston,Massachusetts,80566,East,TEC-CO-0000179,Technology,Copiers,Classic Desktop Copier,4088.4712,3,0.0,976.8032
8043,US-2024-104605,2024-09-03,2024-09-08,Standard Class,JR-10406,Jane Ross,Consumer,United States,Seattle,Washington,25468,West,TEC-CO-0000182,Technology,Copiers,Advanced Multifunction Copier,6102.1347,4,0.0,2120.843
2182,US-2022-101232,2022-02-02,2022-02-02,Same Day,DB-10308,Diane Brooks,Consumer,United States,Phoenix,Arizona,18581,West,TEC-PH-0000209,Technology,Phones,Recycled Desk Phone,664.1122,3,0.3,-38.6324
3646,US-2022-102082,2022-10-28,2022-11-04,Standard Class,ZP-10574,Zachary Perry,Home Office,United States,Los Angeles,California,66348,West,FUR-TA-0000052,Furniture,Tables,Recycled Conference Table,1697.6138,3,0.0,-93.3531
1616,US-2021-100902,2021-11-11,2021-11-18,Standard Class,YD-10351,Yolanda Diaz,Consumer,United States,Seattle,Washington,28283,West,TEC-CO-0000177,Technology,Copiers,Recycled Multifunction Copier,1595.1872,2,0.3,169.4559
5664,US-2023-103231,2023-09-19,2023-09-23,Second Class,CT-10233,Carol Turner,Consumer,United States,Houston,Texas,16175,Central,OFF-FA-0000105,Office Supplies,Fasteners,Recycled Paper Clip Box,31.2846,3,0.0,9.9664
7647,US-2024-104387,2024-07-05,2024-07-12,Standard Class,PR-10083,Patrick Reed,Corporate,United States,Minneapolis,Minnesota,61293,Central,FUR-FU-0000031,Furniture,Furnishings,Advanced Desk Lamp,167.9621,6,0.3,-9.2355
1516,US-2021-100844,2021-10-31,2021-11-05,Standard Class,EG-10049,Edward Garcia,Consumer,United States,Atlanta,Georgia,54472,South,TEC-MA-0000197,Technology,Machines,Recycled Scanner,3017.2036,5,0.2,-212.7011
40,US-2021-100023,2021-01-11,2021-01-15,Second Class,WR-10798,Walter Russell,Home Office,United States,Columbus,Ohio,25250,East,OFF-ST-0000149,Office Supplies,Storage,Compact Filing Box,658.0134,7,0.3,-54.3105
5327,US-2023-103034,2023-07-28,2023-08-01,Standard Class,QT-10284,Quinn Turner,Corporate,United States,Detroit,Michigan,97280,Central,FUR-TA-0000043,Furniture,Tables,Adjustable Folding Table,1014.694,4,0.3,-269.6478
537,US-2021-100307,2021-05-13,2021-05-19,Standard Class,JD-10119,Jason Diaz,Consumer,United States,Boston,Massachusetts,25852,East,OFF-AP-0000064,Office Supplies,Appliances,Recycled Microwave,181.4816,4,0.7,-85.3911
7162,US-2024-104090,2024-04-14,2024-04-19,Second Class,VC-10326,Vivian Chen,Corporate,United States,Dallas,Texas,97668,Central,FUR-TA-0000050,Furniture,Tables,Adjustable Training Table,734.1298,2,0.2,-101.1841
277,US-2021-100158,2021-03-19,2021-03-22,First Class,AM-10787,Amy Mitchell,Corporate,United States,New York City,New York,55375,East,OFF-EN-0000099,Office Supplies,Envelopes,Advanced Security Envelope,65.6855,3,0.0,20.4053
742,US-2021-100416,2021-06-20,2021-06-23,First Class,LW-10758,Linda Watson,Home Office,United States,Atlanta,Georgia,49961,South,FUR-FU-0000037,Furniture,Furnishings,Adjustable Photo Frame,195.0915,4,0.0,52.757
5002,US-2023-102841,2023-06-01,2023-06-06,Second Class,KS-10602,Karen Shah,Corporate,United States,New York City,New York,73847,East,FUR-FU-0000033,Furniture,Furnishings,Pro Desk Lamp,165.6259,5,0.2,33.735
6238,US-2023-103563,2023-11-26,2023-12-01,Second Class,AS-10028,Andrew Scott,Corporate,United States,Seattle,Washington,93234,West,OFF-AP-0000056,Office Supplies,Appliances,Heavy-Duty Air Purifier,135.3037,1,0.2,8.922
4884,US-2023-102782,2023-05-10,2023-05-10,Same Day,JW-10297,Jane Wells,Home Office,United States,Newark,New Jersey,14272,East,OFF-EN-0000098,Office Supplies,Envelopes,Executive Security Envelope,114.5787,4,0.0,26.3468
3375,US-2022-101924,2022-09-20,2022-09-21,Same Day,TS-10120,Thomas Stewart,Corporate,United States,Charlotte,North Carolina,18984,South,TEC-CO-0000176,Technology,Copiers,Adjustable Colour Copier,2506.5704,4,0.2,517.0465
727,US-2021-100407,2021-06-17,2021-06-22,Second Class,AM-10392,Adam Morgan,Corporate,United States,Portland,Oregon,26031,West,TEC-MA-0000194,Technology,Machines,Premium Laser Printer,442.6945,1,0.5,-203.8032
302,US-2021-100172,2021-03-24,2021-03-28,Standard Class,CR-10712,Chris Ross,Corporate,United States,Los Angeles,California,81136,West,TEC-MA-0000197,Technology,Machines,Recycled Scanner,741.5801,1,0.2,-17.6644
4827,US-2023-102747,2023-04-29,2023-05-03,Second Class,SE-10754,Steven Edwards,Home Office,United States,Los Angeles,California,66055,West,OFF-SU-0000156,Office Supplies,Supplies,Compact Letter Opener,64.9244,1,0.1,-5.9603
2910,US-2022-101645,2022-06-27,2022-07-01,Second Class,QC-10388,Quinn Chen,Corporate,United States,Charlotte,North Carolina,53249,South,OFF-PA-0000129,Office Supplies,Paper,Recycled Copy Paper,31.635,1,0.0,12.397
2026,US-2022-101147,2022-01-03,2022-01-08,Standard Class,XH-10215,Xavier Hall,Corporate,United States,Boston,Massachusetts,36717,East,TEC-PH-0000209,Technology,Phones,Recycled Desk Phone,1151.7701,3,0.0,183.4181
8227,US-2024-104714,2024-09-28,2024-10-02,Standard Class,AC-10641,Amy Chen,Home Office,United States,New York City,New York,45049,East,OFF-SU-0000156,Office Supplies,Supplies,Compact Letter Opener,185.6267,3,0.2,-7.6169
485,US-2021-100278,2021-05-04,2021-05-09,Standard Class,ZM-10054,Zoe Mitchell,Consumer,United States,New York City,New York,17570,East,TEC-MA-0000196,Technology,Machines,Standard Scanner,4248.1695,7,0.2,-41.218
8026,US-2024-104597,2024-08-31,2024-09-06,Standard Class,GM-10230,Grace Mitchell,Home Office,United States,Richmond,Virginia,33185,South,FUR-CH-0000024,Furniture,Chairs,Wireless Stacking Chair,713.6616,2,0.2,-51.5672
5288,US-2023-103012,2023-07-21,2023-07-25,Second Class,CK-10012,Chris Kumar,Corporate,United States,Columbus,Ohio,23007,East,OFF-EN-0000093,Office Supplies,Envelopes,Adjustable Security Envelope,93.2563,3,0.0,36.2037
8206,US-2024-104703,2024-09-26,2024-10-01,Standard Class,JB-10559,Julia Bennett,Corporate,United States,Richmond,Virginia,62326,South,OFF-BI-0000082,Office Supplies,Binders,Adjustable Ring Binder,71.7931,4,0.0,21.8355
6860,US-2024-103914,2024-02-19,2024-02-20,Same Day,CM-10393,Carol Murphy,Corporate,United States,Chicago,Illinois,91466,Central,OFF-EN-0000104,Office Supplies,Envelopes,Deluxe Security Envelope,45.6808,2,0.0,13.6762
4969,US-2023-102824,2023-05-25,2023-06-01,Standard Class,RC-10538,Robert Collins,Consumer,United States,New York City,New York,16401,East,TEC-MA-0000192,Technology,Machines,Standard Label Printer,1241.169,3,0.4,-329.5798
1290,US-2021-100722,2021-10-01,2021-10-07,Standard Class,MM-10564,Maria Murphy,Corporate,United States,Chicago,Illinois,36300,Central,OFF-AR-0000070,Office Supplies,Art,Pro Marker Pack,199.2451,7,0.1,28.6518
3667,US-2022-102092,2022-11-01,2022-11-07,Standard Class,LS-10566,Linda Sanders,Corporate,United States,Detroit,Michigan,88969,Central,TEC-MA-0000196,Technology,Machines,Standard Scanner,2209.0014,3,0.0,77.9065
4182,US-2022-102373,2022-12-27,2023-01-02,Standard Class,KC-10191,Karen Campbell,Corporate,United States,Minneapolis,Minnesota,40575,Central,OFF-EN-0000098,Office Supplies,Envelopes,Executive Security Envelope,40.367,2,0.1,12.0831
3717,US-2022-102118,2022-11-06,2022-11-10,Standard Class,KL-10718,Kevin Lewis,Home Office,United States,San Francisco,California,20113,West,OFF-ST-0000147,Office Supplies,Storage,Standard Storage Bin,206.2706,1,0.0,16.5084
7122,US-2024-104066,2024-04-08,2024-04-12,Second Class,KL-10718,Kevin Lewis,Home Office,United States,San Francisco,California,20113,West,TEC-PH-0000210,Technology,Phones,Standard Desk Phone,726.4553,3,0.1,99.9299
6364,US-2023-103634,2023-12-08,2023-12-14,Standard Class,ER-10068,Edward Russell,Consumer,United States,Detroit,Michigan,49454,Central,TEC-AC-0000168,Technology,Accessories,Wireless Webcam,509.66,5,0.1,80.5713
4583,US-2023-102608,2023-03-27,2023-03-31,Standard Class,RB-10079,Robert Bennett,Consumer,United States,New York City,New York,36527,East,TEC-MA-0000185,Technology,Machines,Wireless Laser Printer,2300.6327,7,0.5,-1002.8006
2888,US-2022-101632,2022-06-22,2022-06-28,Standard Class,CR-10712,Chris Ross,Corporate,United States,Los Angeles,California,81136,West,OFF-PA-0000137,Office Supplies,Paper,Compact Copy Paper,82.8982,4,0.1,26.7955
297,US-2021-100169,2021-03-23,2021-03-28,Second Class,CS-10127,Carol Shah,Consumer,United States,Philadelphia,Pennsylvania,51917,East,OFF-EN-0000102,Office Supplies,Envelopes,Executive Catalog Envelope,23.826,1,0.0,7.2924
443,US-2021-100253,2021-04-26,2021-04-26,Same Day,IM-10179,Irene Murphy,Home Office,United States,Nashville,Tennessee,93963,South,OFF-PA-0000136,Office Supplies,Paper,Wireless Legal Pad,177.4431,4,0.1,44.2081
2420,US-2022-101366,2022-03-25,2022-03-29,Standard Class,YR-10506,Yolanda Ross,Consumer,United States,Philadelphia,Pennsylvania,99224,East,FUR-CH-0000011,Furniture,Chairs,Pro Task Chair,216.8892,1,0.2,2.4159
2202,US-2022-101242,2022-02-06,2022-02-06,Same Day,RW-10717,Robert Wells,Corporate,United States,Philadelphia,Pennsylvania,84037,East,FUR-TA-0000054,Furniture,Tables,Advanced Conference Table,1802.1088,2,0.2,-440.3793
1025,US-2021-100568,2021-08-16,2021-08-19,Second Class,AM-10392,Adam Morgan,Corporate,United States,Portland,Oregon,26031,West,TEC-CO-0000175,Technology,Copiers,Pro Multifunction Copier,1047.9958,1,0.3,90.0791
8220,US-2024-104710,2024-09-28,2024-10-05,Standard Class,PT-10172,Patrick Turner,Corporate,United States,Phoenix,Arizona,61194,West,OFF-EN-0000092,Office Supplies,Envelopes,Heavy-Duty Catalog Envelope,69.1528,3,0.1,17.3974
5772,US-2023-103292,2023-10-01,2023-10-06,Standard Class,WB-10580,Walter Brooks,Consumer,United States,Miami,Florida,27270,South,OFF-AR-0000077,Office Supplies,Art,Classic Marker Pack,186.5604,3,0.0,46.9118
7942,US-2024-104551,2024-08-20,2024-08-25,Standard Class,VW-10740,Victor Wells,Corporate,United States,Minneapolis,Minnesota,86194,Central,OFF-BI-0000081,Office Supplies,Binders,Premium Clip Binder,39.0632,4,0.5,-4.7972
1925,US-2021-101081,2021-12-18,2021-12-23,Standard Class,PM-10578,Patrick Martin,Consumer,United States,Houston,Texas,89811,Central,OFF-FA-0000106,Office Supplies,Fasteners,Premium Binder Clip Set,68.7317,4,0.2,11.2187
8807,US-2024-105022,2024-12-02,2024-12-06,Standard Class,DN-10141,Daniel Nguyen,Consumer,United States,Houston,Texas,49127,Central,OFF-SU-0000157,Office Supplies,Supplies,Advanced Scissors Set,45.4509,1,0.0,3.1759
6679,US-2024-103807,2024-01-08,2024-01-14,Standard Class,LC-10596,Linda Campbell,Home Office,United States,Charlotte,North Carolina,96715,South,TEC-MA-0000188,Technology,Machines,Deluxe Scanner,2901.4452,3,0.0,337.4942
6841,US-2024-103902,2024-02-14,2024-02-18,Standard Class,XE-10159,Xavier Edwards,Home Office,United States,Charlotte,North Carolina,45927,South,FUR-CH-0000010,Furniture,Chairs,Recycled Stacking Chair,500.8754,3,0.2,-38.6661
6937,US-2024-103959,2024-03-06,2024-03-07,Same Day,SP-10530,Steven Parker,Consumer,United States,Newark,New Jersey,35907,East,TEC-PH-0000200,Technology,Phones,Premium Desk Phone,932.5158,3,0.0,162.9134
1880,US-2021-101053,2021-12-14,2021-12-18,Standard Class,RC-10538,Robert Collins,Consumer,United States,New York City,New York,16401,East,FUR-FU-0000034,Furniture,Furnishings,Executive Wall Clock,92.3408,2,0.3,6.8417
91,US-2021-100050,2021-01-26,2021-01-30,Standard Class,ZM-10254,Zoe Martin,Corporate,United States,Atlanta,Georgia,36194,South,FUR-CH-0000018,Furniture,Chairs,Deluxe Task Chair,255.9522,1,0.3,-18.5291
6591,US-2023-103761,2023-12-28,2024-01-02,Standard Class,JC-10792,Jack Carter,Corporate,United States,Boston,Massachusetts,76016,East,FUR-TA-0000050,Furniture,Tables,Adjustable Training Table,1004.0874,2,0.0,-94.9362
4469,US-2023-102544,2023-03-07,2023-03-14,Standard Class,CK-10558,Carol Kelly,Consumer,United States,Charlotte,North Carolina,94720,South,OFF-BI-0000085,Office Supplies,Binders,Deluxe View Binder,125.7193,5,0.4,-12.7577
9047,US-2024-105148,2024-12-25,2024-12-30,Standard Class,SE-10754,Steven Edwards,Home Office,United States,Los Angeles,California,66055,West,OFF-ST-0000149,Office Supplies,Storage,Compact Filing Box,987.9808,7,0.0,12.9569
8698,US-2024-104969,2024-11-24,2024-11-26,First Class,RB-10079,Robert Bennett,Consumer,United States,New York City,New York,36527,East,FUR-TA-0000054,Furniture,Tables,Advanced Conference Table,3262.4221,6,0.4,-1183.2695
3958,US-2022-102251,2022-12-01,2022-12-07,Standard Class,TJ-10294,Thomas Jenkins,Consumer,United States,Los Angeles,California,89451,West,TEC-CO-0000179,Technology,Copiers,Classic Desktop Copier,1486.7852,2,0.3,53.2499
7570,US-2024-104340,2024-06-22,2024-06-27,Second Class,VR-10617,Vivian Reed,Corporate,United States,Charlotte,North Carolina,87960,South,OFF-SU-0000154,Office Supplies,Supplies,Deluxe Scissors Set,122.8908,2,0.1,10.7092
8627,US-2024-104928,2024-11-16,2024-11-17,Same Day,KM-10738,Kevin Murphy,Home Office,United States,Phoenix,Arizona,75479,West,OFF-SU-0000160,Office Supplies,Supplies,Compact Tape Dispenser,94.6051,3,0.2,-12.0914
8577,US-2024-104901,2024-11-11,2024-11-15,Standard Class,ED-10687,Edward Diaz,Home Office,United States,Los Angeles,California,57139,West,OFF-AR-0000070,Office Supplies,Art,Pro Marker Pack,93.7987,2,0.0,22.0858
7828,US-2024-104490,2024-08-03,2024-08-08,Second Class,LS-10566,Linda Sanders,Corporate,United States,Detroit,Michigan,88969,Central,OFF-ST-0000151,Office Supplies,Storage,Advanced Archive Case,693.0426,7,0.2,-70.4555
2356,US-2022-101331,2022-03-11,2022-03-11,Same Day,CL-10330,Chris Long,Consumer,United States,Nashville,Tennessee,32310,South,OFF-PA-0000132,Office Supplies,Paper,Standard Legal Pad,103.0807,6,0.0,35.2954
7272,US-2024-104158,2024-05-01,2024-05-03,First Class,MH-10567,Michael Harris,Consumer,United States,Minneapolis,Minnesota,85241,Central,OFF-AP-0000055,Office Supplies,Appliances,Executive Air Purifier,77.3716,1,0.3,5.2793
3730,US-2022-102127,2022-11-09,2022-11-14,Second Class,CC-10544,Chris Chen,Consumer,United States,Charlotte,North Carolina,86867,South,OFF-ST-0000140,Office Supplies,Storage,Adjustable Archive Case,143.3928,1,0.3,-18.9358
4756,US-2023-102706,2023-04-18,2023-04-21,Second Class,ED-10687,Edward Diaz,Home Office,United States,Los Angeles,California,57139,West,OFF-LA-0000123,Office Supplies,Labels,Wireless Shipping Label,21.4835,2,0.2,2.566
5177,US-2023-102943,2023-06-30,2023-06-30,Same Day,DP-10270,David Patel,Corporate,United States,Seattle,Washington,12546,West,TEC-CO-0000178,Technology,Copiers,Adjustable Multifunction Copier,1508.7019,1,0.0,383.0616
44,US-2021-100026,2021-01-12,2021-01-18,Standard Class,ZL-10732,Zoe Long,Corporate,United States,Houston,Texas,48467,Central,FUR-FU-0000038,Furniture,Furnishings,Premium Desk Lamp,323.7349,4,0.1,48.1081
7546,US-2024-104327,2024-06-21,2024-06-28,Standard Class,CK-10558,Carol Kelly,Consumer,United States,Charlotte,North Carolina,94720,South,TEC-PH-0000206,Technology,Phones,Compact Desk Phone,769.1248,4,0.0,216.2556
3205,US-2022-101822,2022-08-23,2022-08-30,Standard Class,SW-10726,Susan Watson,Consumer,United States,Boston,Massachusetts,43564,East,FUR-FU-0000025,Furniture,Furnishings,Recycled Photo Frame,130.1287,2,0.0,23.9643
2401,US-2022-101354,2022-03-21,2022-03-28,Standard Class,QT-10284,Quinn Turner,Corporate,United States,Detroit,Michigan,97280,Central,OFF-FA-0000106,Office Supplies,Fasteners,Premium Binder Clip Set,32.1875,2,0.0,13.8412
5448,US-2023-103098,2023-08-19,2023-08-23,Standard Class,WF-10182,Walter Fisher,Consumer,United States,Los Angeles,California,14944,West,FUR-FU-0000038,Furniture,Furnishings,Premium Desk Lamp,71.3607,1,0.1,9.9356
3825,US-2022-102177,2022-11-21,2022-11-26,Standard Class,OM-10501,Olivia Martin,Consumer,United States,Phoenix,Arizona,36394,West,OFF-AR-0000074,Office Supplies,Art,Pro Marker Pack,94.7299,5,0.2,11.5262
80,US-2021-100043,2021-01-22,2021-01-29,Standard Class,RR-10207,Robert Russell,Consumer,United States,Chicago,Illinois,87116,Central,OFF-SU-0000153,Office Supplies,Supplies,Recycled Tape Dispenser,127.6949,3,0.1,-6.0703
5341,US-2023-103038,2023-07-29,2023-08-05,Standard Class,MW-10250,Michael Watson,Corporate,United States,Newark,New Jersey,70065,East,TEC-CO-0000177,Technology,Copiers,Recycled Multifunction Copier,1285.7345,1,0.0,381.364
6570,US-2023-103751,2023-12-27,2024-01-01,Standard Class,JW-10549,Jason Wells,Consumer,United States,Atlanta,Georgia,13311,South,FUR-FU-0000037,Furniture,Furnishings,Adjustable Photo Frame,98.0302,3,0.1,21.381
2774,US-2022-101563,2022-06-02,2022-06-05,First Class,MH-10496,Maria Harris,Corporate,United States,San Francisco,California,70649,West,OFF-ST-0000150,Office Supplies,Storage,Premium Archive Case,614.1858,5,0.0,40.0482
1318,US-2021-100735,2021-10-03,2021-10-07,Second Class,JS-10438,Julia Shah,Home Office,United States,San Francisco,California,83922,West,OFF-AR-0000068,Office Supplies,Art,Recycled Sketch Pad,251.72,7,0.0,68.4037
826,US-2021-100461,2021-07-12,2021-07-16,Standard Class,PC-10572,Patrick Carter,Consumer,United States,Detroit,Michigan,96703,Central,OFF-AP-0000063,Office Supplies,Appliances,Executive Microwave,380.433,6,0.3,23.7395
8282,US-2024-104744,2024-10-06,2024-10-11,Standard Class,DR-10642,David Russell,Consumer,United States,Portland,Oregon,97929,West,FUR-TA-0000050,Furniture,Tables,Adjustable Training Table,1311.3923,5,0.5,-754.3976
3690,US-2022-102106,2022-11-03,2022-11-07,Second Class,AC-10672,Adam Chen,Consumer,United States,Philadelphia,Pennsylvania,87104,East,OFF-EN-0000102,Office Supplies,Envelopes,Executive Catalog Envelope,15.3416,1,0.3,2.994
8351,US-2024-104779,2024-10-17,2024-10-21,Standard Class,DA-10197,Daniel Adams,Home Office,United States,New York City,New York,85838,East,OFF-ST-0000146,Office Supplies,Storage,Premium Filing Box,534.114,3,0.0,25.0464
3424,US-2022-101954,2022-09-27,2022-10-03,Standard Class,CR-10675,Chris Rivera,Consumer,United States,Los Angeles,California,26300,West,OFF-EN-0000092,Office Supplies,Envelopes,Heavy-Duty Catalog Envelope,20.2329,1,0.1,5.7023
5736,US-2023-103272,2023-09-27,2023-10-04,Standard Class,NN-10434,Nathan Nguyen,Consumer,United States,Boston,Massachusetts,55283,East,FUR-FU-0000038,Furniture,Furnishings,Premium Desk Lamp,253.4276,3,0.0,58.5682
2988,US-2022-101694,2022-07-12,2022-07-17,Standard Class,WS-10470,Walter Simmons,Home Office,United States,Minneapolis,Minnesota,61494,Central,FUR-CH-0000018,Furniture,Chairs,Deluxe Task Chair,924.4022,3,0.2,-48.4951
1050,US-2021-100580,2021-08-20,2021-08-26,Standard Class,SC-10793,Sandra Clark,Consumer,United States,Los Angeles,California,14567,West,TEC-MA-0000188,Technology,Machines,Deluxe Scanner,835.436,1,0.2,-34.9311
3787,US-2022-102159,2022-11-16,2022-11-22,Standard Class,TG-10488,Tina Green,Consumer,United States,New York City,New York,99533,East,OFF-EN-0000098,Office Supplies,Envelopes,Executive Security Envelope,100.6242,5,0.0,38.0281
4118,US-2022-102341,2022-12-21,2022-12-23,First Class,JG-10056,Jane Green,Consumer,United States,Newark,New Jersey,57826,East,OFF-FA-0000111,Office Supplies,Fasteners,Classic Staple Pack,97.4842,5,0.0,24.718
5125,US-2023-102909,2023-06-21,2023-06-27,Standard Class,AN-10024,Anna Nguyen,Corporate,United States,Atlanta,Georgia,50850,South,TEC-PH-0000199,Technology,Phones,Premium Desk Phone,1667.1258,6,0.2,103.5348
3154,US-2022-101795,2022-08-15,2022-08-20,Second Class,RW-10771,Robert Ward,Home Office,United States,Columbus,Ohio,40002,East,OFF-SU-0000154,Office Supplies,Supplies,Deluxe Scissors Set,40.4124,1,0.2,-1.9368
922,US-2021-100511,2021-07-28,2021-07-31,First Class,JA-10261,Jason Adams,Consumer,United States,Boston,Massachusetts,56105,East,OFF-AR-0000068,Office Supplies,Art,Recycled Sketch Pad,42.1525,2,0.1,10.6288
8971,US-2024-105105,2024-12-18,2024-12-20,First Class,TJ-10294,Thomas Jenkins,Consumer,United States,Los Angeles,California,89451,West,TEC-PH-0000208,Technology,Phones,Deluxe Desk Phone,991.2274,7,0.0,238.8311
3613,US-2022-102062,2022-10-24,2022-10-29,Standard Class,SF-10430,Steven Foster,Home Office,United States,Newark,New Jersey,57242,East,OFF-FA-0000105,Office Supplies,Fasteners,Recycled Paper Clip Box,12.7454,1,0.0,4.3075
8712,US-2024-104974,2024-11-25,2024-11-30,Standard Class,DB-10313,Daniel Bennett,Home Office,United States,Los Angeles,California,72649,West,OFF-PA-0000133,Office Supplies,Paper,Recycled Notebook,134.514,3,0.1,45.8432
5217,US-2023-102965,2023-07-07,2023-07-14,Standard Class,JS-10708,Jane Stewart,Consumer,United States,Minneapolis,Minnesota,74254,Central,TEC-MA-0000189,Technology,Machines,Executive Scanner,465.1712,1,0.4,-137.6704
1380,US-2021-100767,2021-10-11,2021-10-18,Standard Class,JG-10181,Julia Gray,Consumer,United States,Seattle,Washington,26983,West,OFF-ST-0000144,Office Supplies,Storage,Pro Filing Box,79.5951,1,0.3,-11.0571
216,US-2021-100125,2021-03-03,2021-03-04,Same Day,AC-10794,Adam Collins,Consumer,United States,Portland,Oregon,91089,West,TEC-CO-0000179,Technology,Copiers,Classic Desktop Copier,5702.7072,6,0.2,969.4403
6117,US-2023-103491,2023-11-12,2023-11-17,Standard Class,ZC-10285,Zoe Cooper,Corporate,United States,New York City,New York,68572,East,OFF-EN-0000097,Office Supplies,Envelopes,Adjustable Catalog Envelope,29.4281,2,0.3,4.4097
4684,US-2023-102668,2023-04-10,2023-04-16,Standard Class,HD-10379,Henry Diaz,Corporate,United States,Phoenix,Arizona,88816,West,OFF-BI-0000085,Office Supplies,Binders,Deluxe View Binder,31.3687,5,0.7999999999999999,-18.1486
233,US-2021-100133,2021-03-05,2021-03-12,Standard Class,TN-10645,Thomas Nguyen,Consumer,United States,Atlanta,Georgia,52824,South,OFF-PA-0000136,Office Supplies,Paper,Wireless Legal Pad,116.719,3,0.1,40.1667
3762,US-2022-102143,2022-11-13,2022-11-16,First Class,SP-10530,Steven Parker,Consumer,United States,Newark,New Jersey,35907,East,TEC-PH-0000212,Technology,Phones,Recycled Conference Phone,149.3453,1,0.0,27.178
7792,US-2024-104469,2024-07-26,2024-08-01,Standard Class,CM-10393,Carol Murphy,Corporate,United States,Chicago,Illinois,91466,Central,OFF-FA-0000112,Office Supplies,Fasteners,Compact Staple Pack,28.2852,2,0.0,7.438
3263,US-2022-101859,2022-09-04,2022-09-08,Second Class,AW-10146,Andrew Watson,Consumer,United States,San Francisco,California,27789,West,FUR-CH-0000022,Furniture,Chairs,Adjustable Stacking Chair,666.1126,2,0.0,96.6725
4340,US-2023-102468,2023-02-01,2023-02-05,Standard Class,ZG-10547,Zoe Gray,Corporate,United States,Atlanta,Georgia,36884,South,FUR-TA-0000043,Furniture,Tables,Adjustable Folding Table,661.1763,3,0.3,-200.7925
8564,US-2024-104891,2024-11-08,2024-11-09,Same Day,ZC-10285,Zoe Cooper,Corporate,United States,New York City,New York,68572,East,OFF-EN-0000093,Office Supplies,Envelopes,Adjustable Security Envelope,92.1754,4,0.4,1.0692
390,US-2021-100221,2021-04-15,2021-04-17,First Class,KS-10352,Kevin Stewart,Corporate,United States,Dallas,Texas,31642,Central,OFF-EN-0000104,Office Supplies,Envelopes,Deluxe Security Envelope,47.5742,2,0.2,10.0747
2360,US-2022-101334,2022-03-13,2022-03-18,Standard Class,DS-10144,Daniel Shah,Consumer,United States,Dallas,Texas,41290,Central,FUR-TA-0000051,Furniture,Tables,Heavy-Duty Training Table,2820.4273,6,0.3,-653.1843
7806,US-2024-104475,2024-07-30,2024-08-02,Second Class,JM-10391,Julia Martin,Corporate,United States,Phoenix,Arizona,50561,West,FUR-FU-0000025,Furniture,Furnishings,Recycled Photo Frame,63.0506,2,0.2,3.7247
6336,US-2023-103616,2023-12-05,2023-12-08,Second Class,YG-10688,Yolanda Garcia,Home Office,United States,Portland,Oregon,27709,West,FUR-CH-0000018,Furniture,Chairs,Deluxe Task Chair,259.0733,1,0.2,0.488
7656,US-2024-104392,2024-07-05,2024-07-08,Second Class,GR-10585,Grace Reed,Consumer,United States,San Francisco,California,39627,West,TEC-PH-0000204,Technology,Phones,Executive Smartphone,149.2077,1,0.0,37.422
5018,US-2023-102851,2023-06-05,2023-06-09,Second Class,AK-10093,Andrew Kumar,Consumer,United States,Miami,Florida,24721,South,OFF-ST-0000152,Office Supplies,Storage,Executive Storage Bin,270.6562,2,0.2,-13.9613
5644,US-2023-103214,2023-09-15,2023-09-20,Second Class,ZR-10067,Zoe Rivera,Corporate,United States,Columbus,Ohio,68808,East,TEC-CO-0000179,Technology,Copiers,Classic Desktop Copier,3352.5175,3,0.0,868.358
9017,US-2024-105130,2024-12-21,2024-12-21,Same Day,NS-10493,Nancy Stewart,Corporate,United States,Los Angeles,California,69258,West,FUR-CH-0000016,Furniture,Chairs,Premium Office Chair,2458.7221,5,0.2,37.3731
2446,US-2022-101380,2022-03-29,2022-04-02,Standard Class,DN-10141,Daniel Nguyen,Consumer,United States,Houston,Texas,49127,Central,OFF-AP-0000056,Office Supplies,Appliances,Heavy-Duty Air Purifier,345.6843,4,0.4,-76.2446
2405,US-2022-101357,2022-03-22,2022-03-29,Standard Class,WR-10338,Walter Rivera,Consumer,United States,Minneapolis,Minnesota,25495,Central,OFF-LA-0000124,Office Supplies,Labels,Recycled Shipping Label,83.1025,4,0.0,25.9579
1774,US-2021-100990,2021-12-01,2021-12-04,Second Class,JW-10549,Jason Wells,Consumer,United States,Atlanta,Georgia,13311,South,TEC-PH-0000203,Technology,Phones,Compact Smartphone,905.7799,5,0.1,146.6566
2775,US-2022-101564,2022-06-02,2022-06-06,Standard Class,RC-10538,Robert Collins,Consumer,United States,New York City,New York,16401,East,OFF-ST-0000145,Office Supplies,Storage,Deluxe Storage Bin,242.4192,2,0.0,29.2968
5790,US-2023-103304,2023-10-04,2023-10-11,Standard Class,WH-10700,Walter Harris,Consumer,United States,Dallas,Texas,22713,Central,OFF-FA-0000117,Office Supplies,Fasteners,Deluxe Paper Clip Box,18.7239,1,0.0,6.7569
3670,US-2022-102094,2022-11-01,2022-11-07,Standard Class,LS-10546,Linda Scott,Home Office,United States,Miami,Florida,18850,South,OFF-PA-0000131,Office Supplies,Paper,Standard Legal Pad,34.238,1,0.0,12.1187
5955,US-2023-103401,2023-10-26,2023-10-31,Standard Class,ZS-10041,Zoe Sanders,Consumer,United States,San Francisco,California,86445,West,FUR-FU-0000032,Furniture,Furnishings,Pro Photo Frame,97.601,3,0.1,19.9848
7491,US-2024-104292,2024-06-10,2024-06-15,Standard Class,LS-10566,Linda Sanders,Corporate,United States,Detroit,Michigan,88969,Central,FUR-FU-0000033,Furniture,Furnishings,Pro Desk Lamp,156.4555,5,0.0,32.7424
4447,US-2023-102531,2023-03-02,2023-03-09,Standard Class,BB-10317,Brian Baker,Corporate,United States,Nashville,Tennessee,38725,South,OFF-ST-0000147,Office Supplies,Storage,Standard Storage Bin,534.5391,3,0.2,5.4374
651,US-2021-100368,2021-06-05,2021-06-11,Standard Class,LR-10125,Linda Reed,Corporate,United States,Newark,New Jersey,29308,East,FUR-FU-0000037,Furniture,Furnishings,Adjustable Photo Frame,154.7207,4,0.0,38.2893
4117,US-2022-102340,2022-12-21,2022-12-28,Standard Class,VW-10552,Vivian Wright,Corporate,United States,New York City,New York,87944,East,FUR-TA-0000050,Furniture,Tables,Adjustable Training Table,1770.2006,4,0.0,-286.9338
1757,US-2021-100981,2021-11-29,2021-12-02,Second Class,RH-10733,Robert Hughes,Home Office,United States,San Francisco,California,34631,West,TEC-AC-0000168,Technology,Accessories,Wireless Webcam,186.8939,2,0.0,34.8374
8262,US-2024-104733,2024-10-04,2024-10-07,First Class,XH-10215,Xavier Hall,Corporate,United States,Boston,Massachusetts,36717,East,FUR-CH-0000016,Furniture,Chairs,Premium Office Chair,936.3079,3,0.1,-43.8444
7337,US-2024-104202,2024-05-14,2024-05-17,Second Class,DC-10515,Daniel Cooper,Consumer,United States,Philadelphia,Pennsylvania,93715,East,FUR-CH-0000021,Furniture,Chairs,Wireless Stacking Chair,900.2619,4,0.1,112.9687
369,US-2021-100208,2021-04-11,2021-04-15,Second Class,WC-10134,Wendy Carter,Consumer,United States,Los Angeles,California,85122,West,TEC-PH-0000212,Technology,Phones,Recycled Conference Phone,615.3419,3,0.2,54.6038
2587,US-2022-101459,2022-04-27,2022-05-01,Second Class,GC-10795,Grace Carter,Consumer,United States,Boston,Massachusetts,59387,East,OFF-ST-0000151,Office Supplies,Storage,Advanced Archive Case,126.5078,1,0.1,9.6116
6957,US-2024-103970,2024-03-09,2024-03-14,Second Class,KS-10345,Karen Sanders,Consumer,United States,Philadelphia,Pennsylvania,82538,East,OFF-FA-0000111,Office Supplies,Fasteners,Classic Staple Pack,52.2114,6,0.3,8.1529
3970,US-2022-102260,2022-12-03,2022-12-08,Standard Class,JM-10751,Jack Morgan,Home Office,United States,Miami,Florida,55811,South,OFF-FA-0000112,Office Supplies,Fasteners,Compact Staple Pack,10.4775,1,0.0,3.6751
811,US-2021-100456,2021-07-09,2021-07-15,Standard Class,JW-10297,Jane Wells,Home Office,United States,Newark,New Jersey,14272,East,TEC-PH-0000203,Technology,Phones,Compact Smartphone,413.6694,2,0.0,83.3539
5869,US-2023-103352,2023-10-16,2023-10-20,Standard Class,JR-10402,Jason Reed,Consumer,United States,Columbus,Ohio,85228,East,OFF-ST-0000150,Office Supplies,Storage,Premium Archive Case,124.3886,1,0.0,22.2331
8556,US-2024-104887,2024-11-08,2024-11-12,Standard Class,CC-10544,Chris Chen,Consumer,United States,Charlotte,North Carolina,86867,South,TEC-PH-0000209,Technology,Phones,Recycled Desk Phone,1337.771,3,0.0,287.5742
6194,US-2023-103539,2023-11-21,2023-11-27,Standard Class,YL-10236,Yolanda Lewis,Consumer,United States,Detroit,Michigan,19107,Central,TEC-MA-0000198,Technology,Machines,Classic Label Printer,454.262,1,0.4,-127.5139
3939,US-2022-102242,2022-11-30,2022-12-04,Standard Class,VC-10326,Vivian Chen,Corporate,United States,Dallas,Texas,97668,Central,TEC-CO-0000184,Technology,Copiers,Wireless Desktop Copier,4282.2754,6,0.3,289.8703
2791,US-2022-101573,2022-06-04,2022-06-10,Standard Class,AH-10065,Amy Harris,Corporate,United States,Atlanta,Georgia,54721,South,OFF-FA-0000113,Office Supplies,Fasteners,Executive Binder Clip Set,37.5702,5,0.3,2.1712
488,US-2021-100281,2021-05-05,2021-05-05,Same Day,GC-10138,Grace Clark,Consumer,United States,San Francisco,California,97815,West,FUR-FU-0000039,Furniture,Furnishings,Adjustable Desk Lamp,138.1651,2,0.0,20.3742
8569,US-2024-104894,2024-11-09,2024-11-15,Standard Class,VC-10326,Vivian Chen,Corporate,United States,Dallas,Texas,97668,Central,FUR-CH-0000019,Furniture,Chairs,Wireless Stacking Chair,1074.5338,3,0.2,11.1929
1730,US-2021-100967,2021-11-25,2021-11-29,Second Class,RR-10298,Rachel Ross,Corporate,United States,Houston,Texas,70841,Central,OFF-FA-0000113,Office Supplies,Fasteners,Executive Binder Clip Set,57.4869,4,0.0,20.6271
2858,US-2022-101614,2022-06-17,2022-06-20,First Class,MP-10568,Marcus Parker,Corporate,United States,Columbus,Ohio,68683,East,TEC-MA-0000197,Technology,Machines,Recycled Scanner,3955.4707,3,0.0,112.883
8134,US-2024-104656,2024-09-16,2024-09-16,Same Day,JM-10391,Julia Martin,Corporate,United States,Phoenix,Arizona,50561,West,OFF-EN-0000102,Office Supplies,Envelopes,Executive Catalog Envelope,55.1801,2,0.1,12.2767
3842,US-2022-102189,2022-11-22,2022-11-27,Standard Class,DC-10304,Diane Campbell,Consumer,United States,Seattle,Washington,16897,West,FUR-FU-0000033,Furniture,Furnishings,Pro Desk Lamp,226.2868,6,0.1,51.2943
5767,US-2023-103289,2023-09-29,2023-10-05,Standard Class,XL-10691,Xavier Long,Home Office,United States,Portland,Oregon,60618,West,TEC-AC-0000163,Technology,Accessories,Classic Webcam,62.526,1,0.0,10.5554
3765,US-2022-102146,2022-11-14,2022-11-17,Second Class,ZC-10285,Zoe Cooper,Corporate,United States,New York City,New York,68572,East,FUR-TA-0000050,Furniture,Tables,Adjustable Training Table,1049.4182,3,0.3,-272.8223
7654,US-2024-104390,2024-07-05,2024-07-12,Standard Class,BS-10774,Brian Scott,Consumer,United States,Seattle,Washington,56153,West,OFF-EN-0000103,Office Supplies,Envelopes,Adjustable Security Envelope,24.7251,1,0.0,7.7993
8061,US-2024-104613,2024-09-05,2024-09-10,Standard Class,XE-10159,Xavier Edwards,Home Office,United States,Charlotte,North Carolina,45927,South,OFF-PA-0000136,Office Supplies,Paper,Wireless Legal Pad,40.9781,1,0.0,16.8514
8568,US-2024-104894,2024-11-09,2024-11-15,Standard Class,VC-10326,Vivian Chen,Corporate,United States,Dallas,Texas,97668,Central,OFF-ST-0000146,Office Supplies,Storage,Premium Filing Box,358.9233,2,0.0,40.8727
2283,US-2022-101288,2022-02-24,2022-03-01,Standard Class,RB-10350,Rachel Baker,Consumer,United States,Detroit,Michigan,25881,Central,OFF-EN-0000104,Office Supplies,Envelopes,Deluxe Security Envelope,25.0719,1,0.0,8.0524
1495,US-2021-100832,2021-10-27,2021-11-01,Standard Class,CG-10117,Chris Garcia,Home Office,United States,Columbus,Ohio,70898,East,FUR-FU-0000033,Furniture,Furnishings,Pro Desk Lamp,67.988,3,0.1,19.7112
6373,US-2023-103637,2023-12-08,2023-12-12,Standard Class,YB-10223,Yolanda Brooks,Corporate,United States,Columbus,Ohio,17224,East,TEC-AC-0000168,Technology,Accessories,Wireless Webcam,208.2978,2,0.3,-10.7637
8325,US-2024-104763,2024-10-11,2024-10-16,Second Class,ZL-10732,Zoe Long,Corporate,United States,Houston,Texas,48467,Central,TEC-CO-0000179,Technology,Copiers,Classic Desktop Copier,2221.2807,2,0.0,725.8432
4302,US-2023-102447,2023-01-24,2023-01-27,Second Class,AR-10006,Amy Ross,Home Office,United States,Chicago,Illinois,59821,Central,OFF-SU-0000156,Office Supplies,Supplies,Compact Letter Opener,272.9053,4,0.0,32.5196
6575,US-2023-103753,2023-12-27,2023-12-31,Standard Class,WC-10134,Wendy Carter,Consumer,United States,Los Angeles,California,85122,West,OFF-SU-0000158,Office Supplies,Supplies,Classic Tape Dispenser,184.7494,3,0.0,-16.8929
5234,US-2023-102978,2023-07-11,2023-07-17,Standard Class,AW-10320,Amy Watson,Corporate,United States,Portland,Oregon,12358,West,FUR-TA-0000048,Furniture,Tables,Heavy-Duty Folding Table,1411.1399,4,0.4,-619.9711
2162,US-2022-101223,2022-02-01,2022-02-04,First Class,WL-10242,Wendy Long,Home Office,United States,San Francisco,California,24688,West,TEC-MA-0000191,Technology,Machines,Recycled Laser Printer,897.7169,1,0.4,-394.3973
7540,US-2024-104323,2024-06-20,2024-06-25,Standard Class,FL-10020,Frank Lee,Home Office,United States,Detroit,Michigan,62299,Central,OFF-ST-0000142,Office Supplies,Storage,Advanced Filing Box,347.8159,2,0.0,53.1907
6816,US-2024-103883,2024-02-05,2024-02-12,Standard Class,JS-10708,Jane Stewart,Consumer,United States,Minneapolis,Minnesota,74254,Central,OFF-FA-0000112,Office Supplies,Fasteners,Compact Staple Pack,25.3652,2,0.0,7.7498
6600,US-2023-103767,2023-12-29,2024-01-05,Standard Class,SS-10781,Susan Sanders,Home Office,United States,Phoenix,Arizona,80524,West,OFF-AP-0000065,Office Supplies,Appliances,Recycled Microwave,88.0502,1,0.2,7.4712
7939,US-2024-104549,2024-08-19,2024-08-23,Standard Class,WB-10580,Walter Brooks,Consumer,United States,Miami,Florida,27270,South,OFF-FA-0000114,Office Supplies,Fasteners,Compact Binder Clip Set,9.5128,1,0.0,3.7335
8030,US-2024-104598,2024-09-01,2024-09-06,Second Class,PP-10647,Patrick Perry,Corporate,United States,Dallas,Texas,86162,Central,FUR-TA-0000043,Furniture,Tables,Adjustable Folding Table,609.7974,2,0.3,-146.6738
5249,US-2023-102988,2023-07-15,2023-07-18,First Class,PP-10647,Patrick Perry,Corporate,United States,Dallas,Texas,86162,Central,OFF-AR-0000075,Office Supplies,Art,Compact Marker Pack,118.0478,4,0.0,26.88
7584,US-2024-104349,2024-06-25,2024-06-29,Second Class,NS-10493,Nancy Stewart,Corporate,United States,Los Angeles,California,69258,West,OFF-BI-0000090,Office Supplies,Binders,Advanced Ring Binder,79.9572,6,0.4,-5.8904
6961,US-2024-103973,2024-03-10,2024-03-15,Second Class,IG-10468,Irene Green,Consumer,United States,Miami,Florida,86090,South,OFF-SU-0000154,Office Supplies,Supplies,Deluxe Scissors Set,103.6554,2,0.0,0.1067
5503,US-2023-103125,2023-08-29,2023-09-02,Standard Class,DM-10287,David Morgan,Home Office,United States,Minneapolis,Minnesota,83968,Central,FUR-CH-0000014,Furniture,Chairs,Heavy-Duty Office Chair,401.0275,1,0.0,67.2838
5227,US-2023-102973,2023-07-10,2023-07-13,Second Class,PP-10647,Patrick Perry,Corporate,United States,Dallas,Texas,86162,Central,OFF-AP-0000056,Office Supplies,Appliances,Heavy-Duty Air Purifier,234.8668,3,0.3,-17.8168
3566,US-2022-102033,2022-10-17,2022-10-23,Standard Class,MB-10259,Maria Baker,Home Office,United States,Newark,New Jersey,88365,East,OFF-EN-0000104,Office Supplies,Envelopes,Deluxe Security Envelope,100.1238,3,0.0,33.3404
1294,US-2021-100724,2021-10-01,2021-10-08,Standard Class,RH-10055,Robert Hall,Home Office,United States,Newark,New Jersey,40460,East,OFF-ST-0000150,Office Supplies,Storage,Premium Archive Case,161.8877,1,0.1,15.3511
3615,US-2022-102062,2022-10-24,2022-10-29,Standard Class,SF-10430,Steven Foster,Home Office,United States,Newark,New Jersey,57242,East,OFF-LA-0000125,Office Supplies,Labels,Executive Address Label,117.3958,5,0.0,47.0533
6790,US-2024-103869,2024-01-31,2024-02-05,Standard Class,AS-10028,Andrew Scott,Corporate,United States,Seattle,Washington,93234,West,OFF-PA-0000132,Office Supplies,Paper,Standard Legal Pad,23.9348,2,0.0,5.9132
8318,US-2024-104760,2024-10-10,2024-10-17,Standard Class,SA-10643,Steven Adams,Corporate,United States,San Francisco,California,18856,West,OFF-SU-0000160,Office Supplies,Supplies,Compact Tape Dispenser,38.5081,1,0.1,2.9773
7472,US-2024-104282,2024-06-07,2024-06-12,Standard Class,PW-10759,Paula Watson,Consumer,United States,Chicago,Illinois,87154,Central,OFF-FA-0000110,Office Supplies,Fasteners,Deluxe Binder Clip Set,39.2525,2,0.0,13.2806
7106,US-2024-104056,2024-04-05,2024-04-08,First Class,JF-10333,Jane Foster,Corporate,United States,Houston,Texas,81371,Central,FUR-FU-0000033,Furniture,Furnishings,Pro Desk Lamp,35.0804,1,0.0,11.1529
7182,US-2024-104101,2024-04-16,2024-04-21,Standard Class,SC-10035,Susan Carter,Consumer,United States,Seattle,Washington,69207,West,OFF-SU-0000153,Office Supplies,Supplies,Recycled Tape Dispenser,184.8045,3,0.0,15.2588
1754,US-2021-100979,2021-11-29,2021-12-05,Standard Class,IW-10205,Irene Ward,Corporate,United States,Columbus,Ohio,57863,East,OFF-PA-0000137,Office Supplies,Paper,Compact Copy Paper,69.063,2,0.0,19.2849
6365,US-2023-103634,2023-12-08,2023-12-14,Standard Class,ER-10068,Edward Russell,Consumer,United States,Detroit,Michigan,49454,Central,OFF-AR-0000074,Office Supplies,Art,Pro Marker Pack,16.2188,1,0.1,4.1023
6769,US-2024-103856,2024-01-28,2024-02-03,Standard Class,KR-10291,Kevin Russell,Corporate,United States,San Francisco,California,32849,West,OFF-EN-0000100,Office Supplies,Envelopes,Adjustable Security Envelope,114.3318,5,0.1,40.117
8453,US-2024-104836,2024-10-29,2024-10-29,Same Day,OR-10367,Olivia Ross,Corporate,United States,Houston,Texas,58450,Central,OFF-ST-0000143,Office Supplies,Storage,Recycled Filing Box,527.194,4,0.0,67.7252
5570,US-2023-103169,2023-09-05,2023-09-11,Standard Class,JC-10786,Jane Clark,Consumer,United States,Charlotte,North Carolina,75351,South,TEC-MA-0000191,Technology,Machines,Recycled Laser Printer,1351.8328,2,0.5,-514.1164
1733,US-2021-100969,2021-11-25,2021-12-01,Standard Class,ES-10302,Elena Scott,Consumer,United States,Houston,Texas,76156,Central,OFF-AP-0000059,Office Supplies,Appliances,Recycled Air Purifier,485.5636,4,0.3,-39.5912
7833,US-2024-104492,2024-08-03,2024-08-07,Second Class,LS-10546,Linda Scott,Home Office,United States,Miami,Florida,18850,South,TEC-PH-0000210,Technology,Phones,Standard Desk Phone,810.625,5,0.2,50.5188
8103,US-2024-104638,2024-09-11,2024-09-15,Standard Class,CS-10551,Carol Simmons,Home Office,United States,Phoenix,Arizona,57431,West,OFF-LA-0000125,Office Supplies,Labels,Executive Address Label,43.9794,2,0.0,14.946
8691,US-2024-104964,2024-11-22,2024-11-29,Standard Class,SE-10754,Steven Edwards,Home Office,United States,Los Angeles,California,66055,West,TEC-MA-0000196,Technology,Machines,Standard Scanner,837.039,1,0.2,-105.7506
5015,US-2023-102848,2023-06-03,2023-06-08,Second Class,XM-10116,Xavier Morgan,Corporate,United States,Columbus,Ohio,33416,East,FUR-TA-0000050,Furniture,Tables,Adjustable Training Table,2128.598,6,0.4,-834.2157
8676,US-2024-104956,2024-11-21,2024-11-26,Standard Class,VC-10326,Vivian Chen,Corporate,United States,Dallas,Texas,97668,Central,TEC-MA-0000188,Technology,Machines,Deluxe Scanner,4976.4785,4,0.0,231.1337
3359,US-2022-101914,2022-09-16,2022-09-21,Standard Class,JD-10632,Jack Diaz,Corporate,United States,Detroit,Michigan,70952,Central,TEC-MA-0000198,Technology,Machines,Classic Label Printer,634.9167,1,0.4,-177.6959
349,US-2021-100198,2021-04-06,2021-04-10,Second Class,NS-10493,Nancy Stewart,Corporate,United States,Los Angeles,California,69258,West,OFF-LA-0000119,Office Supplies,Labels,Wireless File Folder Label,40.9985,2,0.0,16.4073
7785,US-2024-104466,2024-07-25,2024-07-31,Standard Class,CH-10156,Carol Harris,Corporate,United States,Houston,Texas,43438,Central,OFF-ST-0000149,Office Supplies,Storage,Compact Filing Box,154.7114,2,0.3,-41.3578
8387,US-2024-104799,2024-10-20,2024-10-20,Same Day,BG-10140,Brian Green,Consumer,United States,Seattle,Washington,30333,West,FUR-CH-0000018,Furniture,Chairs,Deluxe Task Chair,825.5976,2,0.0,154.3057
4755,US-2023-102705,2023-04-18,2023-04-24,Standard Class,VG-10323,Vivian Garcia,Consumer,United States,Philadelphia,Pennsylvania,62662,East,OFF-SU-0000159,Office Supplies,Supplies,Compact Tape Dispenser,184.6417,2,0.0,26.8345
8970,US-2024-105104,2024-12-17,2024-12-23,Standard Class,TS-10376,Thomas Simmons,Home Office,United States,Boston,Massachusetts,45631,East,TEC-MA-0000188,Technology,Machines,Deluxe Scanner,748.8607,1,0.2,-103.344
1436,US-2021-100801,2021-10-18,2021-10-21,Second Class,AC-10573,Amy Carter,Corporate,United States,Boston,Massachusetts,24078,East,FUR-BO-0000008,Furniture,Bookcases,Pro Wall Shelf,173.2324,1,0.3,-19.9749
2601,US-2022-101466,2022-04-29,2022-05-01,First Class,CC-10544,Chris Chen,Consumer,United States,Charlotte,North Carolina,86867,South,TEC-CO-0000183,Technology,Copiers,Pro Desktop Copier,7402.0405,6,0.3,169.1932
7645,US-2024-104385,2024-07-05,2024-07-11,Standard Class,NN-10434,Nathan Nguyen,Consumer,United States,Boston,Massachusetts,55283,East,OFF-FA-0000111,Office Supplies,Fasteners,Classic Staple Pack,32.8153,2,0.0,9.952
898,US-2021-100497,2021-07-25,2021-07-28,Second Class,MC-10509,Marcus Clark,Consumer,United States,Dallas,Texas,92909,Central,TEC-PH-0000205,Technology,Phones,Advanced Smartphone,878.2285,4,0.0,122.4303
5920,US-2023-103379,2023-10-20,2023-10-24,Standard Class,JL-10089,Jason Long,Consumer,United States,Los Angeles,California,32792,West,TEC-PH-0000200,Technology,Phones,Premium Desk Phone,246.951,1,0.0,34.9433
2189,US-2022-101236,2022-02-04,2022-02-10,Standard Class,FS-10202,Frank Sanders,Consumer,United States,Atlanta,Georgia,64587,South,FUR-FU-0000025,Furniture,Furnishings,Recycled Photo Frame,275.7204,5,0.1,50.3178
2857,US-2022-101613,2022-06-16,2022-06-23,Standard Class,RK-10354,Robert Kumar,Consumer,United States,Portland,Oregon,18509,West,TEC-MA-0000196,Technology,Machines,Standard Scanner,1666.4781,4,0.3,-187.7955
2203,US-2022-101243,2022-02-07,2022-02-13,Standard Class,JE-10756,Julia Evans,Consumer,United States,San Francisco,California,94695,West,TEC-MA-0000196,Technology,Machines,Standard Scanner,2517.148,3,0.0,246.542
6703,US-2024-103816,2024-01-10,2024-01-14,Standard Class,ED-10687,Edward Diaz,Home Office,United States,Los Angeles,California,57139,West,TEC-AC-0000167,Technology,Accessories,Standard Headset,348.1892,4,0.0,104.8358
7121,US-2024-104066,2024-04-08,2024-04-12,Second Class,KL-10718,Kevin Lewis,Home Office,United States,San Francisco,California,20113,West,OFF-AR-0000078,Office Supplies,Art,Recycled Marker Pack,18.8644,1,0.3,1.2745
504,US-2021-100288,2021-05-07,2021-05-11,Second Class,OR-10539,Olivia Russell,Consumer,United States,Philadelphia,Pennsylvania,66043,East,OFF-SU-0000162,Office Supplies,Supplies,Recycled Tape Dispenser,180.4541,3,0.0,23.8878
5439,US-2023-103094,2023-08-18,2023-08-18,Same Day,LS-10178,Laura Shah,Corporate,United States,Richmond,Virginia,30154,South,FUR-CH-0000012,Furniture,Chairs,Wireless Task Chair,247.236,1,0.3,-58.7815
8741,US-2024-104987,2024-11-27,2024-11-30,First Class,EA-10078,Elena Adams,Consumer,United States,Seattle,Washington,99376,West,TEC-AC-0000168,Technology,Accessories,Wireless Webcam,448.8395,3,0.0,72.8624
2667,US-2022-101505,2022-05-16,2022-05-20,Standard Class,IW-10205,Irene Ward,Corporate,United States,Columbus,Ohio,57863,East,OFF-AR-0000071,Office Supplies,Art,Recycled Pencil Set,88.7057,4,0.1,15.5518
2940,US-2022-101666,2022-07-04,2022-07-06,First Class,OM-10443,Olivia Murphy,Corporate,United States,Richmond,Virginia,39782,South,FUR-FU-0000037,Furniture,Furnishings,Adjustable Photo Frame,160.9081,4,0.1,26.6133
7558,US-2024-104335,2024-06-21,2024-06-25,Standard Class,ME-10709,Marcus Edwards,Corporate,United States,San Francisco,California,47654,West,OFF-AP-0000064,Office Supplies,Appliances,Recycled Microwave,658.8348,6,0.5,-206.8469
6463,US-2023-103691,2023-12-16,2023-12-20,Second Class,AR-10000,Andrew Ross,Consumer,United States,Boston,Massachusetts,87272,East,OFF-AP-0000064,Office Supplies,Appliances,Recycled Microwave,558.8072,6,0.3,31.9831
759,US-2021-100425,2021-06-23,2021-06-30,Standard Class,CC-10544,Chris Chen,Consumer,United States,Charlotte,North Carolina,86867,South,OFF-PA-0000136,Office Supplies,Paper,Wireless Legal Pad,265.5784,6,0.1,66.2358
9133,US-2024-105198,2024-12-31,2025-01-05,Standard Class,ZC-10285,Zoe Cooper,Corporate,United States,New York City,New York,68572,East,OFF-SU-0000154,Office Supplies,Supplies,Deluxe Scissors Set,385.6377,6,0.0,21.2995
3736,US-2022-102130,2022-11-10,2022-11-16,Standard Class,OE-10735,Olivia Evans,Home Office,United States,Nashville,Tennessee,45700,South,TEC-MA-0000186,Technology,Machines,Executive Label Printer,896.274,1,0.0,12.9697
3122,US-2022-101775,2022-08-09,2022-08-10,Same Day,EE-10063,Edward Edwards,Consumer,United States,Nashville,Tennessee,41322,South,FUR-FU-0000035,Furniture,Furnishings,Pro Desk Lamp,42.844,1,0.0,11.752
5369,US-2023-103057,2023-08-07,2023-08-11,Second Class,RC-10538,Robert Collins,Consumer,United States,New York City,New York,16401,East,FUR-CH-0000022,Furniture,Chairs,Adjustable Stacking Chair,1797.3536,5,0.1,271.5638
2160,US-2022-101222,2022-01-31,2022-02-07,Standard Class,MH-10129,Michael Hall,Consumer,United States,San Francisco,California,82985,West,TEC-MA-0000188,Technology,Machines,Deluxe Scanner,3630.0355,4,0.2,-108.4165
4785,US-2023-102723,2023-04-22,2023-04-28,Standard Class,CH-10776,Chris Harris,Corporate,United States,Charlotte,North Carolina,72100,South,FUR-CH-0000022,Furniture,Chairs,Adjustable Stacking Chair,1034.9836,3,0.0,146.477
8534,US-2024-104874,2024-11-05,2024-11-11,Standard Class,XR-10466,Xavier Ross,Corporate,United States,Minneapolis,Minnesota,20374,Central,TEC-PH-0000200,Technology,Phones,Premium Desk Phone,275.8869,2,0.2,30.4028
8846,US-2024-105039,2024-12-05,2024-12-05,Same Day,KP-10373,Kevin Perry,Corporate,United States,Philadelphia,Pennsylvania,97698,East,OFF-AP-0000063,Office Supplies,Appliances,Executive Microwave,170.0013,7,0.7,-84.9361
4557,US-2023-102595,2023-03-20,2023-03-23,Second Class,ML-10612,Marcus Lewis,Corporate,United States,Los Angeles,California,50479,West,FUR-BO-0000001,Furniture,Bookcases,Executive Shelf Unit,162.0514,3,0.7,-107.9712
4482,US-2023-102552,2023-03-10,2023-03-10,Same Day,CR-10675,Chris Rivera,Consumer,United States,Los Angeles,California,26300,West,FUR-TA-0000044,Furniture,Tables,Advanced Training Table,228.1398,1,0.2,-52.7887
8673,US-2024-104954,2024-11-21,2024-11-25,Standard Class,JF-10562,Jane Fisher,Corporate,United States,Portland,Oregon,85847,West,FUR-FU-0000033,Furniture,Furnishings,Pro Desk Lamp,20.5504,1,0.2,2.4982
8879,US-2024-105056,2024-12-08,2024-12-13,Standard Class,SE-10754,Steven Edwards,Home Office,United States,Los Angeles,California,66055,West,FUR-TA-0000043,Furniture,Tables,Adjustable Folding Table,1623.3483,5,0.0,-159.8406
2685,US-2022-101515,2022-05-18,2022-05-22,Second Class,IH-10727,Irene Harris,Corporate,United States,Phoenix,Arizona,73022,West,FUR-FU-0000035,Furniture,Furnishings,Pro Desk Lamp,112.5097,2,0.0,25.1215
8580,US-2024-104904,2024-11-12,2024-11-19,Standard Class,SH-10414,Sandra Harris,Home Office,United States,Richmond,Virginia,59574,South,FUR-FU-0000033,Furniture,Furnishings,Pro Desk Lamp,49.3223,2,0.0,14.5358
1214,US-2021-100678,2021-09-18,2021-09-21,First Class,GR-10585,Grace Reed,Consumer,United States,San Francisco,California,39627,West,OFF-AP-0000056,Office Supplies,Appliances,Heavy-Duty Air Purifier,30.5903,1,0.7,-14.0972
1911,US-2021-101071,2021-12-16,2021-12-16,Same Day,VC-10326,Vivian Chen,Corporate,United States,Dallas,Texas,97668,Central,OFF-ST-0000152,Office Supplies,Storage,Executive Storage Bin,587.3459,5,0.2,-22.6087
4269,US-2023-102426,2023-01-16,2023-01-20,Second Class,CG-10677,Carol Gray,Corporate,United States,Phoenix,Arizona,96211,West,FUR-FU-0000032,Furniture,Furnishings,Pro Photo Frame,56.2083,1,0.0,13.3233
2403,US-2022-101356,2022-03-22,2022-03-29,Standard Class,JR-10255,Jane Rivera,Consumer,United States,Newark,New Jersey,93424,East,FUR-FU-0000034,Furniture,Furnishings,Executive Wall Clock,41.7948,1,0.0,13.1691
8296,US-2024-104751,2024-10-08,2024-10-13,Standard Class,XH-10737,Xavier Hughes,Consumer,United States,Nashville,Tennessee,20839,South,TEC-PH-0000210,Technology,Phones,Standard Desk Phone,196.8195,1,0.2,21.3315
7252,US-2024-104147,2024-04-29,2024-05-03,Standard Class,CK-10012,Chris Kumar,Corporate,United States,Columbus,Ohio,23007,East,FUR-BO-0000004,Furniture,Bookcases,Deluxe Storage Cabinet,408.0673,1,0.0,49.8547
1765,US-2021-100985,2021-11-30,2021-12-01,Same Day,CM-10393,Carol Murphy,Corporate,United States,Chicago,Illinois,91466,Central,FUR-CH-0000010,Furniture,Chairs,Recycled Stacking Chair,856.0443,4,0.1,106.2348
2334,US-2022-101319,2022-03-06,2022-03-09,First Class,AW-10088,Anna Wright,Corporate,United States,Atlanta,Georgia,95768,South,OFF-BI-0000083,Office Supplies,Binders,Premium Clip Binder,129.1295,3,0.0,46.6838
3774,US-2022-102152,2022-11-15,2022-11-20,Second Class,DP-10270,David Patel,Corporate,United States,Seattle,Washington,12546,West,FUR-TA-0000048,Furniture,Tables,Heavy-Duty Folding Table,909.152,2,0.2,-140.0619
1791,US-2021-100998,2021-12-03,2021-12-08,Second Class,MH-10129,Michael Hall,Consumer,United States,San Francisco,California,82985,West,OFF-ST-0000147,Office Supplies,Storage,Standard Storage Bin,133.528,1,0.0,14.6377
1670,US-2021-100932,2021-11-17,2021-11-19,First Class,XC-10276,Xavier Carter,Consumer,United States,Los Angeles,California,34711,West,TEC-MA-0000197,Technology,Machines,Recycled Scanner,497.463,1,0.5,-203.3346
1161,US-2021-100646,2021-09-08,2021-09-12,Standard Class,AS-10524,Adam Stewart,Consumer,United States,Charlotte,North Carolina,89246,South,TEC-PH-0000200,Technology,Phones,Premium Desk Phone,923.5534,5,0.2,111.1555
6823,US-2024-103889,2024-02-07,2024-02-14,Standard Class,DB-10308,Diane Brooks,Consumer,United States,Phoenix,Arizona,18581,West,FUR-CH-0000019,Furniture,Chairs,Wireless Stacking Chair,1025.6059,3,0.0,167.8852
8060,US-2024-104612,2024-09-05,2024-09-11,Standard Class,DL-10766,Daniel Long,Corporate,United States,Chicago,Illinois,94541,Central,OFF-AP-0000062,Office Supplies,Appliances,Heavy-Duty Microwave,224.5076,3,0.5,-64.1614
6097,US-2023-103479,2023-11-10,2023-11-11,Same Day,PE-10624,Paula Evans,Consumer,United States,Richmond,Virginia,13197,South,OFF-AP-0000056,Office Supplies,Appliances,Heavy-Duty Air Purifier,197.0339,2,0.4,-28.6069
5574,US-2023-103170,2023-09-05,2023-09-12,Standard Class,KW-10383,Kevin Wright,Consumer,United States,Nashville,Tennessee,48077,South,OFF-BI-0000084,Office Supplies,Binders,Classic Ring Binder,79.7891,3,0.3,9.0918
3980,US-2022-102264,2022-12-04,2022-12-08,Standard Class,DM-10588,Daniel Martin,Consumer,United States,Richmond,Virginia,68713,South,OFF-PA-0000133,Office Supplies,Paper,Recycled Notebook,98.086,3,0.1,28.8293
9110,US-2024-105184,2024-12-30,2025-01-06,Standard Class,KC-10670,Karen Chen,Consumer,United States,Seattle,Washington,66331,West,OFF-FA-0000105,Office Supplies,Fasteners,Recycled Paper Clip Box,28.0687,3,0.0,5.4824
5155,US-2023-102926,2023-06-26,2023-07-01,Standard Class,VG-10323,Vivian Garcia,Consumer,United States,Philadelphia,Pennsylvania,62662,East,OFF-ST-0000143,Office Supplies,Storage,Recycled Filing Box,175.0501,1,0.0,9.1711
8965,US-2024-105102,2024-12-17,2024-12-23,Standard Class,AH-10065,Amy Harris,Corporate,United States,Atlanta,Georgia,54721,South,OFF-PA-0000133,Office Supplies,Paper,Recycled Notebook,46.64,1,0.0,13.6946
5346,US-2023-103041,2023-07-31,2023-08-04,Second Class,PP-10730,Patrick Parker,Consumer,United States,Boston,Massachusetts,86565,East,FUR-TA-0000047,Furniture,Tables,Pro Training Table,2843.4488,3,0.2,-756.1769
788,US-2021-100444,2021-07-05,2021-07-12,Standard Class,JW-10099,Jack Watson,Corporate,United States,Columbus,Ohio,76465,East,OFF-ST-0000145,Office Supplies,Storage,Deluxe Storage Bin,92.9669,1,0.0,9.8013
7045,US-2024-104015,2024-03-25,2024-04-01,Standard Class,VR-10649,Victor Russell,Consumer,United States,Portland,Oregon,35721,West,FUR-CH-0000023,Furniture,Chairs,Advanced Stacking Chair,212.1508,1,0.1,12.8097
5821,US-2023-103322,2023-10-06,2023-10-10,Standard Class,AB-10569,Andrew Brooks,Corporate,United States,Dallas,Texas,37797,Central,OFF-AR-0000077,Office Supplies,Art,Classic Marker Pack,31.9388,1,0.0,10.0633
47,US-2021-100028,2021-01-12,2021-01-16,Standard Class,EB-10576,Elena Baker,Home Office,United States,Atlanta,Georgia,88898,South,OFF-PA-0000133,Office Supplies,Paper,Recycled Notebook,256.5792,7,0.1,110.8498
5493,US-2023-103120,2023-08-29,2023-09-04,Standard Class,VG-10581,Victor Green,Corporate,United States,Detroit,Michigan,15971,Central,OFF-AP-0000064,Office Supplies,Appliances,Recycled Microwave,132.7251,2,0.5,-27.6375
2415,US-2022-101364,2022-03-24,2022-03-28,Standard Class,JW-10297,Jane Wells,Home Office,United States,Newark,New Jersey,14272,East,OFF-SU-0000157,Office Supplies,Supplies,Advanced Scissors Set,47.2494,1,0.1,-1.1938
9095,US-2024-105173,2024-12-27,2025-01-03,Standard Class,AG-10251,Alice Green,Home Office,United States,Richmond,Virginia,83732,South,TEC-CO-0000179,Technology,Copiers,Classic Desktop Copier,6803.7543,6,0.0,2045.8945
8284,US-2024-104745,2024-10-07,2024-10-08,Same Day,JS-10446,Jason Stewart,Consumer,United States,Phoenix,Arizona,61686,West,OFF-BI-0000083,Office Supplies,Binders,Premium Clip Binder,177.721,3,0.0,51.2993
570,US-2021-100325,2021-05-19,2021-05-22,First Class,AM-10263,Andrew Martin,Consumer,United States,San Francisco,California,85995,West,FUR-TA-0000047,Furniture,Tables,Pro Training Table,4462.0915,6,0.2,-669.7459
8749,US-2024-104992,2024-11-27,2024-12-02,Standard Class,VL-10461,Vivian Lee,Consumer,United States,Charlotte,North Carolina,48522,South,TEC-AC-0000169,Technology,Accessories,Pro Keyboard,307.5985,2,0.0,54.7962
6339,US-2023-103618,2023-12-06,2023-12-12,Standard Class,WH-10700,Walter Harris,Consumer,United States,Dallas,Texas,22713,Central,OFF-EN-0000095,Office Supplies,Envelopes,Classic Security Envelope,33.9895,2,0.1,12.1779
5183,US-2023-102946,2023-06-30,2023-07-07,Standard Class,CA-10507,Chris Adams,Corporate,United States,Houston,Texas,99881,Central,FUR-CH-0000010,Furniture,Chairs,Recycled Stacking Chair,289.4409,1,0.0,34.7785
7579,US-2024-104346,2024-06-25,2024-06-30,Standard Class,JS-10481,Jack Scott,Consumer,United States,Nashville,Tennessee,66655,South,FUR-TA-0000053,Furniture,Tables,Heavy-Duty Folding Table,546.1739,2,0.2,-144.8273
4547,US-2023-102590,2023-03-18,2023-03-20,First Class,LC-10596,Linda Campbell,Home Office,United States,Charlotte,North Carolina,96715,South,TEC-PH-0000205,Technology,Phones,Advanced Smartphone,874.7182,3,0.0,261.9514
3473,US-2022-101980,2022-10-04,2022-10-10,Standard Class,WM-10705,Wendy Mitchell,Consumer,United States,Phoenix,Arizona,78848,West,OFF-EN-0000093,Office Supplies,Envelopes,Adjustable Security Envelope,174.4103,6,0.1,44.1716
6803,US-2024-103876,2024-02-02,2024-02-09,Standard Class,GR-10296,Grace Russell,Home Office,United States,Chicago,Illinois,38464,Central,OFF-FA-0000111,Office Supplies,Fasteners,Classic Staple Pack,62.2312,4,0.2,11.3405
3204,US-2022-101821,2022-08-22,2022-08-27,Standard Class,KC-10670,Karen Chen,Consumer,United States,Seattle,Washington,66331,West,FUR-CH-0000010,Furniture,Chairs,Recycled Stacking Chair,982.9058,6,0.2,-11.4456
7376,US-2024-104226,2024-05-21,2024-05-25,Standard Class,KL-10718,Kevin Lewis,Home Office,United States,San Francisco,California,20113,West,FUR-FU-0000025,Furniture,Furnishings,Recycled Photo Frame,132.9204,2,0.0,25.564
5097,US-2023-102892,2023-06-15,2023-06-18,Second Class,QF-10346,Quinn Foster,Consumer,United States,Los Angeles,California,55108,West,OFF-SU-0000154,Office Supplies,Supplies,Deluxe Scissors Set,127.9942,4,0.0,5.162
2657,US-2022-101499,2022-05-13,2022-05-20,Standard Class,FR-10510,Frank Ross,Consumer,United States,Detroit,Michigan,69926,Central,TEC-PH-0000207,Technology,Phones,Executive Desk Phone,812.6782,2,0.0,174.9439
3791,US-2022-102161,2022-11-16,2022-11-19,Second Class,YE-10631,Yolanda Evans,Corporate,United States,Seattle,Washington,82764,West,FUR-BO-0000002,Furniture,Bookcases,Advanced Storage Cabinet,558.3691,3,0.5,-191.3496
8259,US-2024-104732,2024-10-03,2024-10-07,Second Class,ZP-10574,Zachary Perry,Home Office,United States,Los Angeles,California,66348,West,OFF-EN-0000093,Office Supplies,Envelopes,Adjustable Security Envelope,45.7819,2,0.2,10.7789
5083,US-2023-102886,2023-06-14,2023-06-18,Standard Class,JC-10792,Jack Carter,Corporate,United States,Boston,Massachusetts,76016,East,TEC-CO-0000176,Technology,Copiers,Adjustable Colour Copier,1166.1626,1,0.0,361.197
7320,US-2024-104189,2024-05-08,2024-05-12,Second Class,EG-10775,Elena Green,Consumer,United States,Boston,Massachusetts,59769,East,OFF-PA-0000138,Office Supplies,Paper,Adjustable Copy Paper,33.5833,1,0.3,5.3857
5507,US-2023-103127,2023-08-30,2023-09-02,First Class,OR-10367,Olivia Ross,Corporate,United States,Houston,Texas,58450,Central,OFF-BI-0000090,Office Supplies,Binders,Advanced Ring Binder,10.6886,1,0.3,0.8279
5233,US-2023-102978,2023-07-11,2023-07-17,Standard Class,AW-10320,Amy Watson,Corporate,United States,Portland,Oregon,12358,West,OFF-AR-0000074,Office Supplies,Art,Pro Marker Pack,56.0343,3,0.0,15.305
7170,US-2024-104096,2024-04-16,2024-04-20,Standard Class,NB-10214,Nancy Baker,Consumer,United States,Houston,Texas,40511,Central,OFF-AP-0000064,Office Supplies,Appliances,Recycled Microwave,422.1604,2,0.0,101.3166
2662,US-2022-101502,2022-05-15,2022-05-17,First Class,RR-10018,Robert Rivera,Home Office,United States,Los Angeles,California,94312,West,FUR-CH-0000017,Furniture,Chairs,Advanced Office Chair,1741.5917,4,0.0,344.8142
7681,US-2024-104408,2024-07-12,2024-07-14,First Class,QC-10590,Quinn Cooper,Consumer,United States,Houston,Texas,74750,Central,OFF-PA-0000137,Office Supplies,Paper,Compact Copy Paper,98.2515,3,0.1,28.3797
5430,US-2023-103088,2023-08-17,2023-08-17,Same Day,MM-10564,Maria Murphy,Corporate,United States,Chicago,Illinois,36300,Central,OFF-BI-0000083,Office Supplies,Binders,Premium Clip Binder,216.0254,6,0.5,-37.2288
9081,US-2024-105168,2024-12-27,2024-12-30,Second Class,JW-10435,Jason Wright,Corporate,United States,New York City,New York,41996,East,TEC-PH-0000204,Technology,Phones,Executive Smartphone,562.8519,4,0.3,9.1893
6921,US-2024-103947,2024-03-04,2024-03-09,Standard Class,IG-10468,Irene Green,Consumer,United States,Miami,Florida,86090,South,FUR-TA-0000048,Furniture,Tables,Heavy-Duty Folding Table,312.6152,1,0.3,-73.6173
6750,US-2024-103844,2024-01-22,2024-01-23,Same Day,JB-10183,Jane Brooks,Corporate,United States,Detroit,Michigan,90373,Central,FUR-BO-0000009,Furniture,Bookcases,Advanced Wall Shelf,867.2442,6,0.3,-98.4302
7306,US-2024-104180,2024-05-07,2024-05-11,Standard Class,MS-10336,Michael Sanders,Corporate,United States,Detroit,Michigan,78246,Central,TEC-MA-0000196,Technology,Machines,Standard Scanner,449.9017,1,0.3,-89.9623
8123,US-2024-104649,2024-09-15,2024-09-20,Standard Class,EG-10537,Elena Garcia,Consumer,United States,Houston,Texas,65310,Central,OFF-EN-0000104,Office Supplies,Envelopes,Deluxe Security Envelope,90.3553,3,0.0,30.3277
7784,US-2024-104465,2024-07-25,2024-07-25,Same Day,DM-10287,David Morgan,Home Office,United States,Minneapolis,Minnesota,83968,Central,TEC-AC-0000170,Technology,Accessories,Advanced Webcam,112.3286,1,0.0,19.9386
7136,US-2024-104076,2024-04-10,2024-04-17,Standard Class,CC-10544,Chris Chen,Consumer,United States,Charlotte,North Carolina,86867,South,OFF-SU-0000153,Office Supplies,Supplies,Recycled Tape Dispenser,243.841,3,0.0,1.2645
4686,US-2023-102669,2023-04-10,2023-04-17,Standard Class,LL-10211,Linda Lee,Corporate,United States,Los Angeles,California,69662,West,TEC-PH-0000212,Technology,Phones,Recycled Conference Phone,741.1006,4,0.0,92.3922
7362,US-2024-104215,2024-05-17,2024-05-20,Second Class,PP-10730,Patrick Parker,Consumer,United States,Boston,Massachusetts,86565,East,TEC-CO-0000179,Technology,Copiers,Classic Desktop Copier,1813.785,2,0.2,285.8549
5757,US-2023-103283,2023-09-29,2023-10-06,Standard Class,XR-10306,Xavier Reed,Consumer,United States,Miami,Florida,22896,South,OFF-FA-0000112,Office Supplies,Fasteners,Compact Staple Pack,28.2323,3,0.0,8.0386
151,US-2021-100085,2021-02-10,2021-02-14,Standard Class,AG-10251,Alice Green,Home Office,United States,Richmond,Virginia,83732,South,TEC-PH-0000204,Technology,Phones,Executive Smartphone,699.3501,4,0.0,159.0991
4456,US-2023-102536,2023-03-04,2023-03-11,Standard Class,XT-10698,Xavier Turner,Consumer,United States,Minneapolis,Minnesota,53942,Central,OFF-SU-0000158,Office Supplies,Supplies,Classic Tape Dispenser,224.5145,3,0.0,29.1893
1750,US-2021-100978,2021-11-28,2021-12-05,Standard Class,AH-10065,Amy Harris,Corporate,United States,Atlanta,Georgia,54721,South,OFF-AP-0000056,Office Supplies,Appliances,Heavy-Duty Air Purifier,102.9314,1,0.2,-0.9614
3510,US-2022-102002,2022-10-10,2022-10-13,First Class,EC-10613,Edward Campbell,Home Office,United States,San Francisco,California,20300,West,TEC-PH-0000212,Technology,Phones,Recycled Conference Phone,395.9104,2,0.0,80.5093
4389,US-2023-102498,2023-02-19,2023-02-25,Standard Class,DR-10736,Diane Russell,Home Office,United States,New York City,New York,58729,East,OFF-ST-0000151,Office Supplies,Storage,Advanced Archive Case,281.4999,3,0.3,-32.6432
1822,US-2021-101015,2021-12-07,2021-12-10,First Class,ZB-10657,Zachary Brooks,Corporate,United States,San Francisco,California,23897,West,OFF-PA-0000137,Office Supplies,Paper,Compact Copy Paper,27.5938,1,0.0,11.5194
4936,US-2023-102806,2023-05-19,2023-05-25,Standard Class,SH-10153,Steven Hayes,Corporate,United States,Miami,Florida,71318,South,TEC-PH-0000212,Technology,Phones,Recycled Conference Phone,181.5823,1,0.0,40.2127
1405,US-2021-100782,2021-10-13,2021-10-20,Standard Class,CW-10097,Carol Ward,Consumer,United States,Seattle,Washington,75355,West,TEC-PH-0000207,Technology,Phones,Executive Desk Phone,353.7225,1,0.0,67.1075
572,US-2021-100326,2021-05-19,2021-05-26,Standard Class,NT-10394,Nancy Turner,Consumer,United States,Philadelphia,Pennsylvania,38945,East,TEC-AC-0000165,Technology,Accessories,Adjustable Mouse,155.8401,1,0.1,28.8132
5908,US-2023-103374,2023-10-20,2023-10-27,Standard Class,QH-10464,Quinn Hughes,Corporate,United States,New York City,New York,37131,East,OFF-FA-0000118,Office Supplies,Fasteners,Heavy-Duty Staple Pack,22.8345,2,0.0,6.0267
1957,US-2021-101101,2021-12-24,2021-12-28,Standard Class,JD-10119,Jason Diaz,Consumer,United States,Boston,Massachusetts,25852,East,OFF-PA-0000133,Office Supplies,Paper,Recycled Notebook,85.3351,2,0.0,32.1461
7313,US-2024-104183,2024-05-07,2024-05-08,Same Day,MF-10469,Marcus Fisher,Consumer,United States,Dallas,Texas,53281,Central,TEC-CO-0000174,Technology,Copiers,Advanced Multifunction Copier,2562.0198,2,0.0,776.4204
1946,US-2021-101093,2021-12-22,2021-12-24,First Class,CB-10195,Carol Baker,Corporate,United States,Columbus,Ohio,41034,East,OFF-AP-0000063,Office Supplies,Appliances,Executive Microwave,102.8924,2,0.4,-19.5245
2228,US-2022-101258,2022-02-13,2022-02-17,Standard Class,JD-10632,Jack Diaz,Corporate,United States,Detroit,Michigan,70952,Central,OFF-BI-0000080,Office Supplies,Binders,Pro View Binder,22.1285,2,0.7,-8.3633
907,US-2021-100500,2021-07-26,2021-07-31,Standard Class,ML-10612,Marcus Lewis,Corporate,United States,Los Angeles,California,50479,West,OFF-AR-0000068,Office Supplies,Art,Recycled Sketch Pad,33.198,1,0.0,9.8906
6832,US-2024-103894,2024-02-09,2024-02-16,Standard Class,JK-10674,Jane Kelly,Corporate,United States,Seattle,Washington,99410,West,FUR-CH-0000020,Furniture,Chairs,Deluxe Stacking Chair,312.8107,1,0.0,49.3034
352,US-2021-100200,2021-04-06,2021-04-12,Standard Class,KB-10703,Kevin Baker,Consumer,United States,Phoenix,Arizona,33472,West,OFF-ST-0000147,Office Supplies,Storage,Standard Storage Bin,622.8412,5,0.0,36.6944
5979,US-2023-103411,2023-10-28,2023-11-04,Standard Class,VC-10326,Vivian Chen,Corporate,United States,Dallas,Texas,97668,Central,OFF-EN-0000101,Office Supplies,Envelopes,Adjustable Security Envelope,140.9566,5,0.0,46.1465
2321,US-2022-101309,2022-03-04,2022-03-09,Standard Class,JM-10391,Julia Martin,Corporate,United States,Phoenix,Arizona,50561,West,TEC-MA-0000196,Technology,Machines,Standard Scanner,3828.3449,6,0.3,-586.0423
1140,US-2021-100635,2021-09-05,2021-09-06,Same Day,CK-10012,Chris Kumar,Corporate,United States,Columbus,Ohio,23007,East,OFF-FA-0000111,Office Supplies,Fasteners,Classic Staple Pack,50.4151,4,0.3,3.9995
2673,US-2022-101509,2022-05-17,2022-05-22,Standard Class,SG-10420,Steven Gray,Corporate,United States,San Francisco,California,52443,West,OFF-PA-0000132,Office Supplies,Paper,Standard Legal Pad,63.0905,5,0.0,24.3651
952,US-2021-100526,2021-08-01,2021-08-07,Standard Class,JS-10446,Jason Stewart,Consumer,United States,Phoenix,Arizona,61686,West,OFF-EN-0000091,Office Supplies,Envelopes,Heavy-Duty Security Envelope,104.1019,3,0.0,26.3277
4661,US-2023-102653,2023-04-05,2023-04-10,Standard Class,BB-10317,Brian Baker,Corporate,United States,Nashville,Tennessee,38725,South,TEC-AC-0000171,Technology,Accessories,Advanced Webcam,124.2643,1,0.0,25.9009
7890,US-2024-104526,2024-08-12,2024-08-15,Second Class,RS-10635,Rachel Stewart,Consumer,United States,Phoenix,Arizona,86461,West,TEC-AC-0000165,Technology,Accessories,Adjustable Mouse,344.7959,5,0.1,9.0504
4396,US-2023-102501,2023-02-21,2023-02-23,First Class,KR-10291,Kevin Russell,Corporate,United States,San Francisco,California,32849,West,TEC-CO-0000177,Technology,Copiers,Recycled Multifunction Copier,2280.5035,2,0.0,675.5195
4742,US-2023-102700,2023-04-17,2023-04-23,Standard Class,HL-10427,Henry Lewis,Home Office,United States,Columbus,Ohio,23407,East,OFF-EN-0000091,Office Supplies,Envelopes,Heavy-Duty Security Envelope,43.575,2,0.0,13.2472
797,US-2021-100448,2021-07-06,2021-07-11,Standard Class,JH-10796,Jane Hughes,Consumer,United States,New York City,New York,60971,East,OFF-PA-0000131,Office Supplies,Paper,Standard Legal Pad,97.3031,3,0.1,31.0258
7229,US-2024-104130,2024-04-24,2024-05-01,Standard Class,AF-10365,Aaron Fisher,Home Office,United States,San Francisco,California,28596,West,OFF-BI-0000090,Office Supplies,Binders,Advanced Ring Binder,96.083,4,0.2,12.9941
5432,US-2023-103089,2023-08-17,2023-08-20,First Class,FM-10454,Frank Murphy,Consumer,United States,Los Angeles,California,30307,West,FUR-CH-0000019,Furniture,Chairs,Wireless Stacking Chair,730.9552,2,0.0,93.4941
7431,US-2024-104261,2024-06-01,2024-06-06,Second Class,EC-10613,Edward Campbell,Home Office,United States,San Francisco,California,20300,West,TEC-PH-0000206,Technology,Phones,Compact Desk Phone,225.4642,2,0.3,-14.2203
1893,US-2021-101060,2021-12-15,2021-12-21,Standard Class,CT-10233,Carol Turner,Consumer,United States,Houston,Texas,16175,Central,FUR-CH-0000012,Furniture,Chairs,Wireless Task Chair,2369.7445,6,0.0,291.6498
2948,US-2022-101672,2022-07-06,2022-07-09,First Class,GM-10230,Grace Mitchell,Home Office,United States,Richmond,Virginia,33185,South,OFF-FA-0000108,Office Supplies,Fasteners,Adjustable Binder Clip Set,78.393,4,0.0,14.3884
5702,US-2023-103253,2023-09-25,2023-09-30,Standard Class,JS-10446,Jason Stewart,Consumer,United States,Phoenix,Arizona,61686,West,TEC-AC-0000168,Technology,Accessories,Wireless Webcam,448.9376,7,0.1,82.8842
17,US-2021-100009,2021-01-05,2021-01-10,Second Class,ZS-10041,Zoe Sanders,Consumer,United States,San Francisco,California,86445,West,TEC-MA-0000196,Technology,Machines,Standard Scanner,462.0561,1,0.3,-79.6661
4316,US-2023-102455,2023-01-27,2023-02-02,Standard Class,BP-10584,Brian Patel,Corporate,United States,Newark,New Jersey,15968,East,OFF-SU-0000154,Office Supplies,Supplies,Deluxe Scissors Set,337.8503,5,0.0,16.5107
5838,US-2023-103336,2023-10-11,2023-10-18,Standard Class,TL-10362,Tina Lee,Consumer,United States,Philadelphia,Pennsylvania,69583,East,FUR-TA-0000048,Furniture,Tables,Heavy-Duty Folding Table,464.8797,2,0.4,-184.4155
4572,US-2023-102603,2023-03-23,2023-03-30,Standard Class,RL-10699,Robert Lewis,Consumer,United States,Columbus,Ohio,52905,East,OFF-AP-0000065,Office Supplies,Appliances,Recycled Microwave,614.0144,6,0.2,27.2868
4965,US-2023-102823,2023-05-25,2023-05-28,First Class,ZP-10574,Zachary Perry,Home Office,United States,Los Angeles,California,66348,West,TEC-PH-0000205,Technology,Phones,Advanced Smartphone,931.2355,4,0.0,200.4579
841,US-2021-100468,2021-07-13,2021-07-18,Standard Class,MH-10496,Maria Harris,Corporate,United States,San Francisco,California,70649,West,TEC-PH-0000199,Technology,Phones,Premium Desk Phone,222.2946,1,0.0,19.4598
8063,US-2024-104615,2024-09-06,2024-09-10,Standard Class,RR-10207,Robert Russell,Consumer,United States,Chicago,Illinois,87116,Central,FUR-TA-0000050,Furniture,Tables,Adjustable Training Table,341.4973,1,0.2,-74.1027
7844,US-2024-104498,2024-08-06,2024-08-13,Standard Class,CH-10156,Carol Harris,Corporate,United States,Houston,Texas,43438,Central,OFF-AR-0000077,Office Supplies,Art,Classic Marker Pack,74.9784,2,0.2,3.4407
4068,US-2022-102311,2022-12-15,2022-12-17,First Class,OP-10131,Olivia Parker,Consumer,United States,Columbus,Ohio,65683,East,OFF-ST-0000152,Office Supplies,Storage,Executive Storage Bin,461.5725,3,0.0,4.5231
8107,US-2024-104640,2024-09-12,2024-09-18,Standard Class,PT-10172,Patrick Turner,Corporate,United States,Phoenix,Arizona,61194,West,TEC-AC-0000169,Technology,Accessories,Pro Keyboard,115.4421,1,0.1,10.8677
7127,US-2024-104068,2024-04-08,2024-04-11,First Class,YT-10765,Yolanda Turner,Consumer,United States,Detroit,Michigan,94232,Central,OFF-EN-0000101,Office Supplies,Envelopes,Adjustable Security Envelope,150.5168,7,0.1,36.5973
4251,US-2023-102417,2023-01-12,2023-01-17,Second Class,CB-10195,Carol Baker,Corporate,United States,Columbus,Ohio,41034,East,OFF-SU-0000155,Office Supplies,Supplies,Adjustable Scissors Set,67.1612,2,0.2,-5.5159
5554,US-2023-103157,2023-09-04,2023-09-07,Second Class,QS-10110,Quinn Scott,Home Office,United States,Richmond,Virginia,47499,South,TEC-MA-0000194,Technology,Machines,Premium Laser Printer,1324.0357,1,0.0,43.1204
5190,US-2023-102952,2023-07-03,2023-07-10,Standard Class,RR-10514,Robert Reed,Consumer,United States,Seattle,Washington,84612,West,FUR-CH-0000015,Furniture,Chairs,Classic Office Chair,570.561,2,0.0,80.1868
964,US-2021-100532,2021-08-03,2021-08-05,First Class,AP-10360,Anna Perry,Consumer,United States,Phoenix,Arizona,88874,West,TEC-MA-0000196,Technology,Machines,Standard Scanner,4251.2208,6,0.0,18.4547
1523,US-2021-100848,2021-11-02,2021-11-05,First Class,WB-10322,Walter Baker,Corporate,United States,Phoenix,Arizona,13484,West,OFF-FA-0000110,Office Supplies,Fasteners,Deluxe Binder Clip Set,27.2888,2,0.0,8.2006
9034,US-2024-105140,2024-12-24,2024-12-31,Standard Class,MW-10250,Michael Watson,Corporate,United States,Newark,New Jersey,70065,East,FUR-TA-0000043,Furniture,Tables,Adjustable Folding Table,589.4095,2,0.3,-148.518
7161,US-2024-104089,2024-04-14,2024-04-17,First Class,AB-10702,Amy Brooks,Corporate,United States,Nashville,Tennessee,48321,South,OFF-ST-0000147,Office Supplies,Storage,Standard Storage Bin,385.7014,3,0.2,-8.9231
5631,US-2023-103206,2023-09-14,2023-09-20,Standard Class,AW-10723,Aaron Wright,Consumer,United States,Houston,Texas,15866,Central,OFF-EN-0000095,Office Supplies,Envelopes,Classic Security Envelope,17.9583,1,0.0,5.0862
8949,US-2024-105093,2024-12-13,2024-12-17,Standard Class,LS-10566,Linda Sanders,Corporate,United States,Detroit,Michigan,88969,Central,OFF-LA-0000119,Office Supplies,Labels,Wireless File Folder Label,43.7733,2,0.0,18.6999
1826,US-2021-101017,2021-12-08,2021-12-13,Standard Class,WB-10580,Walter Brooks,Consumer,United States,Miami,Florida,27270,South,TEC-MA-0000196,Technology,Machines,Standard Scanner,3701.0637,6,0.2,-564.9804
3248,US-2022-101850,2022-08-31,2022-09-05,Second Class,AC-10641,Amy Chen,Home Office,United States,New York City,New York,45049,East,TEC-MA-0000191,Technology,Machines,Recycled Laser Printer,3997.8646,4,0.0,242.787
6149,US-2023-103513,2023-11-16,2023-11-22,Standard Class,OH-10397,Olivia Harris,Consumer,United States,Columbus,Ohio,13013,East,TEC-MA-0000195,Technology,Machines,Classic Label Printer,1164.8315,3,0.4,-392.1846
6170,US-2023-103524,2023-11-17,2023-11-24,Standard Class,GM-10230,Grace Mitchell,Home Office,United States,Richmond,Virginia,33185,South,OFF-PA-0000138,Office Supplies,Paper,Adjustable Copy Paper,160.4372,4,0.0,57.8827
7270,US-2024-104157,2024-05-01,2024-05-06,Second Class,JD-10632,Jack Diaz,Corporate,United States,Detroit,Michigan,70952,Central,TEC-MA-0000194,Technology,Machines,Premium Laser Printer,2603.1399,3,0.0,244.1425
3471,US-2022-101979,2022-10-03,2022-10-06,First Class,IC-10025,Irene Clark,Consumer,United States,Atlanta,Georgia,37929,South,TEC-AC-0000171,Technology,Accessories,Advanced Webcam,140.9269,2,0.0,28.3674
645,US-2021-100364,2021-06-04,2021-06-05,Same Day,JH-10290,Jane Harris,Consumer,United States,Chicago,Illinois,52681,Central,FUR-FU-0000027,Furniture,Furnishings,Wireless Wall Clock,41.2429,1,0.2,6.3691
300,US-2021-100171,2021-03-24,2021-03-27,First Class,KC-10191,Karen Campbell,Corporate,United States,Minneapolis,Minnesota,40575,Central,OFF-EN-0000094,Office Supplies,Envelopes,Wireless Catalog Envelope,40.1478,2,0.2,5.184
3738,US-2022-102132,2022-11-10,2022-11-17,Standard Class,BF-10570,Brian Foster,Corporate,United States,Detroit,Michigan,81928,Central,FUR-TA-0000051,Furniture,Tables,Heavy-Duty Training Table,585.4888,4,0.7,-422.2209
2708,US-2022-101526,2022-05-23,2022-05-30,Standard Class,WS-10237,Walter Scott,Consumer,United States,Newark,New Jersey,63222,East,OFF-AP-0000056,Office Supplies,Appliances,Heavy-Duty Air Purifier,276.4052,2,0.2,7.0837
5014,US-2023-102848,2023-06-03,2023-06-08,Second Class,XM-10116,Xavier Morgan,Corporate,United States,Columbus,Ohio,33416,East,TEC-MA-0000194,Technology,Machines,Premium Laser Printer,1223.9114,1,0.0,191.5092
3282,US-2022-101871,2022-09-06,2022-09-06,Same Day,JD-10632,Jack Diaz,Corporate,United States,Detroit,Michigan,70952,Central,FUR-FU-0000033,Furniture,Furnishings,Pro Desk Lamp,271.9575,7,0.0,70.5203
4354,US-2023-102479,2023-02-08,2023-02-14,Standard Class,YC-10315,Yolanda Carter,Consumer,United States,Chicago,Illinois,13024,Central,OFF-ST-0000150,Office Supplies,Storage,Premium Archive Case,158.52,1,0.2,0.3772
4503,US-2023-102566,2023-03-14,2023-03-18,Second Class,ZP-10356,Zoe Patel,Home Office,United States,Los Angeles,California,23778,West,OFF-ST-0000150,Office Supplies,Storage,Premium Archive Case,135.2171,1,0.0,22.8249
5897,US-2023-103366,2023-10-19,2023-10-24,Standard Class,SW-10726,Susan Watson,Consumer,United States,Boston,Massachusetts,43564,East,OFF-PA-0000133,Office Supplies,Paper,Recycled Notebook,129.0269,3,0.0,45.3544
8375,US-2024-104793,2024-10-19,2024-10-25,Standard Class,JD-10119,Jason Diaz,Consumer,United States,Boston,Massachusetts,25852,East,FUR-CH-0000018,Furniture,Chairs,Deluxe Task Chair,1830.7304,6,0.1,157.6818
4259,US-2023-102421,2023-01-14,2023-01-17,Second Class,DW-10415,Diane Ward,Consumer,United States,Portland,Oregon,94573,West,TEC-AC-0000170,Technology,Accessories,Advanced Webcam,480.9945,5,0.0,73.9833
3884,US-2022-102211,2022-11-25,2022-11-30,Standard Class,DR-10642,David Russell,Consumer,United States,Portland,Oregon,97929,West,FUR-FU-0000027,Furniture,Furnishings,Wireless Wall Clock,119.6964,3,0.0,30.4123
3837,US-2022-102185,2022-11-22,2022-11-28,Standard Class,KM-10738,Kevin Murphy,Home Office,United States,Phoenix,Arizona,75479,West,TEC-PH-0000209,Technology,Phones,Recycled Desk Phone,1175.5439,4,0.3,-68.4847
8451,US-2024-104835,2024-10-29,2024-11-03,Standard Class,DB-10061,Diane Baker,Corporate,United States,Newark,New Jersey,14382,East,OFF-EN-0000093,Office Supplies,Envelopes,Adjustable Security Envelope,69.4956,2,0.0,23.0138
1899,US-2021-101064,2021-12-15,2021-12-20,Standard Class,ED-10687,Edward Diaz,Home Office,United States,Los Angeles,California,57139,West,OFF-AP-0000065,Office Supplies,Appliances,Recycled Microwave,145.4409,1,0.0,48.7134
2107,US-2022-101188,2022-01-16,2022-01-21,Standard Class,DC-10515,Daniel Cooper,Consumer,United States,Philadelphia,Pennsylvania,93715,East,OFF-AP-0000055,Office Supplies,Appliances,Executive Air Purifier,461.2339,5,0.3,-25.9982
100,US-2021-100055,2021-01-27,2021-01-29,First Class,PE-10624,Paula Evans,Consumer,United States,Richmond,Virginia,13197,South,OFF-AP-0000064,Office Supplies,Appliances,Recycled Microwave,400.9668,2,0.0,86.8189
314,US-2021-100178,2021-03-25,2021-03-27,First Class,PC-10128,Paula Collins,Home Office,United States,Houston,Texas,54692,Central,OFF-BI-0000084,Office Supplies,Binders,Classic Ring Binder,41.7818,2,0.0,15.0674
4870,US-2023-102773,2023-05-08,2023-05-11,First Class,VL-10461,Vivian Lee,Consumer,United States,Charlotte,North Carolina,48522,South,TEC-PH-0000210,Technology,Phones,Standard Desk Phone,216.5742,1,0.1,30.8702
3225,US-2022-101835,2022-08-26,2022-08-26,Same Day,NA-10309,Nathan Adams,Corporate,United States,Los Angeles,California,39753,West,FUR-CH-0000010,Furniture,Chairs,Recycled Stacking Chair,341.9069,2,0.3,-12.0178
2681,US-2022-101513,2022-05-18,2022-05-25,Standard Class,MF-10442,Maria Foster,Consumer,United States,Seattle,Washington,59438,West,TEC-MA-0000196,Technology,Machines,Standard Scanner,343.3898,1,0.4,-80.9328
3301,US-2022-101880,2022-09-07,2022-09-08,Same Day,SJ-10300,Susan Jenkins,Consumer,United States,Portland,Oregon,27370,West,FUR-CH-0000018,Furniture,Chairs,Deluxe Task Chair,1246.2926,5,0.3,-99.6459
1139,US-2021-100634,2021-09-05,2021-09-12,Standard Class,KC-10191,Karen Campbell,Corporate,United States,Minneapolis,Minnesota,40575,Central,OFF-EN-0000102,Office Supplies,Envelopes,Executive Catalog Envelope,111.1809,5,0.0,35.5379
8032,US-2024-104599,2024-09-02,2024-09-06,Standard Class,VC-10326,Vivian Chen,Corporate,United States,Dallas,Texas,97668,Central,FUR-BO-0000002,Furniture,Bookcases,Advanced Storage Cabinet,706.1342,2,0.0,13.9994
665,US-2021-100377,2021-06-08,2021-06-11,Second Class,BB-10317,Brian Baker,Corporate,United States,Nashville,Tennessee,38725,South,TEC-MA-0000196,Technology,Machines,Standard Scanner,1164.1009,6,0.7,-760.6042
7051,US-2024-104020,2024-03-27,2024-04-02,Standard Class,DR-10642,David Russell,Consumer,United States,Portland,Oregon,97929,West,TEC-PH-0000203,Technology,Phones,Compact Smartphone,1080.7265,6,0.1,107.7107
8251,US-2024-104726,2024-10-02,2024-10-06,Second Class,DW-10380,David Wright,Consumer,United States,Charlotte,North Carolina,19540,South,TEC-MA-0000191,Technology,Machines,Recycled Laser Printer,721.656,1,0.2,-59.7193
3486,US-2022-101988,2022-10-05,2022-10-12,Standard Class,NE-10340,Nathan Edwards,Consumer,United States,Newark,New Jersey,23899,East,OFF-PA-0000136,Office Supplies,Paper,Wireless Legal Pad,101.3101,2,0.0,33.2555
2743,US-2022-101543,2022-05-28,2022-06-01,Standard Class,ZC-10177,Zachary Collins,Corporate,United States,Houston,Texas,39361,Central,TEC-MA-0000197,Technology,Machines,Recycled Scanner,1383.0663,2,0.5,-538.6625
3879,US-2022-102207,2022-11-25,2022-12-01,Standard Class,OC-10527,Olivia Collins,Home Office,United States,Seattle,Washington,23102,West,FUR-TA-0000047,Furniture,Tables,Pro Training Table,2661.936,5,0.2,-304.5506
6661,US-2024-103797,2024-01-04,2024-01-08,Standard Class,FG-10516,Frank Gray,Consumer,United States,Houston,Texas,13675,Central,TEC-MA-0000195,Technology,Machines,Classic Label Printer,2674.1548,2,0.0,114.8513
7100,US-2024-104052,2024-04-04,2024-04-09,Standard Class,JK-10674,Jane Kelly,Corporate,United States,Seattle,Washington,99410,West,OFF-AP-0000056,Office Supplies,Appliances,Heavy-Duty Air Purifier,241.9684,2,0.0,47.8979
1423,US-2021-100793,2021-10-18,2021-10-23,Standard Class,RB-10350,Rachel Baker,Consumer,United States,Detroit,Michigan,25881,Central,TEC-MA-0000186,Technology,Machines,Executive Label Printer,516.0944,2,0.5,-213.9347
4464,US-2023-102540,2023-03-06,2023-03-08,First Class,HD-10379,Henry Diaz,Corporate,United States,Phoenix,Arizona,88816,West,OFF-FA-0000110,Office Supplies,Fasteners,Deluxe Binder Clip Set,14.2103,1,0.0,4.6909
6567,US-2023-103749,2023-12-27,2024-01-02,Standard Class,RS-10155,Robert Scott,Consumer,United States,Portland,Oregon,10387,West,FUR-FU-0000039,Furniture,Furnishings,Adjustable Desk Lamp,199.4554,3,0.2,24.1074
5403,US-2023-103073,2023-08-11,2023-08-17,Standard Class,PB-10489,Paula Baker,Corporate,United States,Detroit,Michigan,84291,Central,FUR-TA-0000047,Furniture,Tables,Pro Training Table,2232.6469,3,0.0,-115.6848
